mieć,VERB,9746
móc,VERB,6257
chcieć,VERB,3631
wiedzieć,VERB,2959
musieć,VERB,2511
można,VERB,2091
zrobić,VERB,1896
powiedzieć,VERB,1519
mówić,VERB,1419
znaleźć,VERB,1362
robić,VERB,1345
myśleć,VERB,1338
powinien,VERB,1302
widzieć,VERB,1108
prosić,VERB,1061
należeć,VERB,1018
dać,VERB,987
wyglądać,VERB,920
stać,VERB,894
zobaczyć,VERB,867
chodzić,VERB,764
trzeba,VERB,757
zacząć,VERB,745
wykonać,VERB,728
potrzebować,VERB,709
warto,VERB,703
wybrać,VERB,702
znać,VERB,695
zapraszać,VERB,676
iść,VERB,646
czuć,VERB,634
prowadzić,VERB,633
pomóc,VERB,604
lubić,VERB,604
sprawdzić,VERB,590
pamiętać,VERB,583
czekać,VERB,567
szukać,VERB,543
pracować,VERB,538
istnieć,VERB,535
przygotować,VERB,503
znajdować,VERB,500
zmienić,VERB,478
używać,VERB,475
wrócić,VERB,467
żyć,VERB,466
pójść,VERB,465
wziąć,VERB,464
dziękować,VERB,458
wydawać,VERB,458
przyjść,VERB,457
dostać,VERB,455
dawać,VERB,448
wyjść,VERB,445
uważać,VERB,433
pisać,VERB,428
kochać,VERB,410
brać,VERB,407
kupić,VERB,397
udać,VERB,396
pozwolić,VERB,386
korzystać,VERB,385
potrafić,VERB,384
zabić,VERB,378
napisać,VERB,377
czytać,VERB,376
próbować,VERB,376
tworzyć,VERB,368
wykonywać,VERB,361
dowiedzieć,VERB,357
zaczynać,VERB,347
słyszeć,VERB,345
trzymać,VERB,345
dodać,VERB,344
użyć,VERB,341
jeść,VERB,339
otrzymać,VERB,334
poznać,VERB,330
rozumieć,VERB,317
cieszyć,VERB,315
wykorzystać,VERB,315
zapewniać,VERB,310
pomagać,VERB,306
zabrać,VERB,305
stworzyć,VERB,299
trwać,VERB,298
oferować,VERB,297
pozwalać,VERB,292
znaczyć,VERB,292
oznaczać,VERB,290
wystarczyć,VERB,290
uzyskać,VERB,290
wierzyć,VERB,290
polecać,VERB,289
pojawić,VERB,288
zależeć,VERB,286
uczyć,VERB,286
dziać,VERB,285
skończyć,VERB,284
sądzić,VERB,277
rozmawiać,VERB,276
zostawić,VERB,275
podobać,VERB,275
spotkać,VERB,273
zająć,VERB,273
bać,VERB,272
liczyć,VERB,272
otworzyć,VERB,272
zajmować,VERB,272
zapomnieć,VERB,270
starać,VERB,268
zmieniać,VERB,268
słuchać,VERB,265
nauczyć,VERB,263
wracać,VERB,262
spróbować,VERB,253
stracić,VERB,251
przeczytać,VERB,250
pokazać,VERB,249
przejść,VERB,246
wejść,VERB,245
widać,VERB,242
rozpocząć,VERB,240
przepraszać,VERB,235
skorzystać,VERB,235
osiągnąć,VERB,233
patrzeć,VERB,228
zrozumieć,VERB,227
okazać,VERB,226
stanowić,VERB,226
składać,VERB,220
siedzieć,VERB,219
wybierać,VERB,215
wykorzystywać,VERB,211
pomyśleć,VERB,209
zastanawiać,VERB,209
nosić,VERB,208
przestać,VERB,207
zatrzymać,VERB,205
wychodzić,VERB,204
walczyć,VERB,203
kupować,VERB,200
połączyć,VERB,200
stawać,VERB,197
służyć,VERB,197
życzyć,VERB,197
zwrócić,VERB,194
zdobyć,VERB,193
zachęcać,VERB,191
chronić,VERB,190
pojawiać,VERB,190
trafić,VERB,188
dojść,VERB,183
jechać,VERB,182
nadawać,VERB,182
pytać,VERB,181
zadzwonić,VERB,181
dbać,VERB,180
sprawiać,VERB,180
planować,VERB,179
założyć,VERB,179
przynieść,VERB,179
dodawać,VERB,176
mieszkać,VERB,176
podjąć,VERB,176
sprawdzać,VERB,176
zachować,VERB,176
zauważyć,VERB,173
brakować,VERB,172
martwić,VERB,170
oto,VERB,170
prezentować,VERB,170
spojrzeć,VERB,169
pozostawać,VERB,169
odejść,VERB,167
poczuć,VERB,167
pasować,VERB,167
zdecydować,VERB,165
zgłosić,VERB,164
przyjmować,VERB,162
przychodzić,VERB,161
spędzić,VERB,161
bawić,VERB,161
porozmawiać,VERB,160
wchodzić,VERB,160
uwielbiać,VERB,159
wysłać,VERB,158
powodować,VERB,158
sprawić,VERB,158
umieć,VERB,158
odpowiadać,VERB,157
zniszczyć,VERB,157
przeprowadzić,VERB,157
płacić,VERB,156
wygrać,VERB,155
przeżyć,VERB,153
odpowiedzieć,VERB,153
przedstawić,VERB,153
pozostać,VERB,152
wiadomo,VERB,152
wypełnić,VERB,150
spodziewać,VERB,149
kończyć,VERB,148
powstać,VERB,146
usłyszeć,VERB,146
traktować,VERB,145
czynić,VERB,145
łączyć,VERB,144
zapłacić,VERB,144
podzielić,VERB,143
zamierzać,VERB,143
uwierzyć,VERB,141
budować,VERB,140
dołączyć,VERB,140
umrzeć,VERB,140
dotrzeć,VERB,139
zorganizować,VERB,139
gwarantować,VERB,138
odbywać,VERB,138
zachowywać,VERB,137
podejmować,VERB,136
przedstawiać,VERB,136
decydować,VERB,136
pokazywać,VERB,135
wydać,VERB,135
witać,VERB,135
zadbać,VERB,135
opisać,VERB,134
postanowić,VERB,134
gratulować,VERB,133
udawać,VERB,133
poprosić,VERB,132
przypominać,VERB,131
zdawać,VERB,131
poradzić,VERB,131
odbyć,VERB,130
wspierać,VERB,130
postawić,VERB,128
pragnąć,VERB,128
przekonać,VERB,127
uznać,VERB,127
zwracać,VERB,126
różnić,VERB,125
załatwić,VERB,125
złapać,VERB,125
poprawić,VERB,125
przygotowywać,VERB,124
zjeść,VERB,124
tracić,VERB,124
interesować,VERB,123
wynikać,VERB,123
umożliwiać,VERB,122
gotować,VERB,121
radzić,VERB,121
pojechać,VERB,121
brzmieć,VERB,120
zniknąć,VERB,120
spełnić,VERB,120
stawiać,VERB,120
umieścić,VERB,120
leżeć,VERB,119
spełniać,VERB,119
kliknąć,VERB,119
potwierdzić,VERB,119
zginąć,VERB,119
przechowywać,VERB,118
skontaktować,VERB,118
sprzedać,VERB,118
przekazać,VERB,117
zdarzać,VERB,117
zgadzać,VERB,117
położyć,VERB,117
badać,VERB,116
odnaleźć,VERB,116
obserwować,VERB,115
pobrać,VERB,115
kosztować,VERB,115
spowodować,VERB,115
obejmować,VERB,114
zbierać,VERB,114
unikać,VERB,114
pochodzić,VERB,112
wyjaśnić,VERB,111
dzwonić,VERB,111
kazać,VERB,110
proponować,VERB,110
wspomnieć,VERB,109
dzielić,VERB,109
jeździć,VERB,109
palić,VERB,109
przyjechać,VERB,108
uciec,VERB,108
wskazywać,VERB,108
woleć,VERB,107
uratować,VERB,107
wolno,VERB,107
świadczyć,VERB,106
zakładać,VERB,106
mieszać,VERB,105
twierdzić,VERB,105
otrzymywać,VERB,104
powstawać,VERB,104
pozbyć,VERB,103
spotykać,VERB,103
uniknąć,VERB,103
bronić,VERB,102
wpaść,VERB,102
posłuchać,VERB,101
odebrać,VERB,101
okazywać,VERB,101
zmniejszyć,VERB,101
przynosić,VERB,100
cierpieć,VERB,100
odkryć,VERB,100
podnieść,VERB,100
podpisać,VERB,100
obawiać,VERB,99
ruszać,VERB,98
odzyskać,VERB,98
wskazać,VERB,98
rozwiązać,VERB,98
spędzać,VERB,97
pozdrawiać,VERB,97
powtarzać,VERB,96
stwierdzić,VERB,96
przetrwać,VERB,94
zamówić,VERB,94
poczekać,VERB,93
dostarczać,VERB,92
wymieszać,VERB,92
wysyłać,VERB,92
ruszyć,VERB,91
postarać,VERB,90
zaskoczyć,VERB,90
dostawać,VERB,89
przydać,VERB,88
utrzymywać,VERB,88
spodobać,VERB,88
zabierać,VERB,88
dokonywać,VERB,88
opowiedzieć,VERB,88
opuścić,VERB,88
uciekać,VERB,88
współpracować,VERB,88
zapobiegać,VERB,87
patrzyć,VERB,87
nastąpić,VERB,86
zapominać,VERB,86
panować,VERB,86
umierać,VERB,85
doprowadzić,VERB,85
dostarczyć,VERB,85
gadać,VERB,84
włączyć,VERB,84
zwiększać,VERB,84
naprawić,VERB,83
oceniać,VERB,83
popełnić,VERB,83
wymyślić,VERB,83
zgodzić,VERB,83
powstrzymać,VERB,83
uczestniczyć,VERB,83
marzyć,VERB,82
zabraknąć,VERB,82
obchodzić,VERB,81
obiecać,VERB,81
towarzyszyć,VERB,81
śmiać,VERB,81
boleć,VERB,80
opowiadać,VERB,80
powieść,VERB,80
zasługiwać,VERB,80
zrealizować,VERB,80
biegać,VERB,79
przeszkadzać,VERB,78
udzielać,VERB,78
dochodzić,VERB,78
poprawiać,VERB,78
udzielić,VERB,78
ukrywać,VERB,77
zabezpieczyć,VERB,77
zarejestrować,VERB,77
przestrzegać,VERB,76
ufać,VERB,76
śpiewać,VERB,76
żałować,VERB,76
wprowadzać,VERB,76
rozpoznać,VERB,74
przybyć,VERB,74
stanąć,VERB,74
zagrać,VERB,74
złamać,VERB,74
określać,VERB,73
zamykać,VERB,73
budzić,VERB,73
obiecywać,VERB,73
podlegać,VERB,73
zadać,VERB,73
nadejść,VERB,73
nienawidzić,VERB,73
potwierdzać,VERB,73
poznawać,VERB,73
wpisać,VERB,73
zwolnić,VERB,73
reagować,VERB,72
rozpoczynać,VERB,72
uderzyć,VERB,72
zadawać,VERB,72
poddać,VERB,72
grozić,VERB,71
lecieć,VERB,71
minąć,VERB,71
upewnić,VERB,71
zaprojektować,VERB,71
zostawiać,VERB,71
odwiedzać,VERB,70
podnosić,VERB,70
ułatwiać,VERB,70
zatrudnić,VERB,69
odbierać,VERB,69
przypomnieć,VERB,69
usiąść,VERB,69
kontynuować,VERB,68
przeprowadzać,VERB,68
ulec,VERB,68
cenić,VERB,68
mylić,VERB,68
podróżować,VERB,68
umyć,VERB,68
pokonać,VERB,67
zaufać,VERB,67
charakteryzować,VERB,67
zyskać,VERB,66
śledzić,VERB,66
nazwać,VERB,65
wieść,VERB,65
wspominać,VERB,65
płynąć,VERB,65
dotknąć,VERB,64
przyjrzeć,VERB,64
odwiedzić,VERB,64
podłączyć,VERB,64
smakować,VERB,64
wyobrazić,VERB,64
kręcić,VERB,63
układać,VERB,63
urządzić,VERB,63
wynająć,VERB,63
zdarzyć,VERB,63
przenosić,VERB,63
spaść,VERB,63
zejść,VERB,63
pozostawić,VERB,62
urodzić,VERB,62
powrócić,VERB,62
umówić,VERB,62
zrezygnować,VERB,62
poinformować,VERB,61
rozwinąć,VERB,61
wywołać,VERB,61
doczekać,VERB,61
obudzić,VERB,61
ogłosić,VERB,61
wyrzucić,VERB,61
zakochać,VERB,61
głosować,VERB,60
oszczędzać,VERB,60
regulować,VERB,60
wypadać,VERB,60
zawieść,VERB,60
opierać,VERB,60
odwołać,VERB,59
przejmować,VERB,59
rzucać,VERB,59
ćwiczyć,VERB,58
odrzucić,VERB,58
pieprzyć,VERB,58
przyznawać,VERB,58
szanować,VERB,58
odczuwać,VERB,58
opłacać,VERB,58
skupić,VERB,58
zamienić,VERB,58
dysponować,VERB,58
postępować,VERB,58
zemrzeć,VERB,58
spożywać,VERB,57
pogadać,VERB,57
ułatwić,VERB,57
narzekać,VERB,56
oddawać,VERB,56
ponosić,VERB,56
wypić,VERB,56
wyrażać,VERB,56
nadchodzić,VERB,56
nieść,VERB,56
oddychać,VERB,55
podejść,VERB,55
wyjechać,VERB,55
zmniejszać,VERB,55
pełnić,VERB,55
wydarzyć,VERB,55
wyróżniać,VERB,54
zechcieć,VERB,54
padać,VERB,54
porównać,VERB,54
zarobić,VERB,54
zdać,VERB,54
zdążyć,VERB,54
dotykać,VERB,53
kryć,VERB,53
aresztować,VERB,53
ograniczać,VERB,53
pływać,VERB,53
polecić,VERB,53
uczynić,VERB,53
wezwać,VERB,53
wypróbować,VERB,53
niszczyć,VERB,52
ocenić,VERB,52
odkrywać,VERB,52
wspomagać,VERB,52
znieść,VERB,52
wstać,VERB,52
zachwycić,VERB,52
zapamiętać,VERB,52
biec,VERB,51
uprawiać,VERB,51
wykazać,VERB,51
wyobrażać,VERB,51
akceptować,VERB,51
poszukać,VERB,51
przewidywać,VERB,51
tłumaczyć,VERB,51
ubrać,VERB,51
wystawić,VERB,51
zapowiadać,VERB,51
dama,VERB,51
następować,VERB,51
opisywać,VERB,51
pozostawiać,VERB,51
sugerować,VERB,51
odwrócić,VERB,50
podziwiać,VERB,50
przywrócić,VERB,50
płakać,VERB,50
przebiegać,VERB,50
rządzić,VERB,50
zajść,VERB,50
zastanowić,VERB,50
testować,VERB,49
wzmocnić,VERB,49
doceniać,VERB,49
karmić,VERB,49
podchodzić,VERB,49
zaatakować,VERB,49
zaproponować,VERB,49
odchodzić,VERB,48
osiągać,VERB,48
popatrzeć,VERB,48
ulegać,VERB,48
przegrać,VERB,48
tęsknić,VERB,48
ukraść,VERB,48
wyrazić,VERB,48
odnosić,VERB,48
ułożyć,VERB,48
modlić,VERB,47
wyjąć,VERB,47
znikać,VERB,47
odnieść,VERB,47
paść,VERB,47
wrzucić,VERB,47
zdradzić,VERB,47
dążyć,VERB,46
odpocząć,VERB,46
przerwać,VERB,46
ujawnić,VERB,46
wyciągać,VERB,46
zaangażować,VERB,46
dziwić,VERB,46
odmówić,VERB,46
podejrzewać,VERB,46
sięgać,VERB,46
trafiać,VERB,46
zbadać,VERB,46
latać,VERB,45
publikować,VERB,45
schować,VERB,45
odgrywać,VERB,45
maj,VERB,44
spytać,VERB,44
wygrywać,VERB,44
trenować,VERB,44
uzupełniać,VERB,44
wyjeżdżać,VERB,44
ryzykować,VERB,43
wymieniać,VERB,43
pokryć,VERB,43
wpłynąć,VERB,43
wzmacniać,VERB,43
zaakceptować,VERB,43
zainstalować,VERB,43
pilnować,VERB,43
poddawać,VERB,43
sięgnąć,VERB,43
wyjaśniać,VERB,43
nakładać,VERB,42
porwać,VERB,42
tańczyć,VERB,42
atakować,VERB,42
mijać,VERB,42
otaczać,VERB,42
zatrzymywać,VERB,42
zdołać,VERB,42
ciągnąć,VERB,41
nadać,VERB,41
poczytać,VERB,41
świecić,VERB,41
żądać,VERB,41
krzyczeć,VERB,41
podkreślić,VERB,41
podziękować,VERB,41
wisieć,VERB,41
zamontować,VERB,41
analizować,VERB,40
opuszczać,VERB,40
zajrzeć,VERB,40
wnieść,VERB,40
specjalizować,VERB,39
szkolić,VERB,39
przypuszczać,VERB,39
rozpoznawać,VERB,39
toczyć,VERB,39
wpadać,VERB,39
wydostać,VERB,39
znosić,VERB,39
nabrać,VERB,38
porzucić,VERB,38
puścić,VERB,38
uzgodnić,VERB,38
wyeliminować,VERB,38
zadziałać,VERB,38
zapakować,VERB,38
zgubić,VERB,38
dostrzec,VERB,38
skupiać,VERB,38
uspokoić,VERB,38
wytłumaczyć,VERB,38
zachodzić,VERB,38
zamawiać,VERB,38
zarezerwować,VERB,38
przyciągać,VERB,38
zmierzać,VERB,38
zmuszać,VERB,38
żal,VERB,38
nałożyć,VERB,37
pachnieć,VERB,37
podążać,VERB,37
poruszyć,VERB,37
tkwić,VERB,37
wzrastać,VERB,37
zapobiec,VERB,37
dopuścić,VERB,36
obsługiwać,VERB,36
uznawać,VERB,36
czerpać,VERB,35
preferować,VERB,35
ściągnąć,VERB,35
wstawić,VERB,35
potraktować,VERB,35
przeżywać,VERB,35
zmierzyć,VERB,35
ocalić,VERB,35
rezygnować,VERB,35
szykować,VERB,35
wątpić,VERB,35
wyrwać,VERB,35
wysłuchać,VERB,35
zainwestować,VERB,35
zaszkodzić,VERB,35
dobierać,VERB,34
gromadzić,VERB,34
pogodzić,VERB,34
posługiwać,VERB,34
wyrzucać,VERB,34
zasnąć,VERB,34
komentować,VERB,34
przekroczyć,VERB,34
zaczekać,VERB,34
zamieszkać,VERB,34
zastrzegać,VERB,34
dostrzegać,VERB,33
podkreślać,VERB,33
wystawiać,VERB,33
zranić,VERB,33
docenić,VERB,33
milczeć,VERB,33
nawiązać,VERB,33
poświęcać,VERB,33
wypaść,VERB,33
łapać,VERB,33
przejrzeć,VERB,33
przekraczać,VERB,33
przysługiwać,VERB,33
starzeć,VERB,33
zaliczyć,VERB,33
zdjąć,VERB,33
marnować,VERB,32
mierzyć,VERB,32
nudzić,VERB,32
pomylić,VERB,32
przestawać,VERB,32
wykazywać,VERB,32
wynosić,VERB,32
zaoszczędzić,VERB,32
chować,VERB,32
komunikować,VERB,32
odezwać,VERB,32
rysować,VERB,32
skakać,VERB,32
wypożyczyć,VERB,32
wypuścić,VERB,32
cofnąć,VERB,31
oszukiwać,VERB,31
strzelić,VERB,31
szkodzić,VERB,31
wkładać,VERB,31
wrzucać,VERB,31
zastrzelić,VERB,31
błagać,VERB,31
przyjeżdżać,VERB,31
uśmiechać,VERB,31
zablokować,VERB,31
zaglądać,VERB,31
cechować,VERB,30
montować,VERB,30
pochwalić,VERB,30
przyzwyczaić,VERB,30
wyczyścić,VERB,30
dokończyć,VERB,30
przyprowadzić,VERB,30
upaść,VERB,30
wydrukować,VERB,30
przegapić,VERB,30
sprawować,VERB,30
ustawiać,VERB,30
włączać,VERB,30
wylądować,VERB,30
wynieść,VERB,30
zwariować,VERB,30
cieć,VERB,29
fotografować,VERB,29
łagodzić,VERB,29
mieścić,VERB,29
napić,VERB,29
posypać,VERB,29
przekładać,VERB,29
przyglądać,VERB,29
rozważyć,VERB,29
ugotować,VERB,29
wychowywać,VERB,29
zachorować,VERB,29
zepsuć,VERB,29
pożyczyć,VERB,29
stwarzać,VERB,29
wstawać,VERB,29
wstydzić,VERB,29
zatrudniać,VERB,29
chorować,VERB,28
mina,VERB,28
obniżać,VERB,28
odpuścić,VERB,28
polować,VERB,28
przedłużyć,VERB,28
angażować,VERB,28
całować,VERB,28
dominować,VERB,28
kroić,VERB,28
opłacić,VERB,28
potrwać,VERB,28
powierzyć,VERB,28
wypowiedzieć,VERB,28
zdenerwować,VERB,28
kłaść,VERB,28
pokochać,VERB,28
słychać,VERB,28
wyrosnąć,VERB,28
blokować,VERB,27
docierać,VERB,27
nawiązywać,VERB,27
obrać,VERB,27
przyczynić,VERB,27
rozwalić,VERB,27
uświadomić,VERB,27
uzyskiwać,VERB,27
walić,VERB,27
zgromadzić,VERB,27
kłócić,VERB,27
nabierać,VERB,27
rozłożyć,VERB,27
ukazać,VERB,27
doświadczać,VERB,26
dowodzić,VERB,26
pozyskać,VERB,26
wybuchnąć,VERB,26
zagospodarować,VERB,26
zasłużyć,VERB,26
psuć,VERB,26
wyprowadzić,VERB,26
zapinać,VERB,26
zyskiwać,VERB,26
domagać,VERB,25
pobudzać,VERB,25
powracać,VERB,25
pożegnać,VERB,25
wkurzyć,VERB,25
zorientować,VERB,25
ostrzegać,VERB,25
rozpuścić,VERB,25
uśmiechnąć,VERB,25
wstrzymać,VERB,25
wypowiadać,VERB,25
zaobserwować,VERB,25
oderwać,VERB,25
odmawiać,VERB,25
popierać,VERB,25
przepadać,VERB,25
rozejrzeć,VERB,25
ujrzeć,VERB,25
wręczyć,VERB,25
wykluczać,VERB,25
wzrosnąć,VERB,25
zapalić,VERB,25
zbliżyć,VERB,25
anulować,VERB,24
powiadomić,VERB,24
przysłać,VERB,24
skoncentrować,VERB,24
spisać,VERB,24
startować,VERB,24
uderzać,VERB,24
wystarczać,VERB,24
zachęcić,VERB,24
zaopatrzyć,VERB,24
zauważać,VERB,24
dojrzewać,VERB,24
ginąć,VERB,24
nauczać,VERB,24
opiekować,VERB,24
podpisywać,VERB,24
pogorszyć,VERB,24
przyspieszyć,VERB,24
schodzić,VERB,24
wynajmować,VERB,24
wyróżnić,VERB,24
obejść,VERB,23
przemawiać,VERB,23
przerażać,VERB,23
przyczyniać,VERB,23
sprowadzać,VERB,23
uszyć,VERB,23
wnosić,VERB,23
zagwarantować,VERB,23
zdradzać,VERB,23
żartować,VERB,23
dopisać,VERB,23
dostosowywać,VERB,23
generować,VERB,23
pęknąć,VERB,23
pielęgnować,VERB,23
przeprosić,VERB,23
uruchamiać,VERB,23
utrudniać,VERB,23
wsadzić,VERB,23
wzywać,VERB,23
zaliczać,VERB,23
zjawić,VERB,23
zweryfikować,VERB,23
dorastać,VERB,23
eliminować,VERB,23
kontaktować,VERB,23
kwitnąć,VERB,23
podsumowywać,VERB,23
powiększać,VERB,23
przejechać,VERB,23
schudnąć,VERB,23
spakować,VERB,23
spóźnić,VERB,23
ukarać,VERB,23
wchłaniać,VERB,23
wkurzać,VERB,23
wyciąć,VERB,23
znudzić,VERB,23
gonić,VERB,22
pocałować,VERB,22
przekonywać,VERB,22
spoglądać,VERB,22
uzasadnić,VERB,22
włamać,VERB,22
wołać,VERB,22
wykryć,VERB,22
wypłacać,VERB,22
dojechać,VERB,22
doradzić,VERB,22
komponować,VERB,22
odkładać,VERB,22
odpoczywać,VERB,22
odzywać,VERB,22
posłużyć,VERB,22
powiesić,VERB,22
przysięgać,VERB,22
przyspieszać,VERB,22
ukazywać,VERB,22
wyruszyć,VERB,22
zapaść,VERB,22
zatwierdzić,VERB,22
zmęczyć,VERB,22
ignorować,VERB,21
kusić,VERB,21
motywować,VERB,21
ominąć,VERB,21
podtrzymywać,VERB,21
przyłączyć,VERB,21
umawiać,VERB,21
wsiąść,VERB,21
wyczerpać,VERB,21
doprawić,VERB,21
dopuszczać,VERB,21
odtwarzać,VERB,21
poprowadzić,VERB,21
postąpić,VERB,21
przeanalizować,VERB,21
rozliczyć,VERB,21
wyłożyć,VERB,21
zareagować,VERB,21
zawdzięczać,VERB,21
koncentrować,VERB,20
naprawiać,VERB,20
ochronić,VERB,20
poprzeć,VERB,20
uchronić,VERB,20
wyprodukować,VERB,20
zalać,VERB,20
dotrzymać,VERB,20
obrażać,VERB,20
podarować,VERB,20
przywracać,VERB,20
usprawnić,VERB,20
zabawić,VERB,20
zagrażać,VERB,20
zamieniać,VERB,20
zdziwić,VERB,20
zwróć,VERB,20
doradzać,VERB,20
kopać,VERB,20
kopiować,VERB,20
podpowiadać,VERB,20
przebić,VERB,20
rozważać,VERB,20
uczęszczać,VERB,20
ujawniać,VERB,20
wciągnąć,VERB,20
wpisywać,VERB,20
wzbudzać,VERB,20
żywić,VERB,20
oszczędzić,VERB,19
postrzelić,VERB,19
przyciągnąć,VERB,19
puszczać,VERB,19
sprostać,VERB,19
stwierdzać,VERB,19
ucieszyć,VERB,19
zaciągnąć,VERB,19
zanieść,VERB,19
zmarnować,VERB,19
irytować,VERB,19
kraść,VERB,19
namierzyć,VERB,19
objawiać,VERB,19
wyczuć,VERB,19
wyczuwać,VERB,19
zaprowadzić,VERB,19
zaśpiewać,VERB,19
zdefiniować,VERB,19
zdejmować,VERB,19
doznać,VERB,18
miewać,VERB,18
posiekać,VERB,18
przedłużać,VERB,18
przespać,VERB,18
przesuwać,VERB,18
przybywać,VERB,18
przyłożyć,VERB,18
rozdzielić,VERB,18
spóźniać,VERB,18
śnić,VERB,18
ubiegać,VERB,18
umieść,VERB,18
wbić,VERB,18
wyrobić,VERB,18
wyskoczyć,VERB,18
ciekawić,VERB,18
dołożyć,VERB,18
klikać,VERB,18
krążyć,VERB,18
namawiać,VERB,18
naśladować,VERB,18
odzyskiwać,VERB,18
przegrywać,VERB,18
rozkładać,VERB,18
troszczyć,VERB,18
utknąć,VERB,18
zadecydować,VERB,18
zadowolić,VERB,18
dojrzeć,VERB,18
formować,VERB,18
odmienić,VERB,18
pogarszać,VERB,18
policzyć,VERB,18
skonsultować,VERB,18
stymulować,VERB,18
wydzielać,VERB,18
zawołać,VERB,18
zlecić,VERB,18
zmagać,VERB,18
zmieścić,VERB,18
borykać,VERB,17
odzwierciedlać,VERB,17
parkować,VERB,17
płaca,VERB,17
pobawić,VERB,17
pominąć,VERB,17
powitać,VERB,17
reklamować,VERB,17
unieść,VERB,17
ważyć,VERB,17
widywać,VERB,17
wspinać,VERB,17
wylać,VERB,17
wysiąść,VERB,17
zjadać,VERB,17
zmiksować,VERB,17
zrujnować,VERB,17
zwlekać,VERB,17
chwytać,VERB,17
dogadać,VERB,17
eksperymentować,VERB,17
narażać,VERB,17
niepokoić,VERB,17
obronić,VERB,17
obrócić,VERB,17
ogarniać,VERB,17
pobudzić,VERB,17
popatrzyć,VERB,17
posprzątać,VERB,17
skoczyć,VERB,17
wstąpić,VERB,17
wypalić,VERB,17
wypisać,VERB,17
zażywać,VERB,17
zignorować,VERB,17
zmywać,VERB,17
dopasowywać,VERB,16
grillować,VERB,16
instalować,VERB,16
odróżnić,VERB,16
osądzać,VERB,16
pojąć,VERB,16
pokręcić,VERB,16
postanawiać,VERB,16
rozszerzać,VERB,16
sypiać,VERB,16
wahać,VERB,16
wybić,VERB,16
domyślić,VERB,16
nacisnąć,VERB,16
odwracać,VERB,16
ożenić,VERB,16
podgrzewać,VERB,16
przebrać,VERB,16
przesadzić,VERB,16
przestraszyć,VERB,16
przybrać,VERB,16
redukować,VERB,16
rozgrywać,VERB,16
stawić,VERB,16
ucierpieć,VERB,16
upłynąć,VERB,16
wpuścić,VERB,16
wydobyć,VERB,16
wywierać,VERB,16
zarazić,VERB,16
złagodzić,VERB,16
aktywować,VERB,15
nabywać,VERB,15
narysować,VERB,15
oddalić,VERB,15
odnotować,VERB,15
odsunąć,VERB,15
pokonywać,VERB,15
pomijać,VERB,15
pozbywać,VERB,15
przybierać,VERB,15
zainspirować,VERB,15
zakłócać,VERB,15
zapanować,VERB,15
zazdrościć,VERB,15
zdziałać,VERB,15
cofać,VERB,15
dopilnować,VERB,15
dorwać,VERB,15
drżeć,VERB,15
gryźć,VERB,15
manipulować,VERB,15
omijać,VERB,15
podrzucić,VERB,15
pokrywać,VERB,15
przelać,VERB,15
przybliżyć,VERB,15
starczyć,VERB,15
ustać,VERB,15
wyłonić,VERB,15
zanurzyć,VERB,15
zmodyfikować,VERB,15
zrywać,VERB,15
aplikować,VERB,15
gościć,VERB,15
odbudować,VERB,15
odszukać,VERB,15
pociągać,VERB,15
powstrzymywać,VERB,15
przebiec,VERB,15
przydawać,VERB,15
skutkować,VERB,15
straszyć,VERB,15
wkraczać,VERB,15
wysadzić,VERB,15
wyznać,VERB,15
zgadywać,VERB,15
zwalniać,VERB,15
apelować,VERB,14
chwycić,VERB,14
obliczać,VERB,14
odrzucać,VERB,14
pękać,VERB,14
pobiec,VERB,14
pochłonąć,VERB,14
popracować,VERB,14
posłać,VERB,14
przerywać,VERB,14
przesadzać,VERB,14
przypaść,VERB,14
rozglądać,VERB,14
rozmyślać,VERB,14
spoczywać,VERB,14
spuścić,VERB,14
tyczyć,VERB,14
wesprzeć,VERB,14
wkroczyć,VERB,14
wlać,VERB,14
wpłacić,VERB,14
wybaczać,VERB,14
wyskakiwać,VERB,14
wystartować,VERB,14
zaciekawić,VERB,14
zaniepokoić,VERB,14
zapowiedzieć,VERB,14
zastrzec,VERB,14
zaznaczać,VERB,14
zminimalizować,VERB,14
zmyć,VERB,14
dobiec,VERB,14
domyśleć,VERB,14
kwestionować,VERB,14
namówić,VERB,14
odwieść,VERB,14
oskarżać,VERB,14
popsuć,VERB,14
przełamać,VERB,14
przeoczyć,VERB,14
przytrafić,VERB,14
rekomendować,VERB,14
skłonić,VERB,14
ubić,VERB,14
wsypać,VERB,14
wytworzyć,VERB,14
wywalić,VERB,14
wzbudzić,VERB,14
zabrzmieć,VERB,14
zakwalifikować,VERB,14
zastać,VERB,14
zużyć,VERB,14
zwalczyć,VERB,14
zwiększają,VERB,14
bazować,VERB,13
dołączać,VERB,13
dopaść,VERB,13
dowieść,VERB,13
hodować,VERB,13
interpretować,VERB,13
krzywdzić,VERB,13
odjechać,VERB,13
odważyć,VERB,13
potoczyć,VERB,13
przerobić,VERB,13
skarżyć,VERB,13
spisywać,VERB,13
uporać,VERB,13
wtrącać,VERB,13
wydłużać,VERB,13
wzruszać,VERB,13
zaryzykować,VERB,13
zrelaksować,VERB,13
zwyciężyć,VERB,13
naliczać,VERB,13
obciążać,VERB,13
obdarować,VERB,13
obrazić,VERB,13
odróżniać,VERB,13
pędzić,VERB,13
pochłaniać,VERB,13
podpowiedzieć,VERB,13
połknąć,VERB,13
pożyczać,VERB,13
przywiązywać,VERB,13
rozróżniać,VERB,13
uniemożliwiać,VERB,13
usytuować,VERB,13
wędrować,VERB,13
zamrozić,VERB,13
złoże,VERB,13
zużywać,VERB,13
celować,VERB,13
dorosnąć,VERB,13
dręczyć,VERB,13
komplikować,VERB,13
miksować,VERB,13
obwiniać,VERB,13
odstąpić,VERB,13
operować,VERB,13
pomówić,VERB,13
porywać,VERB,13
pozbierać,VERB,13
rozciągać,VERB,13
skasować,VERB,13
skłaniać,VERB,13
strzec,VERB,13
ulepszyć,VERB,13
usprawiedliwić,VERB,13
ustępować,VERB,13
wcisnąć,VERB,13
zagłosować,VERB,13
zaktualizować,VERB,13
załamać,VERB,13
zaprzeczyć,VERB,13
zaprzyjaźnić,VERB,13
zawracać,VERB,13
zredukować,VERB,13
awansować,VERB,12
fascynować,VERB,12
kąpać,VERB,12
kibicować,VERB,12
narobić,VERB,12
nasilać,VERB,12
odbiegać,VERB,12
odblokować,VERB,12
przejawiać,VERB,12
przykryć,VERB,12
przytulać,VERB,12
tolerować,VERB,12
uregulować,VERB,12
wstrząsnąć,VERB,12
wypłacić,VERB,12
wypływać,VERB,12
zabiegać,VERB,12
zagubić,VERB,12
zamieszać,VERB,12
zawieźć,VERB,12
darować,VERB,12
dorzucić,VERB,12
dowiadywać,VERB,12
filmować,VERB,12
filtrować,VERB,12
głosić,VERB,12
identyfikować,VERB,12
jadać,VERB,12
lekceważyć,VERB,12
narzucać,VERB,12
obyć,VERB,12
ogłaszać,VERB,12
opadać,VERB,12
ostrzec,VERB,12
posunąć,VERB,12
poszerzyć,VERB,12
pouczać,VERB,12
poukładać,VERB,12
przewrócić,VERB,12
rozluźnić,VERB,12
rozpadać,VERB,12
rozprzestrzeniać,VERB,12
rozstać,VERB,12
smarować,VERB,12
torturować,VERB,12
uchwycić,VERB,12
wyrządzić,VERB,12
zaistnieć,VERB,12
zapracować,VERB,12
zatańczyć,VERB,12
dobiegać,VERB,11
nalegać,VERB,11
naruszać,VERB,11
odcinać,VERB,11
odpadać,VERB,11
odradzać,VERB,11
odświeżać,VERB,11
okłamać,VERB,11
orientować,VERB,11
przewieźć,VERB,11
przewozić,VERB,11
rozprowadzać,VERB,11
skłamać,VERB,11
udowadniać,VERB,11
uprzedzić,VERB,11
urosnąć,VERB,11
ustanowić,VERB,11
wjechać,VERB,11
wymusić,VERB,11
załadować,VERB,11
zamieszkiwać,VERB,11
zarzucić,VERB,11
zażądać,VERB,11
zgadnąć,VERB,11
czuły,VERB,11
dokładać,VERB,11
dożyć,VERB,11
dusić,VERB,11
edytować,VERB,11
gapić,VERB,11
imponować,VERB,11
kwalifikować,VERB,11
oberwać,VERB,11
odczytywać,VERB,11
popijać,VERB,11
przeszkodzić,VERB,11
przydzielić,VERB,11
ranić,VERB,11
rozmnażać,VERB,11
rozpaść,VERB,11
rywalizować,VERB,11
skrywać,VERB,11
szyć,VERB,11
ściskać,VERB,11
wbijać,VERB,11
wlewać,VERB,11
wygładzać,VERB,11
wylecieć,VERB,11
wystawać,VERB,11
wystrzelić,VERB,11
zakryć,VERB,11
zaszczepić,VERB,11
zawodzić,VERB,11
zawrócić,VERB,11
zmień,VERB,11
zrodzić,VERB,11
adoptować,VERB,10
gasić,VERB,10
gubić,VERB,10
kreować,VERB,10
lać,VERB,10
nakarmić,VERB,10
nasuwać,VERB,10
oddziaływać,VERB,10
odpaść,VERB,10
osuszyć,VERB,10
polać,VERB,10
popłynąć,VERB,10
przebierać,VERB,10
przeciąć,VERB,10
przemówić,VERB,10
przystać,VERB,10
skracać,VERB,10
spowolnić,VERB,10
ukształtować,VERB,10
usmażyć,VERB,10
ustabilizować,VERB,10
wieźć,VERB,10
winić,VERB,10
wyciszyć,VERB,10
wygłosić,VERB,10
wykraczać,VERB,10
wymyślać,VERB,10
wypocząć,VERB,10
zdiagnozować,VERB,10
zeznawać,VERB,10
czuwać,VERB,10
łowić,VERB,10
natknąć,VERB,10
odpalić,VERB,10
odstawiać,VERB,10
odwoływać,VERB,10
pchać,VERB,10
począć,VERB,10
podbić,VERB,10
podniecać,VERB,10
podpalić,VERB,10
podzielać,VERB,10
polecieć,VERB,10
pomieścić,VERB,10
przelecieć,VERB,10
przypisywać,VERB,10
przystępować,VERB,10
rozebrać,VERB,10
skusić,VERB,10
sortować,VERB,10
susza,VERB,10
szacować,VERB,10
udekorować,VERB,10
udokumentować,VERB,10
uświadamiać,VERB,10
wygładzić,VERB,10
wyrabiać,VERB,10
wywodzić,VERB,10
zacisnąć,VERB,10
zanotować,VERB,10
zgarnąć,VERB,10
zgwałcić,VERB,10
biegły,VERB,10
domyślać,VERB,10
królować,VERB,10
nadążać,VERB,10
nadesłać,VERB,10
odpisać,VERB,10
odwieźć,VERB,10
odznaczać,VERB,10
okradać,VERB,10
oświadczać,VERB,10
podsmażyć,VERB,10
popaść,VERB,10
przekształcić,VERB,10
pukać,VERB,10
rozejść,VERB,10
rzuć,VERB,10
sfinansować,VERB,10
skręcać,VERB,10
ustąpić,VERB,10
uszczęśliwić,VERB,10
wpakować,VERB,10
wpuszczać,VERB,10
wskoczyć,VERB,10
wylewać,VERB,10
wysunąć,VERB,10
wznosić,VERB,10
zapadać,VERB,10
dogonić,VERB,9
dotrzymywać,VERB,9
grzać,VERB,9
interweniować,VERB,9
napotkać,VERB,9
nastać,VERB,9
odziedziczyć,VERB,9
okłamywać,VERB,9
pocieszać,VERB,9
pogłębiać,VERB,9
pokłócić,VERB,9
polepszyć,VERB,9
porozumiewać,VERB,9
posiedzieć,VERB,9
przedostać,VERB,9
przekląć,VERB,9
przymierzać,VERB,9
przymknąć,VERB,9
przypadać,VERB,9
przyrządzić,VERB,9
rezerwować,VERB,9
rozpraszać,VERB,9
rozpuszczać,VERB,9
sfotografować,VERB,9
spłonąć,VERB,9
stukać,VERB,9
uchwalić,VERB,9
usprawniać,VERB,9
utopić,VERB,9
wpatrywać,VERB,9
współgrać,VERB,9
wydobywać,VERB,9
wykładać,VERB,9
wynaleźć,VERB,9
wyprzedzać,VERB,9
wypuszczać,VERB,9
wyruszać,VERB,9
zalegać,VERB,9
zapłać,VERB,9
zatroszczyć,VERB,9
zawiadomić,VERB,9
zemdleć,VERB,9
żenić,VERB,9
cytować,VERB,9
diagnozować,VERB,9
dojeżdżać,VERB,9
gnić,VERB,9
konkurować,VERB,9
kształcić,VERB,9
mawiać,VERB,9
mnożyć,VERB,9
nakazywać,VERB,9
napędzać,VERB,9
nocować,VERB,9
obciąć,VERB,9
odjeżdżać,VERB,9
odnawiać,VERB,9
odpuszczać,VERB,9
ostudzić,VERB,9
oszacować,VERB,9
podłączać,VERB,9
przebyć,VERB,9
przedawkować,VERB,9
przyczepić,VERB,9
przydarzyć,VERB,9
przyjaźnić,VERB,9
przyrządzać,VERB,9
przytłaczać,VERB,9
przywyknąć,VERB,9
rozciągnąć,VERB,9
stuknąć,VERB,9
trząść,VERB,9
uczcić,VERB,9
upuścić,VERB,9
uszanować,VERB,9
wyczytać,VERB,9
wyprać,VERB,9
wyrastać,VERB,9
wysuszać,VERB,9
wzruszyć,VERB,9
zajadać,VERB,9
zaksięgować,VERB,9
zauroczyć,VERB,9
zerknąć,VERB,9
zwalić,VERB,9
błyszczeć,VERB,8
golić,VERB,8
grzebać,VERB,8
maleć,VERB,8
napełniać,VERB,8
natrafić,VERB,8
nawalić,VERB,8
oblać,VERB,8
ochraniać,VERB,8
oddzielać,VERB,8
odrabiać,VERB,8
oświadczyć,VERB,8
piła,VERB,8
podziel,VERB,8
posuwać,VERB,8
pozabijać,VERB,8
przedyskutować,VERB,8
przelewać,VERB,8
przeskoczyć,VERB,8
przesłuchiwać,VERB,8
przewyższać,VERB,8
przezwyciężyć,VERB,8
przykładać,VERB,8
rozbierać,VERB,8
rozgryźć,VERB,8
rozstrzygać,VERB,8
rozwieść,VERB,8
schwytać,VERB,8
słynąć,VERB,8
spierać,VERB,8
stresować,VERB,8
szokować,VERB,8
umiejscowić,VERB,8
urwać,VERB,8
usprawiedliwiać,VERB,8
ustanawiać,VERB,8
wmawiać,VERB,8
wspomóc,VERB,8
wyciskać,VERB,8
wycisnąć,VERB,8
wygasać,VERB,8
wyliczać,VERB,8
wymknąć,VERB,8
wyniknąć,VERB,8
wypłynąć,VERB,8
zacierać,VERB,8
zalecić,VERB,8
zalewać,VERB,8
załapać,VERB,8
zetrzeć,VERB,8
zgasić,VERB,8
zmobilizować,VERB,8
delektować,VERB,8
nakazać,VERB,8
napawać,VERB,8
odczekać,VERB,8
opaść,VERB,8
pospać,VERB,8
powstanie,VERB,8
przebadać,VERB,8
przestawić,VERB,8
przyklejać,VERB,8
rozbijać,VERB,8
rozdzielać,VERB,8
równać,VERB,8
sikać,VERB,8
spłukać,VERB,8
spływać,VERB,8
sygnalizować,VERB,8
uiścić,VERB,8
ustawać,VERB,8
wcielić,VERB,8
wgrać,VERB,8
wrobić,VERB,8
wróżyć,VERB,8
wrzuć,VERB,8
wszczepić,VERB,8
wywieźć,VERB,8
wywrzeć,VERB,8
zaowocować,VERB,8
zapragnąć,VERB,8
zaśmiać,VERB,8
zaznać,VERB,8
zjechać,VERB,8
znęcać,VERB,8
dopełniać,VERB,8
głodować,VERB,8
kolekcjonować,VERB,8
lśnić,VERB,8
machać,VERB,8
minimalizować,VERB,8
nawrócić,VERB,8
odetchnąć,VERB,8
odkręcić,VERB,8
odnajdować,VERB,8
ofiarować,VERB,8
osłabiać,VERB,8
panikować,VERB,8
pojmować,VERB,8
pomieszać,VERB,8
poprzedzać,VERB,8
przemierzać,VERB,8
przepuścić,VERB,8
prześladować,VERB,8
przywołać,VERB,8
rozchodzić,VERB,8
rozjaśnić,VERB,8
skomentować,VERB,8
szerzyć,VERB,8
uformować,VERB,8
upolować,VERB,8
wróć,VERB,8
wstrzykiwać,VERB,8
wymuszać,VERB,8
wyrywać,VERB,8
wyrzuć,VERB,8
wyzywać,VERB,8
zaciągać,VERB,8
zaciskać,VERB,8
zarzucać,VERB,8
czepiać,VERB,7
determinować,VERB,7
dokuczać,VERB,7
konstruować,VERB,7
korygować,VERB,7
masować,VERB,7
nadciągać,VERB,7
namalować,VERB,7
odstać,VERB,7
odsyłać,VERB,7
odwdzięczyć,VERB,7
opóźniać,VERB,7
oswoić,VERB,7
parzyć,VERB,7
podpić,VERB,7
powalać,VERB,7
powielać,VERB,7
przeklinać,VERB,7
przerabiać,VERB,7
przetrzeć,VERB,7
przykrywać,VERB,7
przykuwać,VERB,7
przyprawiać,VERB,7
puść,VERB,7
rozkręcić,VERB,7
serwisować,VERB,7
skomplikować,VERB,7
skonfigurować,VERB,7
sypać,VERB,7
śpieszyć,VERB,7
trać,VERB,7
uniemożliwić,VERB,7
urazić,VERB,7
wspiąć,VERB,7
wstrzymywać,VERB,7
wybiec,VERB,7
wyłaniać,VERB,7
wyprowadzać,VERB,7
wyrównywać,VERB,7
wyselekcjonować,VERB,7
wytrzymywać,VERB,7
wznowić,VERB,7
zabawiać,VERB,7
zafundować,VERB,7
zamrzeć,VERB,7
zapukać,VERB,7
zasłonić,VERB,7
zlecać,VERB,7
zregenerować,VERB,7
zważyć,VERB,7
błądzić,VERB,7
dobić,VERB,7
ewoluować,VERB,7
głaskać,VERB,7
ingerować,VERB,7
moczyć,VERB,7
namierzać,VERB,7
napracować,VERB,7
narzucić,VERB,7
obstawiać,VERB,7
odpychać,VERB,7
odrywać,VERB,7
odstraszać,VERB,7
oznakować,VERB,7
ożywić,VERB,7
pochylić,VERB,7
podwieźć,VERB,7
pogratulować,VERB,7
polemizować,VERB,7
popadać,VERB,7
poskładać,VERB,7
przecierać,VERB,7
przepuszczać,VERB,7
przesiać,VERB,7
przetransportować,VERB,7
przylecieć,VERB,7
przymocować,VERB,7
przysporzyć,VERB,7
remontować,VERB,7
rozbudowywać,VERB,7
rozprzestrzenić,VERB,7
rozstawać,VERB,7
rozwiać,VERB,7
siąść,VERB,7
skomponować,VERB,7
snuć,VERB,7
spowalniać,VERB,7
sprowokować,VERB,7
sprzątnąć,VERB,7
spuszczać,VERB,7
tknąć,VERB,7
truć,VERB,7
uchodzić,VERB,7
urzec,VERB,7
wariować,VERB,7
wcielać,VERB,7
wiercić,VERB,7
władać,VERB,7
wnikać,VERB,7
wymykać,VERB,7
wypoczywać,VERB,7
wytrzeć,VERB,7
wyzwalać,VERB,7
wzmagać,VERB,7
zanikać,VERB,7
zapełnić,VERB,7
zaręczyć,VERB,7
zasugerować,VERB,7
zatwierdzać,VERB,7
zbankrutować,VERB,7
zdemontować,VERB,7
zmartwić,VERB,7
zwiać,VERB,7
darzyć,VERB,6
doszukiwać,VERB,6
drażnić,VERB,6
eksplodować,VERB,6
ewakuować,VERB,6
gniewać,VERB,6
krzyknąć,VERB,6
nadrabiać,VERB,6
namoczyć,VERB,6
napotykać,VERB,6
obstawić,VERB,6
odeprzeć,VERB,6
odmładzać,VERB,6
odnajdywać,VERB,6
ogrzać,VERB,6
orzekać,VERB,6
poćwiczyć,VERB,6
poderwać,VERB,6
podjechać,VERB,6
podrywać,VERB,6
podświetlać,VERB,6
potrącić,VERB,6
powędrować,VERB,6
powiadamiać,VERB,6
przeciągnąć,VERB,6
przegrzać,VERB,6
przełączać,VERB,6
przemienić,VERB,6
przeważać,VERB,6
przyprowadzać,VERB,6
przysiąc,VERB,6
rozrastać,VERB,6
rozszyfrować,VERB,6
skorygować,VERB,6
skreślić,VERB,6
symbolizować,VERB,6
szantażować,VERB,6
szarpać,VERB,6
szczekać,VERB,6
tonąć,VERB,6
uciąć,VERB,6
ugryźć,VERB,6
umknąć,VERB,6
utonąć,VERB,6
uwieść,VERB,6
wklejać,VERB,6
wmasować,VERB,6
wpłacać,VERB,6
wygadać,VERB,6
wyginąć,VERB,6
wylosować,VERB,6
wyprzedzić,VERB,6
załączać,VERB,6
zamyślić,VERB,6
zaopiekować,VERB,6
zasłaniać,VERB,6
zaspokajać,VERB,6
zatkać,VERB,6
zbawić,VERB,6
zemścić,VERB,6
zgasnąć,VERB,6
zjawiać,VERB,6
zjeżdżać,VERB,6
zniechęcać,VERB,6
czaić,VERB,6
donieść,VERB,6
drążyć,VERB,6
dźwigać,VERB,6
jednoczyć,VERB,6
konsultować,VERB,6
manifestować,VERB,6
mordować,VERB,6
naciągać,VERB,6
nadążyć,VERB,6
nagrzewać,VERB,6
namieszać,VERB,6
obrazować,VERB,6
odcedzić,VERB,6
odciągnąć,VERB,6
odliczać,VERB,6
odrobić,VERB,6
olać,VERB,6
opuść,VERB,6
ostygnąć,VERB,6
pocić,VERB,6
podglądać,VERB,6
podważać,VERB,6
pogrzebać,VERB,6
pojeździć,VERB,6
pomarzyć,VERB,6
pomniejszyć,VERB,6
pooglądać,VERB,6
porzucać,VERB,6
posiąść,VERB,6
pośpieszyć,VERB,6
potknąć,VERB,6
pozdrowić,VERB,6
przekroić,VERB,6
przepracować,VERB,6
przerazić,VERB,6
przerodzić,VERB,6
przetłuszczać,VERB,6
przewracać,VERB,6
przyprawić,VERB,6
przytrzymać,VERB,6
przyzwyczajać,VERB,6
razić,VERB,6
rozpisać,VERB,6
sprzeciwić,VERB,6
szczotkować,VERB,6
topić,VERB,6
ugasić,VERB,6
ujść,VERB,6
umacniać,VERB,6
umocnić,VERB,6
uprawniać,VERB,6
uwodzić,VERB,6
wdychać,VERB,6
wozić,VERB,6
wprawić,VERB,6
wygłupiać,VERB,6
wykręcić,VERB,6
wymierzyć,VERB,6
wypatrzyć,VERB,6
wytropić,VERB,6
zadeklarować,VERB,6
zadzierać,VERB,6
zaintrygować,VERB,6
zapalać,VERB,6
zapiąć,VERB,6
zasiadać,VERB,6
zatopić,VERB,6
zawisnąć,VERB,6
zburzyć,VERB,6
zetknąć,VERB,6
zlecieć,VERB,6
złościć,VERB,6
zmyślić,VERB,6
zniechęcić,VERB,6
zwołać,VERB,6
żeglować,VERB,6
barwić,VERB,5
chrapać,VERB,5
czyhać,VERB,5
dobijać,VERB,5
doczytać,VERB,5
dolegać,VERB,5
dopadać,VERB,5
doprawiać,VERB,5
edukować,VERB,5
inicjować,VERB,5
krzyżować,VERB,5
meldować,VERB,5
mianować,VERB,5
mienić,VERB,5
nacieszyć,VERB,5
obijać,VERB,5
obrabiać,VERB,5
odczepić,VERB,5
odjąć,VERB,5
odlecieć,VERB,5
odpłacić,VERB,5
odpłynąć,VERB,5
odstraszyć,VERB,5
pikować,VERB,5
podążyć,VERB,5
podrażniać,VERB,5
pograć,VERB,5
pogubić,VERB,5
pokierować,VERB,5
pozbawiać,VERB,5
pozować,VERB,5
prostować,VERB,5
przebaczyć,VERB,5
przeczyć,VERB,5
przegap,VERB,5
przeliczyć,VERB,5
przełknąć,VERB,5
przeplatać,VERB,5
przerzucać,VERB,5
przetrzymać,VERB,5
raczyć,VERB,5
relaksować,VERB,5
rozjaśniać,VERB,5
rozpakować,VERB,5
rozpłakać,VERB,5
rozprawić,VERB,5
rozróżnić,VERB,5
sformułować,VERB,5
stoczyć,VERB,5
szpiegować,VERB,5
uciszyć,VERB,5
udźwignąć,VERB,5
unieważnić,VERB,5
upić,VERB,5
ustrzec,VERB,5
uzgadniać,VERB,5
wkręcać,VERB,5
wmówić,VERB,5
wybuchać,VERB,5
wykrwawić,VERB,5
wyłapać,VERB,5
wypatrywać,VERB,5
wypisywać,VERB,5
wyprawiać,VERB,5
wystrzegać,VERB,5
zaszczycić,VERB,5
zawiadamiać,VERB,5
zawiązać,VERB,5
zawieszać,VERB,5
zrekompensować,VERB,5
zważać,VERB,5
zwinąć,VERB,5
argumentować,VERB,5
dokupić,VERB,5
dopisywać,VERB,5
doznawać,VERB,5
dyktować,VERB,5
fałszować,VERB,5
integrować,VERB,5
lękać,VERB,5
licytować,VERB,5
miłować,VERB,5
mobilizować,VERB,5
napalić,VERB,5
nastawiać,VERB,5
nawiedzać,VERB,5
nękać,VERB,5
niwelować,VERB,5
obcinać,VERB,5
odkupić,VERB,5
osądzić,VERB,5
pchnąć,VERB,5
podołać,VERB,5
pokładać,VERB,5
polec,VERB,5
popłakać,VERB,5
popytać,VERB,5
porozumieć,VERB,5
pospieszyć,VERB,5
powalczyć,VERB,5
przeciągać,VERB,5
przecinać,VERB,5
przemyć,VERB,5
przewinąć,VERB,5
przybić,VERB,5
przyciąć,VERB,5
przyrzekać,VERB,5
przysiąść,VERB,5
przysyłać,VERB,5
radować,VERB,5
recenzować,VERB,5
roześmiać,VERB,5
rozłączyć,VERB,5
rozwikłać,VERB,5
różnicować,VERB,5
skontrolować,VERB,5
skosztować,VERB,5
smucić,VERB,5
spekulować,VERB,5
spocząć,VERB,5
sprzeczać,VERB,5
uleczyć,VERB,5
upewniać,VERB,5
wkraść,VERB,5
wliczać,VERB,5
włazić,VERB,5
wściekać,VERB,5
wyhodować,VERB,5
wyjawić,VERB,5
wyposażać,VERB,5
wypytywać,VERB,5
wyspać,VERB,5
wyświadczyć,VERB,5
wywalczyć,VERB,5
wyzdrowieć,VERB,5
zadowalać,VERB,5
zagadać,VERB,5
zagęszczać,VERB,5
zagościć,VERB,5
zaimponować,VERB,5
zamartwiać,VERB,5
zanosić,VERB,5
zaopatrywać,VERB,5
zaprzątać,VERB,5
zatrzasnąć,VERB,5
zdechnąć,VERB,5
złączyć,VERB,5
złowić,VERB,5
zobrazować,VERB,5
żuć,VERB,5
celebrować,VERB,5
dezynfekować,VERB,5
dodzwonić,VERB,5
dorzucać,VERB,5
dosięgnąć,VERB,5
dziedziczyć,VERB,5
jarać,VERB,5
katować,VERB,5
medytować,VERB,5
migać,VERB,5
mrugać,VERB,5
nachodzić,VERB,5
nachylić,VERB,5
najść,VERB,5
nalać,VERB,5
nasłuchiwać,VERB,5
obarczyć,VERB,5
obfitować,VERB,5
objadać,VERB,5
ocieplać,VERB,5
ocknąć,VERB,5
odmieniać,VERB,5
odpisywać,VERB,5
odwalać,VERB,5
opóźnić,VERB,5
osłaniać,VERB,5
ośmielić,VERB,5
owijać,VERB,5
podciągnąć,VERB,5
podrobić,VERB,5
poleć,VERB,5
popływać,VERB,5
porobić,VERB,5
posmarować,VERB,5
potępiać,VERB,5
pozywać,VERB,5
przechadzać,VERB,5
przechwycić,VERB,5
przeczuwać,VERB,5
przedkładać,VERB,5
przekupić,VERB,5
przełączyć,VERB,5
przemycić,VERB,5
przepłacać,VERB,5
przepływać,VERB,5
przesądzić,VERB,5
przeznaczać,VERB,5
przycisnąć,VERB,5
przygarnąć,VERB,5
rekrutować,VERB,5
rozkazać,VERB,5
rozpływać,VERB,5
rozsypać,VERB,5
rozwalać,VERB,5
runąć,VERB,5
skojarzyć,VERB,5
skropić,VERB,5
spostrzec,VERB,5
spowiadać,VERB,5
sprzeciwiać,VERB,5
stłumić,VERB,5
ściemniać,VERB,5
unicestwić,VERB,5
unieruchomić,VERB,5
upiększać,VERB,5
uszczęśliwiać,VERB,5
utożsamiać,VERB,5
wkleić,VERB,5
wsłuchać,VERB,5
współdzielić,VERB,5
wybawić,VERB,5
wybiegać,VERB,5
wychylać,VERB,5
wygasnąć,VERB,5
wygłaszać,VERB,5
wylatywać,VERB,5
wypłukać,VERB,5
wypuść,VERB,5
wyrządzać,VERB,5
wyszywać,VERB,5
wywnioskować,VERB,5
wyznawać,VERB,5
zainfekować,VERB,5
zamoczyć,VERB,5
zapierać,VERB,5
zaradzić,VERB,5
zaszyć,VERB,5
zaświecić,VERB,5
zawitać,VERB,5
zderzyć,VERB,5
złuszczać,VERB,5
zmaksymalizować,VERB,5
zneutralizować,VERB,5
zwabić,VERB,5
zwieść,VERB,5
zwyciężać,VERB,5
aktywizować,VERB,4
buntować,VERB,4
chylić,VERB,4
czołgać,VERB,4
doładować,VERB,4
doskwierać,VERB,4
doszukać,VERB,4
drzemać,VERB,4
dziel,VERB,4
formatować,VERB,4
goić,VERB,4
gwałcić,VERB,4
igrać,VERB,4
kłaniać,VERB,4
kołysać,VERB,4
kultywować,VERB,4
lizać,VERB,4
marudzić,VERB,4
nadarzyć,VERB,4
nadsyłać,VERB,4
nakłaniać,VERB,4
natrzeć,VERB,4
nawracać,VERB,4
nazbierać,VERB,4
obsłużyć,VERB,4
oburzać,VERB,4
ocaleć,VERB,4
oczyść,VERB,4
odpuść,VERB,4
odsuwać,VERB,4
opłukać,VERB,4
pobiegać,VERB,4
podesłać,VERB,4
podsmażać,VERB,4
podziewać,VERB,4
pogłaskać,VERB,4
pogrywać,VERB,4
pokiwać,VERB,4
pokusić,VERB,4
popalić,VERB,4
poprzestać,VERB,4
potańczyć,VERB,4
potrenować,VERB,4
powiadać,VERB,4
powierzać,VERB,4
pożyć,VERB,4
przebaczać,VERB,4
przeliczać,VERB,4
przepalić,VERB,4
przerastać,VERB,4
przerosnąć,VERB,4
prześledzić,VERB,4
przypilnować,VERB,4
przytrafiać,VERB,4
przywalić,VERB,4
rozkręcać,VERB,4
rozpaczać,VERB,4
rozpieszczać,VERB,4
rozpłynąć,VERB,4
rozwodzić,VERB,4
rujnować,VERB,4
rzygać,VERB,4
skonfiskować,VERB,4
stabilizować,VERB,4
stykać,VERB,4
surfować,VERB,4
targować,VERB,4
transmitować,VERB,4
ubolewać,VERB,4
uchylać,VERB,4
uginać,VERB,4
urozmaicać,VERB,4
uzasadniać,VERB,4
użalać,VERB,4
wirować,VERB,4
włóczyć,VERB,4
wtargnąć,VERB,4
wybijać,VERB,4
wychwycić,VERB,4
wydzwaniać,VERB,4
wykąpać,VERB,4
wykręcać,VERB,4
wymawiać,VERB,4
wynagradzać,VERB,4
wyodrębnić,VERB,4
wypchnąć,VERB,4
wypromować,VERB,4
wyregulować,VERB,4
wysysać,VERB,4
wyśledzić,VERB,4
wytrwać,VERB,4
wywrócić,VERB,4
zachcieć,VERB,4
zagnieść,VERB,4
zakazywać,VERB,4
załatać,VERB,4
zanurzać,VERB,4
zasiąść,VERB,4
zasilić,VERB,4
zasmucić,VERB,4
zatonąć,VERB,4
zdetonować,VERB,4
zgłodnieć,VERB,4
zmieść,VERB,4
zmięknąć,VERB,4
zmykać,VERB,4
zresetować,VERB,4
zwalać,VERB,4
zwymiotować,VERB,4
burzyć,VERB,4
chłonąć,VERB,4
ćpać,VERB,4
dogodzić,VERB,4
donosić,VERB,4
dopytać,VERB,4
dorabiać,VERB,4
dotrwać,VERB,4
dryfować,VERB,4
ganiać,VERB,4
gardzić,VERB,4
importować,VERB,4
kiwnąć,VERB,4
knuć,VERB,4
kruszyć,VERB,4
kumać,VERB,4
lekceważ,VERB,4
łazić,VERB,4
naćpać,VERB,4
obtoczyć,VERB,4
ochłonąć,VERB,4
ocierać,VERB,4
odbudowywać,VERB,4
odkurzyć,VERB,4
odpływać,VERB,4
odrestaurować,VERB,4
odstrzelić,VERB,4
odwalić,VERB,4
odwróć,VERB,4
okrywać,VERB,4
oprowadzić,VERB,4
oprószyć,VERB,4
orzeźwiać,VERB,4
oszaleć,VERB,4
oświetlać,VERB,4
otrzeć,VERB,4
ożywiać,VERB,4
paraliżować,VERB,4
pobyć,VERB,4
podkręcić,VERB,4
podrzeć,VERB,4
podskoczyć,VERB,4
porąbać,VERB,4
posmakować,VERB,4
postrzelać,VERB,4
poszperać,VERB,4
przechować,VERB,4
przechylać,VERB,4
przeciwstawiać,VERB,4
przećwiczyć,VERB,4
przeminąć,VERB,4
przenocować,VERB,4
przykuć,VERB,4
przylatywać,VERB,4
przypłynąć,VERB,4
przytaczać,VERB,4
przywozić,VERB,4
reanimować,VERB,4
reasumować,VERB,4
rozchorować,VERB,4
rozjechać,VERB,4
rozkoszować,VERB,4
rozpalać,VERB,4
rozpinać,VERB,4
rozpisywać,VERB,4
rozśmieszyć,VERB,4
rwać,VERB,4
schrzanić,VERB,4
skinąć,VERB,4
skrytykować,VERB,4
stęsknić,VERB,4
ścinać,VERB,4
ścisnąć,VERB,4
umniejszać,VERB,4
umykać,VERB,4
upierać,VERB,4
uszkadzać,VERB,4
utkwić,VERB,4
wdawać,VERB,4
wetknąć,VERB,4
wpasować,VERB,4
wrzeć,VERB,4
wsłuchiwać,VERB,4
współtworzyć,VERB,4
wstępować,VERB,4
wyjrzeć,VERB,4
wykreować,VERB,4
wyładować,VERB,4
wypierać,VERB,4
zaadoptować,VERB,4
zaburzać,VERB,4
zaczepiać,VERB,4
zadomowić,VERB,4
zagoić,VERB,4
zakomunikować,VERB,4
zakurzyć,VERB,4
zaprzyjaźniać,VERB,4
zarażać,VERB,4
zarumienić,VERB,4
zarządzić,VERB,4
zastraszyć,VERB,4
zawijać,VERB,4
zawładnąć,VERB,4
zbiec,VERB,4
zdrzemnąć,VERB,4
zerkać,VERB,4
zeznać,VERB,4
zgarniać,VERB,4
zgłębić,VERB,4
zinterpretować,VERB,4
zniewolić,VERB,4
balansować,VERB,3
bredzić,VERB,3
bujać,VERB,3
bzyknąć,VERB,3
chwyć,VERB,3
ciążyć,VERB,3
ciec,VERB,3
czcić,VERB,3
dochować,VERB,3
dolać,VERB,3
dołować,VERB,3
dopytywać,VERB,3
drgnąć,VERB,3
eskortować,VERB,3
formułować,VERB,3
hałasować,VERB,3
korespondować,VERB,3
kroczyć,VERB,3
kumulować,VERB,3
lepić,VERB,3
łyknąć,VERB,3
maszerować,VERB,3
modernizować,VERB,3
mścić,VERB,3
naprowadzić,VERB,3
nasikać,VERB,3
nasmarować,VERB,3
neutralizować,VERB,3
obdarowywać,VERB,3
oddzwaniać,VERB,3
odgadnąć,VERB,3
odlać,VERB,3
odpiąć,VERB,3
odrosnąć,VERB,3
ogolić,VERB,3
oprawić,VERB,3
osierocić,VERB,3
oślepić,VERB,3
ośmielać,VERB,3
otrząsnąć,VERB,3
pieścić,VERB,3
płatać,VERB,3
pobrudzić,VERB,3
pochwalać,VERB,3
pochylać,VERB,3
podcinać,VERB,3
podmienić,VERB,3
podrapać,VERB,3
podrosnąć,VERB,3
podsłuchiwać,VERB,3
podwajać,VERB,3
podziałać,VERB,3
polizać,VERB,3
pomnażać,VERB,3
ponarzekać,VERB,3
popularyzować,VERB,3
porządkować,VERB,3
pośmiać,VERB,3
poświadczać,VERB,3
poświadczyć,VERB,3
poświęć,VERB,3
potrzymać,VERB,3
pozazdrościć,VERB,3
pozmieniać,VERB,3
pożerać,VERB,3
przechytrzyć,VERB,3
przeczekać,VERB,3
przedłożyć,VERB,3
przemieniać,VERB,3
przemieścić,VERB,3
przepowiadać,VERB,3
przerzucić,VERB,3
przeskakiwać,VERB,3
przestawiać,VERB,3
przestrzelić,VERB,3
przeziębić,VERB,3
przydzielać,VERB,3
przyświecać,VERB,3
roić,VERB,3
rozkwitać,VERB,3
rozpętać,VERB,3
rozpuść,VERB,3
rozpylić,VERB,3
rozsyłać,VERB,3
sformatować,VERB,3
siać,VERB,3
siekać,VERB,3
skaleczyć,VERB,3
skradać,VERB,3
skreślać,VERB,3
skręć,VERB,3
spłynąć,VERB,3
spożytkować,VERB,3
starczać,VERB,3
sterczeć,VERB,3
strajkować,VERB,3
symulować,VERB,3
typować,VERB,3
ubiec,VERB,3
ubrudzić,VERB,3
ucałować,VERB,3
ugiąć,VERB,3
upiększyć,VERB,3
uprzątnąć,VERB,3
uprzedzać,VERB,3
usnąć,VERB,3
ustal,VERB,3
uwiecznić,VERB,3
uwierać,VERB,3
uzmysłowić,VERB,3
wdać,VERB,3
wgrywać,VERB,3
wibrować,VERB,3
wkręcić,VERB,3
wlec,VERB,3
wmieszać,VERB,3
wpuść,VERB,3
wsadzać,VERB,3
wściec,VERB,3
wycenić,VERB,3
wyczarować,VERB,3
wyć,VERB,3
wydobrzeć,VERB,3
wyjeść,VERB,3
wykombinować,VERB,3
wymeldować,VERB,3
wyparować,VERB,3
wyprzeć,VERB,3
wyrzec,VERB,3
wysilić,VERB,3
wysłuchiwać,VERB,3
wyważać,VERB,3
wywinąć,VERB,3
wyżyć,VERB,3
wzorować,VERB,3
zaadaptować,VERB,3
zademonstrować,VERB,3
zadręczać,VERB,3
zakraść,VERB,3
załagodzić,VERB,3
zamierać,VERB,3
zamieść,VERB,3
zanieczyszczać,VERB,3
zaostrzyć,VERB,3
zapuszczać,VERB,3
zasięgnąć,VERB,3
zaskarżyć,VERB,3
zawahać,VERB,3
zażyć,VERB,3
zbiegać,VERB,3
zdystansować,VERB,3
zestawiać,VERB,3
zestawić,VERB,3
zestrzelić,VERB,3
zginać,VERB,3
zgłębiać,VERB,3
zgrzeszyć,VERB,3
zlekceważyć,VERB,3
zliczyć,VERB,3
złap,VERB,3
zmagazynować,VERB,3
zmaleć,VERB,3
zwilżyć,VERB,3
asystować,VERB,3
braknąć,VERB,3
brudzić,VERB,3
bzykać,VERB,3
chybić,VERB,3
dąsać,VERB,3
demonstrować,VERB,3
doprecyzować,VERB,3
dorównywać,VERB,3
dosiąść,VERB,3
dosłyszeć,VERB,3
drapać,VERB,3
drzeć,VERB,3
dyrygować,VERB,3
faszerować,VERB,3
fruwać,VERB,3
gnębić,VERB,3
graniczyć,VERB,3
gwizdać,VERB,3
harować,VERB,3
hipnotyzować,VERB,3
honorować,VERB,3
kalkulować,VERB,3
kapować,VERB,3
kiwać,VERB,3
koić,VERB,3
łudzić,VERB,3
łykać,VERB,3
nadepnąć,VERB,3
najeść,VERB,3
nakręcać,VERB,3
napatrzeć,VERB,3
negować,VERB,3
nucić,VERB,3
obarczać,VERB,3
obmyć,VERB,3
odciągać,VERB,3
odgryźć,VERB,3
odprawiać,VERB,3
odratować,VERB,3
odsączyć,VERB,3
odstawać,VERB,3
odurzyć,VERB,3
odwzajemnić,VERB,3
oglądnąć,VERB,3
olewać,VERB,3
owocować,VERB,3
oznajmić,VERB,3
pienić,VERB,3
plażować,VERB,3
pleść,VERB,3
podbiec,VERB,3
podeprzeć,VERB,3
podrzucać,VERB,3
podskakiwać,VERB,3
podstawić,VERB,3
podsunąć,VERB,3
podyskutować,VERB,3
podziać,VERB,3
pogryźć,VERB,3
polepszać,VERB,3
pomachać,VERB,3
poobijać,VERB,3
popisać,VERB,3
popłacać,VERB,3
porazić,VERB,3
poskutkować,VERB,3
pośredniczyć,VERB,3
potrząsnąć,VERB,3
powąchać,VERB,3
powlekać,VERB,3
pożywiać,VERB,3
promieniować,VERB,3
przekuć,VERB,3
przeleć,VERB,3
przemilczeć,VERB,3
przeniknąć,VERB,3
przeprogramować,VERB,3
przesiewać,VERB,3
przeszywać,VERB,3
przymierzyć,VERB,3
przymykać,VERB,3
przyrzec,VERB,3
przysparzać,VERB,3
przystawać,VERB,3
przyśnić,VERB,3
przytyć,VERB,3
rozedrzeć,VERB,3
rozgościć,VERB,3
rozluźniać,VERB,3
rozładowywać,VERB,3
rozmyślić,VERB,3
rozsiewać,VERB,3
rozśmieszać,VERB,3
rozświetlić,VERB,3
roztaczać,VERB,3
rus,VERB,3
rzutować,VERB,3
rżnąć,VERB,3
schylić,VERB,3
skopać,VERB,3
spanikować,VERB,3
spieść,VERB,3
spotęgować,VERB,3
stąpać,VERB,3
stężać,VERB,3
stroić,VERB,3
stronić,VERB,3
szarpnąć,VERB,3
szeptać,VERB,3
teleportować,VERB,3
tłuc,VERB,3
trapić,VERB,3
tropić,VERB,3
tryskać,VERB,3
tyć,VERB,3
uatrakcyjnić,VERB,3
ubezpieczać,VERB,3
uczulać,VERB,3
udoskonalać,VERB,3
uganiać,VERB,3
uhonorować,VERB,3
uklęknąć,VERB,3
ukoić,VERB,3
ulżyć,VERB,3
umalować,VERB,3
umilić,VERB,3
upatrywać,VERB,3
upijać,VERB,3
upomnieć,VERB,3
uprać,VERB,3
uprzeć,VERB,3
urywać,VERB,3
usiedzieć,VERB,3
usługiwać,VERB,3
ustosunkować,VERB,3
uściskać,VERB,3
uśmiercić,VERB,3
utwierdzić,VERB,3
utykać,VERB,3
uwziąć,VERB,3
warunkować,VERB,3
wąchać,VERB,3
wbiec,VERB,3
węszyć,VERB,3
wleźć,VERB,3
wprawiać,VERB,3
wyciekać,VERB,3
wyemitować,VERB,3
wykopywać,VERB,3
wykreślić,VERB,3
wykuć,VERB,3
wyłazić,VERB,3
wyłudzić,VERB,3
wyrwa,VERB,3
wyrzeźbić,VERB,3
wystosować,VERB,3
wytykać,VERB,3
wytypować,VERB,3
wywalać,VERB,3
wyżywać,VERB,3
zaaplikować,VERB,3
zachwiać,VERB,3
zaciemnić,VERB,3
zacinać,VERB,3
zaczepić,VERB,3
zagłębiać,VERB,3
zagłębić,VERB,3
zainicjować,VERB,3
zajechać,VERB,3
zakleić,VERB,3
zamilknąć,VERB,3
zaniknąć,VERB,3
zapić,VERB,3
zapoznawać,VERB,3
zaprotestować,VERB,3
zaprzepaścić,VERB,3
zapuszkować,VERB,3
zaserwować,VERB,3
zasmakować,VERB,3
zasypywać,VERB,3
zatrzeć,VERB,3
zawinić,VERB,3
zgnieść,VERB,3
ziścić,VERB,3
zlać,VERB,3
zniwelować,VERB,3
zsuwać,VERB,3
zwiewać,VERB,3
aranżować,VERB,3
bogacić,VERB,3
chudnąć,VERB,3
cisnąć,VERB,3
częstować,VERB,3
debatować,VERB,3
dezaktywować,VERB,3
doganiać,VERB,3
dopłacać,VERB,3
dopłacić,VERB,3
dyskwalifikować,VERB,3
emanować,VERB,3
fantazjować,VERB,3
gasnąć,VERB,3
grywać,VERB,3
kapać,VERB,3
kulać,VERB,3
kurczyć,VERB,3
linkować,VERB,3
litować,VERB,3
lokalizować,VERB,3
maczać,VERB,3
manewrować,VERB,3
matować,VERB,3
mruczeć,VERB,3
mrugnąć,VERB,3
nabawić,VERB,3
nadmienić,VERB,3
nadstawiać,VERB,3
najechać,VERB,3
nalewać,VERB,3
naskoczyć,VERB,3
nastraszyć,VERB,3
nasunąć,VERB,3
obmyślać,VERB,3
odciążyć,VERB,3
odinstalować,VERB,3
odpędzać,VERB,3
odsłaniać,VERB,3
odwzorowywać,VERB,3
odznaczyć,VERB,3
odżywać,VERB,3
ogłuszyć,VERB,3
ogrywać,VERB,3
omieszkać,VERB,3
opalić,VERB,3
opanowywać,VERB,3
opłakiwać,VERB,3
oprowadzać,VERB,3
oszołomić,VERB,3
piąć,VERB,3
pijać,VERB,3
pisnąć,VERB,3
płać,VERB,3
pocierać,VERB,3
poczęstować,VERB,3
podpalać,VERB,3
podpierać,VERB,3
pogonić,VERB,3
pogrubiać,VERB,3
poklepać,VERB,3
pokrzyżować,VERB,3
połapać,VERB,3
pomodlić,VERB,3
pomścić,VERB,3
popić,VERB,3
pośpiewać,VERB,3
pouczyć,VERB,3
powspominać,VERB,3
pozmywać,VERB,3
procentować,VERB,3
prosperować,VERB,3
przeciekać,VERB,3
przegiąć,VERB,3
przegryźć,VERB,3
przełamywać,VERB,3
przełykać,VERB,3
przemęczać,VERB,3
przeobrazić,VERB,3
przepłynąć,VERB,3
przesiedzieć,VERB,3
przygniatać,VERB,3
przyłączać,VERB,3
przyozdobić,VERB,3
przysłaniać,VERB,3
przystopować,VERB,3
przystosowywać,VERB,3
przyszyć,VERB,3
przyśpieszać,VERB,3
rdzewieć,VERB,3
restartować,VERB,3
rolować,VERB,3
rozkazywać,VERB,3
rozsiąść,VERB,3
roztrzaskać,VERB,3
roztrzepać,VERB,3
schronić,VERB,3
sfałszować,VERB,3
sparzyć,VERB,3
spasować,VERB,3
spryskać,VERB,3
szczędzić,VERB,3
szumieć,VERB,3
śmigać,VERB,3
tankować,VERB,3
targać,VERB,3
uaktywnić,VERB,3
ubliżać,VERB,3
ucichnąć,VERB,3
ucierać,VERB,3
ukrócić,VERB,3
ukrzyżować,VERB,3
uodpornić,VERB,3
uskarżać,VERB,3
usychać,VERB,3
utrzeć,VERB,3
wabić,VERB,3
wczuć,VERB,3
wlecieć,VERB,3
wplątać,VERB,3
wskórać,VERB,3
wsunąć,VERB,3
wszczynać,VERB,3
wyczerpywać,VERB,3
wyczyść,VERB,3
wydusić,VERB,3
wygrzebać,VERB,3
wykasować,VERB,3
wykiwać,VERB,3
wykrzykiwać,VERB,3
wyłamać,VERB,3
wyłudzać,VERB,3
wymierzać,VERB,3
wyostrzać,VERB,3
wypłakać,VERB,3
wypychać,VERB,3
wyręczyć,VERB,3
wysadzać,VERB,3
wysikać,VERB,3
wysmarować,VERB,3
wystroić,VERB,3
wyszczuplać,VERB,3
wyśpiewać,VERB,3
wyświadczać,VERB,3
wytrącić,VERB,3
wytrzeźwieć,VERB,3
wywiercić,VERB,3
wywracać,VERB,3
wyzbyć,VERB,3
wyzwać,VERB,3
wzdychać,VERB,3
zaapelować,VERB,3
zaboleć,VERB,3
zadebiutować,VERB,3
zakochiwać,VERB,3
zakwestionować,VERB,3
zakwitnąć,VERB,3
zalec,VERB,3
zamieć,VERB,3
zamurować,VERB,3
zaparzyć,VERB,3
zapolować,VERB,3
zaspać,VERB,3
zastygnąć,VERB,3
zasunąć,VERB,3
zatamować,VERB,3
zatracać,VERB,3
zbłądzić,VERB,3
zbuntować,VERB,3
zdyscyplinować,VERB,3
zgrzewać,VERB,3
zimować,VERB,3
zmądrzeć,VERB,3
zmrużyć,VERB,3
zmylić,VERB,3
zwątpić,VERB,3
zwężać,VERB,3
zwierzyć,VERB,3
zwodzić,VERB,3
zżera,VERB,3
bali,VERB,2
blefować,VERB,2
błąkać,VERB,2
brnąć,VERB,2
brzydzić,VERB,2
bytować,VERB,2
chadzać,VERB,2
cierpnąć,VERB,2
dobrnąć,VERB,2
dociskać,VERB,2
dogadywać,VERB,2
doigrać,VERB,2
dopatrzyć,VERB,2
dopinać,VERB,2
dorównać,VERB,2
drwić,VERB,2
egzystować,VERB,2
emigrować,VERB,2
fatygować,VERB,2
figurować,VERB,2
fundować,VERB,2
garbić,VERB,2
gawędzić,VERB,2
jawić,VERB,2
jęknąć,VERB,2
klaskać,VERB,2
koncertować,VERB,2
konsumować,VERB,2
kosić,VERB,2
lansować,VERB,2
luzować,VERB,2
łkać,VERB,2
maksymalizować,VERB,2
masturbować,VERB,2
miotać,VERB,2
nabić,VERB,2
nakierować,VERB,2
nakleić,VERB,2
napadać,VERB,2
narosnąć,VERB,2
narozrabiać,VERB,2
nastrajać,VERB,2
naśmiewać,VERB,2
naświetlić,VERB,2
nawinąć,VERB,2
obdarzać,VERB,2
obrywać,VERB,2
obsadzić,VERB,2
odblokowywać,VERB,2
odchudzić,VERB,2
odcisnąć,VERB,2
odkleić,VERB,2
odpinać,VERB,2
odrastać,VERB,2
odsprzedać,VERB,2
odwadniać,VERB,2
odwozić,VERB,2
odwzorować,VERB,2
ograć,VERB,2
okiełznać,VERB,2
osiąść,VERB,2
osłabnąć,VERB,2
oswajać,VERB,2
ośmieszać,VERB,2
ośmieszyć,VERB,2
otruć,VERB,2
otulić,VERB,2
ożyć,VERB,2
panoszyć,VERB,2
parać,VERB,2
piać,VERB,2
pławić,VERB,2
podciąć,VERB,2
podjeżdżać,VERB,2
podlać,VERB,2
podliczyć,VERB,2
podpadać,VERB,2
podporządkowywać,VERB,2
podstawiać,VERB,2
podsycać,VERB,2
podszkolić,VERB,2
poinstruować,VERB,2
pomieszkiwać,VERB,2
pooddychać,VERB,2
popękać,VERB,2
popilnować,VERB,2
popisywać,VERB,2
poplątać,VERB,2
porabiać,VERB,2
poręczyć,VERB,2
posądzić,VERB,2
posegregować,VERB,2
postarzać,VERB,2
postulować,VERB,2
poszaleć,VERB,2
poszczęścić,VERB,2
poszybować,VERB,2
potęgować,VERB,2
potrząś,VERB,2
potrzeć,VERB,2
potykać,VERB,2
powątpiewać,VERB,2
prawić,VERB,2
przebiegnąć,VERB,2
przebijać,VERB,2
przechwalać,VERB,2
przedawniać,VERB,2
przedrzeć,VERB,2
przegłosować,VERB,2
przejeść,VERB,2
przekręć,VERB,2
przelatywać,VERB,2
przemierzyć,VERB,2
przemknąć,VERB,2
przemycać,VERB,2
przepłukać,VERB,2
przestudiować,VERB,2
przestudzić,VERB,2
przestygnąć,VERB,2
prześlizgnąć,VERB,2
przewietrzyć,VERB,2
przyciskać,VERB,2
przykręcić,VERB,2
przyporządkować,VERB,2
przysłużyć,VERB,2
przysposobić,VERB,2
przyzywać,VERB,2
redagować,VERB,2
rekompensować,VERB,2
ręczyć,VERB,2
rozcieńczać,VERB,2
rozetrzeć,VERB,2
rozgość,VERB,2
rozpamiętywać,VERB,2
rozpędzać,VERB,2
rozporządzać,VERB,2
rozpracowywać,VERB,2
rozrabiać,VERB,2
rozsadzić,VERB,2
rozsunąć,VERB,2
rozwałkować,VERB,2
rozweselić,VERB,2
rumienić,VERB,2
sabotować,VERB,2
selekcjonować,VERB,2
skurczyć,VERB,2
spamować,VERB,2
spinać,VERB,2
spiskować,VERB,2
sponiewierać,VERB,2
spuść,VERB,2
stołować,VERB,2
stopić,VERB,2
szczyć,VERB,2
szwendać,VERB,2
szybować,VERB,2
szydzić,VERB,2
ściszyć,VERB,2
ślizgać,VERB,2
terroryzować,VERB,2
trącić,VERB,2
tulić,VERB,2
tyrać,VERB,2
uaktualniać,VERB,2
ubywać,VERB,2
ucinać,VERB,2
ujeżdżać,VERB,2
ulatniać,VERB,2
ulotnić,VERB,2
uosabiać,VERB,2
upoważniać,VERB,2
uświadczyć,VERB,2
uświetnić,VERB,2
uświęcać,VERB,2
uświęcić,VERB,2
uwypuklać,VERB,2
wartościować,VERB,2
wchłonąć,VERB,2
wcinać,VERB,2
wdzierać,VERB,2
wietrzyć,VERB,2
więdnąć,VERB,2
włamywać,VERB,2
wmasowywać,VERB,2
wpędzić,VERB,2
wpychać,VERB,2
wrastać,VERB,2
wskrzesić,VERB,2
współżyć,VERB,2
wtopić,VERB,2
wtrącić,VERB,2
wybadać,VERB,2
wybronić,VERB,2
wycierpieć,VERB,2
wykrwawiać,VERB,2
wykurzyć,VERB,2
wylogować,VERB,2
wyłowić,VERB,2
wymodelować,VERB,2
wyniszczać,VERB,2
wyniszczyć,VERB,2
wynurzyć,VERB,2
wypomnieć,VERB,2
wysiadywać,VERB,2
wysilać,VERB,2
wyspowiadać,VERB,2
wytatuować,VERB,2
wytoczyć,VERB,2
wywiązać,VERB,2
wywieść,VERB,2
wyżywić,VERB,2
wzbraniać,VERB,2
wzejść,VERB,2
zacytować,VERB,2
zadłużać,VERB,2
zadrżeć,VERB,2
zagłuszać,VERB,2
zagniatać,VERB,2
zahaczyć,VERB,2
zaklinać,VERB,2
zakrawać,VERB,2
zakręć,VERB,2
zanudzić,VERB,2
zaorać,VERB,2
zapełniać,VERB,2
zapychać,VERB,2
zasłabnąć,VERB,2
zastrzel,VERB,2
zasygnalizować,VERB,2
zaśniedzieć,VERB,2
zataić,VERB,2
zatruwać,VERB,2
zawalać,VERB,2
zawalczyć,VERB,2
zawiać,VERB,2
zawierzyć,VERB,2
zbagatelizować,VERB,2
zbijać,VERB,2
zdezynfekować,VERB,2
zdumieć,VERB,2
zdumiewać,VERB,2
zerżnąć,VERB,2
zespolić,VERB,2
zestarzeć,VERB,2
zezłościć,VERB,2
zezwolić,VERB,2
zgładzić,VERB,2
zliczać,VERB,2
zmiękczyć,VERB,2
zmiłować,VERB,2
zmoczyć,VERB,2
zmrozić,VERB,2
znieważyć,VERB,2
zrabować,VERB,2
zreformować,VERB,2
zrewolucjonizować,VERB,2
zrzec,VERB,2
zwierzać,VERB,2
abstrahować,VERB,2
bagatelizować,VERB,2
bankrutować,VERB,2
biadolić,VERB,2
błysnąć,VERB,2
bojkotować,VERB,2
brykać,VERB,2
cmoknąć,VERB,2
cuchnąć,VERB,2
czule,VERB,2
demonizować,VERB,2
deportować,VERB,2
dławić,VERB,2
dmuchnąć,VERB,2
dochowywać,VERB,2
dociągnąć,VERB,2
dokopać,VERB,2
domniemywać,VERB,2
dopatrywać,VERB,2
dopić,VERB,2
dopingować,VERB,2
dopowiedzieć,VERB,2
dosypywać,VERB,2
doświetlić,VERB,2
dymić,VERB,2
dyscyplinować,VERB,2
dyżurować,VERB,2
elektryzować,VERB,2
faworyzować,VERB,2
generalizować,VERB,2
gęstnieć,VERB,2
ględzić,VERB,2
głodzić,VERB,2
gnać,VERB,2
grzeszyć,VERB,2
gustować,VERB,2
hołdować,VERB,2
jęczeć,VERB,2
kiełkować,VERB,2
kipieć,VERB,2
klękać,VERB,2
kolidować,VERB,2
kompensować,VERB,2
kompromitować,VERB,2
konfrontować,VERB,2
legnąć,VERB,2
lewitować,VERB,2
marnieć,VERB,2
marszczyć,VERB,2
mdleć,VERB,2
mknąć,VERB,2
nabłyszczać,VERB,2
nadziać,VERB,2
nagadać,VERB,2
najeżdżać,VERB,2
nakrywać,VERB,2
naleć,VERB,2
napędzić,VERB,2
naskakiwać,VERB,2
nasłać,VERB,2
nasłuchać,VERB,2
natłuszczać,VERB,2
noś,VERB,2
obgadać,VERB,2
oblecieć,VERB,2
obsmażyć,VERB,2
obtaczać,VERB,2
obudować,VERB,2
obywać,VERB,2
ocalać,VERB,2
odcedzać,VERB,2
odklejać,VERB,2
odkopać,VERB,2
odmierzać,VERB,2
odparować,VERB,2
odpłacać,VERB,2
odremontować,VERB,2
odrzuć,VERB,2
odskakiwać,VERB,2
odskoczyć,VERB,2
odstępować,VERB,2
odwdzięczać,VERB,2
ogłupiać,VERB,2
olśnić,VERB,2
olśniewać,VERB,2
oprzytomnieć,VERB,2
osiadać,VERB,2
osiedlać,VERB,2
osiedlić,VERB,2
oślepnąć,VERB,2
otępiać,VERB,2
ożywać,VERB,2
pasteryzować,VERB,2
patrolować,VERB,2
piaskować,VERB,2
piastować,VERB,2
piętnować,VERB,2
plasować,VERB,2
plotkować,VERB,2
pobłogosławić,VERB,2
pochlebiać,VERB,2
podbudować,VERB,2
podkusić,VERB,2
podliczać,VERB,2
podlizywać,VERB,2
podłapać,VERB,2
podpatrywać,VERB,2
podpiec,VERB,2
podźwignąć,VERB,2
poganiać,VERB,2
pogardzić,VERB,2
pogrążać,VERB,2
pokruszyć,VERB,2
pokutować,VERB,2
pomiatać,VERB,2
pomniejszać,VERB,2
poobserwować,VERB,2
popchnąć,VERB,2
popędzać,VERB,2
poprzytulać,VERB,2
postradać,VERB,2
posyłać,VERB,2
potrząsać,VERB,2
poturbować,VERB,2
powziąć,VERB,2
pożałować,VERB,2
pożera,VERB,2
precyzować,VERB,2
próżnować,VERB,2
prysnąć,VERB,2
przechylić,VERB,2
przecisnąć,VERB,2
przeczesywać,VERB,2
przedzierać,VERB,2
przekopać,VERB,2
przekręcać,VERB,2
przepowiedzieć,VERB,2
przerejestrować,VERB,2
przerosić,VERB,2
przesądzać,VERB,2
przesiąść,VERB,2
przesłonić,VERB,2
przeszczepić,VERB,2
przewyższyć,VERB,2
przezywać,VERB,2
przybiec,VERB,2
przybijać,VERB,2
przyczepiać,VERB,2
przyćmiewać,VERB,2
przydarzać,VERB,2
przylgnąć,VERB,2
przynależeć,VERB,2
przypieczętować,VERB,2
przystawić,VERB,2
przyszpilić,VERB,2
przytrzymywać,VERB,2
przywierać,VERB,2
przywodzić,VERB,2
przywróć,VERB,2
pylić,VERB,2
rajcować,VERB,2
relacjonować,VERB,2
rozbudzać,VERB,2
rozcierać,VERB,2
rozgłaszać,VERB,2
rozjeżdżać,VERB,2
rozkochać,VERB,2
rozmywać,VERB,2
rozpiąć,VERB,2
rozreklamować,VERB,2
rozrysować,VERB,2
rozstawiać,VERB,2
rozsuwać,VERB,2
roztapiać,VERB,2
rozwozić,VERB,2
skalować,VERB,2
skleić,VERB,2
sklejać,VERB,2
skłócić,VERB,2
skompromitować,VERB,2
skrapiać,VERB,2
spajać,VERB,2
spienić,VERB,2
splatać,VERB,2
spłonić,VERB,2
staczać,VERB,2
strącić,VERB,2
strzyc,VERB,2
stwardnieć,VERB,2
stygnąć,VERB,2
sypnąć,VERB,2
szczerzyć,VERB,2
szczycić,VERB,2
szkalować,VERB,2
szlochać,VERB,2
szturmować,VERB,2
ślinić,VERB,2
śmiecić,VERB,2
śmierdzieć,VERB,2
tchnąć,VERB,2
tlić,VERB,2
triumfować,VERB,2
trudzić,VERB,2
trwonić,VERB,2
tułać,VERB,2
tytułować,VERB,2
ubóstwiać,VERB,2
ubyć,VERB,2
udaremnić,VERB,2
udrożnić,VERB,2
ugniatać,VERB,2
ugościć,VERB,2
uiszczać,VERB,2
ujarzmić,VERB,2
ukartować,VERB,2
umilknąć,VERB,2
unicestwiać,VERB,2
uogólnić,VERB,2
upatrzyć,VERB,2
upodobać,VERB,2
upominać,VERB,2
upraszać,VERB,2
uprzyjemniać,VERB,2
upubliczniać,VERB,2
uronić,VERB,2
usamodzielnić,VERB,2
uszczypnąć,VERB,2
usztywniać,VERB,2
uśmierzać,VERB,2
uwidaczniać,VERB,2
uwieńczyć,VERB,2
uwypuklić,VERB,2
wagarować,VERB,2
warzyć,VERB,2
wczuwać,VERB,2
wertować,VERB,2
wiać,VERB,2
wić,VERB,2
wniknąć,VERB,2
wodować,VERB,2
wpajać,VERB,2
wsuwać,VERB,2
wślizgnąć,VERB,2
wtulić,VERB,2
wtykać,VERB,2
wybrnąć,VERB,2
wychylić,VERB,2
wyczyniać,VERB,2
wyćwiczyć,VERB,2
wyemigrować,VERB,2
wyginać,VERB,2
wyjawiać,VERB,2
wykoleić,VERB,2
wykreślać,VERB,2
wykrzyczeć,VERB,2
wymachiwać,VERB,2
wymazywać,VERB,2
wymądrzać,VERB,2
wymówić,VERB,2
wymrzeć,VERB,2
wyostrzyć,VERB,2
wypieprzać,VERB,2
wyplątać,VERB,2
wypluwać,VERB,2
wyprawić,VERB,2
wyprosić,VERB,2
wyrolować,VERB,2
wyszorować,VERB,2
wyśmiać,VERB,2
wywieszać,VERB,2
wznawiać,VERB,2
wzniecić,VERB,2
zaabsorbować,VERB,2
zaaresztować,VERB,2
zabarykadować,VERB,2
zabłądzić,VERB,2
zabłysnąć,VERB,2
zachwalać,VERB,2
zacieśniać,VERB,2
zaganiać,VERB,2
zagęścić,VERB,2
zagłuszyć,VERB,2
zagonić,VERB,2
zagryźć,VERB,2
zaimplementować,VERB,2
zaiskrzyć,VERB,2
zajeżdżać,VERB,2
zaklinować,VERB,2
zakradać,VERB,2
zamachnąć,VERB,2
zanucić,VERB,2
zanudzać,VERB,2
zapłonąć,VERB,2
zapodać,VERB,2
zasiedlić,VERB,2
zaświadczyć,VERB,2
zatapiać,VERB,2
zatoczyć,VERB,2
zaważyć,VERB,2
zawyżać,VERB,2
zawyżyć,VERB,2
zaznawać,VERB,2
zażyczyć,VERB,2
zdementować,VERB,2
zderzać,VERB,2
zdezerterować,VERB,2
zdołować,VERB,2
zdrowieć,VERB,2
zdrożeć,VERB,2
zeskoczyć,VERB,2
zgęstnieć,VERB,2
zgnić,VERB,2
zgotować,VERB,2
zhańbić,VERB,2
zmarszczyć,VERB,2
zmaterializować,VERB,2
zmiatać,VERB,2
znieczulić,VERB,2
znokautować,VERB,2
zoperować,VERB,2
zrazić,VERB,2
zremisować,VERB,2
zrewanżować,VERB,2
zrewidować,VERB,2
zrzeszać,VERB,2
żonglować,VERB,2
amortyzować,VERB,1
bełkotać,VERB,1
blaknąć,VERB,1
brylować,VERB,1
brzęczeć,VERB,1
buzować,VERB,1
chrzanić,VERB,1
chwiać,VERB,1
ciągać,VERB,1
ciemnieć,VERB,1
ciskać,VERB,1
cudzołożyć,VERB,1
czytywać,VERB,1
ćwierkać,VERB,1
demontować,VERB,1
dewastować,VERB,1
doceń,VERB,1
doczepić,VERB,1
dograć,VERB,1
dokręcić,VERB,1
doleć,VERB,1
doliczać,VERB,1
dopłynąć,VERB,1
dopomóc,VERB,1
dopuść,VERB,1
doręczać,VERB,1
dosiadać,VERB,1
dostroić,VERB,1
dowierzać,VERB,1
dowieźć,VERB,1
drożeć,VERB,1
eksmitować,VERB,1
eksplorować,VERB,1
falować,VERB,1
forsować,VERB,1
garb,VERB,1
gdybać,VERB,1
głowić,VERB,1
główkować,VERB,1
głupieć,VERB,1
gmatwać,VERB,1
gorączkować,VERB,1
gorszyć,VERB,1
gotowić,VERB,1
grasować,VERB,1
hołubić,VERB,1
huśtać,VERB,1
implementować,VERB,1
instruować,VERB,1
iskrzyć,VERB,1
kantować,VERB,1
kichać,VERB,1
kluczyć,VERB,1
kłapać,VERB,1
kłuć,VERB,1
kołatać,VERB,1
kompilować,VERB,1
kompresować,VERB,1
konwertować,VERB,1
kotwiczyć,VERB,1
kręć,VERB,1
krzewić,VERB,1
kucnąć,VERB,1
kuć,VERB,1
literować,VERB,1
majstrować,VERB,1
mazać,VERB,1
mądrzyć,VERB,1
mielić,VERB,1
mydlić,VERB,1
myszkować,VERB,1
nabroić,VERB,1
nadstawić,VERB,1
nagiąć,VERB,1
nakrzyczeć,VERB,1
namęczyć,VERB,1
naopowiadać,VERB,1
naprowadzać,VERB,1
naprzeć,VERB,1
naprzykrzać,VERB,1
naradzać,VERB,1
narąbać,VERB,1
nasiąkać,VERB,1
nasiąknąć,VERB,1
nastawać,VERB,1
nasyp,VERB,1
nawarzyć,VERB,1
niańczyć,VERB,1
normować,VERB,1
obadać,VERB,1
obciągnąć,VERB,1
obgadywać,VERB,1
obiec,VERB,1
objaśnić,VERB,1
objechać,VERB,1
obligować,VERB,1
obmyślić,VERB,1
obnażyć,VERB,1
obnosić,VERB,1
obrzucić,VERB,1
obrzydzać,VERB,1
obwąchać,VERB,1
ocal,VERB,1
ociągać,VERB,1
ociekać,VERB,1
odbiec,VERB,1
odciążać,VERB,1
odechciewać,VERB,1
odgonić,VERB,1
odsiedzieć,VERB,1
odstręczyć,VERB,1
odszyfrować,VERB,1
odtańczyć,VERB,1
odtłuszczać,VERB,1
odtrącać,VERB,1
oduczyć,VERB,1
odwiązać,VERB,1
ogłupić,VERB,1
omamić,VERB,1
opychać,VERB,1
osączyć,VERB,1
oskubać,VERB,1
ostrzelać,VERB,1
ostukać,VERB,1
osunąć,VERB,1
oszpecić,VERB,1
oświecać,VERB,1
otrząsać,VERB,1
otulać,VERB,1
oznajmiać,VERB,1
pal,VERB,1
palnąć,VERB,1
pałać,VERB,1
paradować,VERB,1
parskać,VERB,1
parsknąć,VERB,1
pełzać,VERB,1
pięknieć,VERB,1
pląsać,VERB,1
płaszczyć,VERB,1
pobijać,VERB,1
pobłądzić,VERB,1
pobrzmiewać,VERB,1
pochwycić,VERB,1
pocierpieć,VERB,1
podkładać,VERB,1
podkradać,VERB,1
podkraść,VERB,1
podładować,VERB,1
podpaść,VERB,1
podrożeć,VERB,1
podsyć,VERB,1
pofrunąć,VERB,1
pogawędzić,VERB,1
pogładzić,VERB,1
pogniewać,VERB,1
pogrubić,VERB,1
pokłonić,VERB,1
polatać,VERB,1
poleżeć,VERB,1
ponowić,VERB,1
popalać,VERB,1
popaprać,VERB,1
poprzysiąc,VERB,1
porcjować,VERB,1
porysować,VERB,1
posądzać,VERB,1
posmutnieć,VERB,1
pospacerować,VERB,1
potłuc,VERB,1
potroić,VERB,1
powodzić,VERB,1
powróżyć,VERB,1
powstydzić,VERB,1
pozorować,VERB,1
pozwiedzać,VERB,1
pożreć,VERB,1
pożywić,VERB,1
przeceniać,VERB,1
przeciskać,VERB,1
przeczesać,VERB,1
przedefiniować,VERB,1
przegryzać,VERB,1
przeistoczyć,VERB,1
przekąsić,VERB,1
przekrawać,VERB,1
przekrzywiać,VERB,1
przemakać,VERB,1
przemilczać,VERB,1
przeobrażać,VERB,1
przepalać,VERB,1
przepchnąć,VERB,1
przepłacić,VERB,1
przeprawić,VERB,1
przepytywać,VERB,1
przeradzać,VERB,1
przeskrobać,VERB,1
przetłaczać,VERB,1
przetoczyć,VERB,1
przeważyć,VERB,1
przeżegnać,VERB,1
przygryźć,VERB,1
przypatrywać,VERB,1
przypudrować,VERB,1
przysięgnąć,VERB,1
przystawiać,VERB,1
przyszywać,VERB,1
przytłumić,VERB,1
pstrykać,VERB,1
pyskować,VERB,1
rabować,VERB,1
referować,VERB,1
resetować,VERB,1
rezonować,VERB,1
rozboleć,VERB,1
rozbrzmiewać,VERB,1
rozczesać,VERB,1
rozdeptać,VERB,1
rozdmuchać,VERB,1
rozglądnąć,VERB,1
rozgniewać,VERB,1
rozkleić,VERB,1
rozlec,VERB,1
rozłączać,VERB,1
rozmieniać,VERB,1
rozmieszać,VERB,1
rozmnożyć,VERB,1
rozmówić,VERB,1
rozmrozić,VERB,1
rozsmarować,VERB,1
rozwarstwiać,VERB,1
rozweselać,VERB,1
rozwiesić,VERB,1
ryć,VERB,1
sączyć,VERB,1
schylać,VERB,1
sfilmować,VERB,1
sforsować,VERB,1
silić,VERB,1
skapnąć,VERB,1
skarać,VERB,1
skatować,VERB,1
skombinować,VERB,1
skompresować,VERB,1
skrzypieć,VERB,1
sparować,VERB,1
spieprzać,VERB,1
spijać,VERB,1
splamić,VERB,1
splądrować,VERB,1
splunąć,VERB,1
spławić,VERB,1
spłodzić,VERB,1
sposobić,VERB,1
spostrzegać,VERB,1
spoufalać,VERB,1
spowić,VERB,1
sprezentować,VERB,1
sprężać,VERB,1
sprzeniewierzać,VERB,1
strać,VERB,1
streszczać,VERB,1
strzel,VERB,1
szatkować,VERB,1
szepnąć,VERB,1
szufladkować,VERB,1
szwankować,VERB,1
ślęczeć,VERB,1
tagować,VERB,1
tańcować,VERB,1
taszczyć,VERB,1
temperować,VERB,1
trysnąć,VERB,1
trzepać,VERB,1
twardnieć,VERB,1
uchwalać,VERB,1
uchwyć,VERB,1
udziec,VERB,1
uelastycznić,VERB,1
ujędrnić,VERB,1
ukatrupić,VERB,1
ukorzyć,VERB,1
ulatywać,VERB,1
ulecieć,VERB,1
umilać,VERB,1
umywać,VERB,1
uogólniać,VERB,1
upakować,VERB,1
upamiętnić,VERB,1
upodabniać,VERB,1
upozorować,VERB,1
uprażyć,VERB,1
uprzyjemnić,VERB,1
uprzykrzyć,VERB,1
urabiać,VERB,1
uroić,VERB,1
urzeczywistniać,VERB,1
usadowić,VERB,1
usadzić,VERB,1
ususzyć,VERB,1
usypać,VERB,1
usztywnić,VERB,1
uścisnąć,VERB,1
uwieczniać,VERB,1
uwinąć,VERB,1
wadzić,VERB,1
wcierać,VERB,1
wiosłować,VERB,1
wkradać,VERB,1
wparować,VERB,1
wpiąć,VERB,1
wpieprzyć,VERB,1
wplątywać,VERB,1
współzawodniczyć,VERB,1
wstrząsać,VERB,1
wtłoczyć,VERB,1
wyburzać,VERB,1
wycelować,VERB,1
wychładzać,VERB,1
wychłostać,VERB,1
wydarzać,VERB,1
wydepilować,VERB,1
wydostawać,VERB,1
wydrapać,VERB,1
wydychać,VERB,1
wydzierać,VERB,1
wygrawerować,VERB,1
wygrzewać,VERB,1
wyhamowywać,VERB,1
wykarmić,VERB,1
wykiełkować,VERB,1
wykoncypować,VERB,1
wylec,VERB,1
wylizać,VERB,1
wyładowywać,VERB,1
wymiąć,VERB,1
wymontować,VERB,1
wyodrębniać,VERB,1
wyolbrzymić,VERB,1
wypytać,VERB,1
wyrzygać,VERB,1
wyrzynać,VERB,1
wysławiać,VERB,1
wystrzelać,VERB,1
wysypiać,VERB,1
wyszczotkować,VERB,1
wyślizgnąć,VERB,1
wytknąć,VERB,1
wytrzasnąć,VERB,1
wzdrygać,VERB,1
wzniecać,VERB,1
zachęć,VERB,1
zaciemniać,VERB,1
zaczytać,VERB,1
zadrzeć,VERB,1
zadumać,VERB,1
zadysponować,VERB,1
zadziać,VERB,1
zadziwić,VERB,1
zagadnąć,VERB,1
zagarnąć,VERB,1
zaglądnąć,VERB,1
zagotowywać,VERB,1
zagrzać,VERB,1
zahartować,VERB,1
zaimportować,VERB,1
zainaugurować,VERB,1
zaklepać,VERB,1
zakreślić,VERB,1
zamarzyć,VERB,1
zamęczyć,VERB,1
zamglić,VERB,1
zamulić,VERB,1
zanalizować,VERB,1
zapędzić,VERB,1
zapytywać,VERB,1
zaskarżać,VERB,1
zaszaleć,VERB,1
zatęsknić,VERB,1
zawojować,VERB,1
zazielenić,VERB,1
zażartować,VERB,1
zbaczać,VERB,1
zbyć,VERB,1
zbywać,VERB,1
zdemolować,VERB,1
zdzierać,VERB,1
ześlizgnąć,VERB,1
zgnoić,VERB,1
ziać,VERB,1
zintensyfikować,VERB,1
zlewać,VERB,1
złazić,VERB,1
zmajstrować,VERB,1
zmarginalizować,VERB,1
zmarznąć,VERB,1
zmasakrować,VERB,1
zmechanizować,VERB,1
zniekształcać,VERB,1
zrażać,VERB,1
zrzuć,VERB,1
zstąpić,VERB,1
zsunąć,VERB,1
zsyłać,VERB,1
zwierać,VERB,1
zwilżać,VERB,1
zwodować,VERB,1
żalić,VERB,1
akumulować,VERB,1
amputować,VERB,1
aspirować,VERB,1
babrać,VERB,1
baczyć,VERB,1
balsamować,VERB,1
biwakować,VERB,1
bladnąć,VERB,1
boczyć,VERB,1
brązować,VERB,1
buchnąć,VERB,1
bulwersować,VERB,1
burczeć,VERB,1
chełpić,VERB,1
chichotać,VERB,1
chlać,VERB,1
chlapać,VERB,1
chłostać,VERB,1
chrząknąć,VERB,1
chrzcić,VERB,1
chuchać,VERB,1
ciułać,VERB,1
cykać,VERB,1
czepić,VERB,1
czerwienić,VERB,1
dąć,VERB,1
dedukować,VERB,1
degradować,VERB,1
demolować,VERB,1
demoralizować,VERB,1
dobudować,VERB,1
dofinansowywać,VERB,1
dogadzać,VERB,1
dogryzać,VERB,1
dokopywać,VERB,1
dokręcać,VERB,1
dokształć,VERB,1
domyć,VERB,1
dopatrzeć,VERB,1
dopijać,VERB,1
doposażyć,VERB,1
dopowiadać,VERB,1
dorzuć,VERB,1
dosięgać,VERB,1
dosięgły,VERB,1
dostrajać,VERB,1
dosypać,VERB,1
doścignąć,VERB,1
dośrodkować,VERB,1
dotleniać,VERB,1
dotoczyć,VERB,1
dowalić,VERB,1
dowozić,VERB,1
dożywać,VERB,1
drapnąć,VERB,1
drobić,VERB,1
dziabnąć,VERB,1
dzierżyć,VERB,1
egzaminować,VERB,1
ekshumować,VERB,1
fikać,VERB,1
finalizować,VERB,1
galopować,VERB,1
ganić,VERB,1
garnąć,VERB,1
gimnastykować,VERB,1
glosować,VERB,1
grac,VERB,1
grodzić,VERB,1
hańbić,VERB,1
hasać,VERB,1
huknąć,VERB,1
hulać,VERB,1
implikować,VERB,1
indoktrynować,VERB,1
jarzyć,VERB,1
jąć,VERB,1
jątrzyć,VERB,1
kapitulować,VERB,1
karcić,VERB,1
kaszleć,VERB,1
kichnąć,VERB,1
klasnąć,VERB,1
kląć,VERB,1
klęczeć,VERB,1
kłusować,VERB,1
kokietować,VERB,1
kolonizować,VERB,1
koloryzować,VERB,1
komplementować,VERB,1
kontemplować,VERB,1
korelować,VERB,1
kotłować,VERB,1
kpić,VERB,1
krystalizować,VERB,1
krztusić,VERB,1
kwiczeć,VERB,1
legalizować,VERB,1
leżakować,VERB,1
łaknąć,VERB,1
łasić,VERB,1
łaskotać,VERB,1
markować,VERB,1
marznąć,VERB,1
masakrować,VERB,1
matkować,VERB,1
mdlić,VERB,1
miąć,VERB,1
mierzić,VERB,1
moderować,VERB,1
moralizować,VERB,1
mruknąć,VERB,1
musnąć,VERB,1
nachmurzyć,VERB,1
naczekać,VERB,1
naczytać,VERB,1
nadciągnąć,VERB,1
nadjechać,VERB,1
nadmieniać,VERB,1
nająć,VERB,1
najeździć,VERB,1
nakreślać,VERB,1
namyślić,VERB,1
napalać,VERB,1
napluć,VERB,1
napłynąć,VERB,1
naprężać,VERB,1
napychać,VERB,1
napytać,VERB,1
naradzić,VERB,1
natapirować,VERB,1
natrafiać,VERB,1
nawarstwić,VERB,1
nawdychać,VERB,1
nawiewać,VERB,1
nawigować,VERB,1
nawijać,VERB,1
nawozić,VERB,1
nawróć,VERB,1
nazmyślać,VERB,1
niecierpliwić,VERB,1
niedomagać,VERB,1
niepodobna,VERB,1
niknąć,VERB,1
nokautować,VERB,1
obgryzać,VERB,1
objaśniać,VERB,1
oblatywać,VERB,1
oblepić,VERB,1
oblizać,VERB,1
obradować,VERB,1
obrastać,VERB,1
obrzydzić,VERB,1
obstawać,VERB,1
obsypywać,VERB,1
obwieścić,VERB,1
obwinić,VERB,1
ochładzać,VERB,1
odbarwiać,VERB,1
odchować,VERB,1
odchrząknąć,VERB,1
odczep,VERB,1
odczepiać,VERB,1
oddziel,VERB,1
odechcieć,VERB,1
odegnać,VERB,1
odfiltrować,VERB,1
odgadywać,VERB,1
odgrażać,VERB,1
odgrodzić,VERB,1
odgrzewać,VERB,1
odkochać,VERB,1
odkroić,VERB,1
odkwaszać,VERB,1
odmeldować,VERB,1
odparowywać,VERB,1
odpompowywać,VERB,1
odpowietrzyć,VERB,1
odradzić,VERB,1
odrobaczać,VERB,1
odwiesić,VERB,1
odzwyczaić,VERB,1
odżyć,VERB,1
ofiarowywać,VERB,1
oflagować,VERB,1
ograbić,VERB,1
okrążać,VERB,1
okroić,VERB,1
oparzyć,VERB,1
opić,VERB,1
opiekać,VERB,1
opijać,VERB,1
oplatać,VERB,1
opływać,VERB,1
optować,VERB,1
orać,VERB,1
oscylować,VERB,1
oskrobać,VERB,1
osłodzić,VERB,1
osłuchać,VERB,1
ostrzyć,VERB,1
osuwać,VERB,1
oświeć,VERB,1
otrzepać,VERB,1
pać,VERB,1
pasać,VERB,1
pasożytować,VERB,1
pastwić,VERB,1
personalizować,VERB,1
pierzyć,VERB,1
piętrzyć,VERB,1
pikać,VERB,1
piłować,VERB,1
pitolić,VERB,1
plamić,VERB,1
plątać,VERB,1
pluć,VERB,1
plunąć,VERB,1
pobłażać,VERB,1
pobolewać,VERB,1
pobudować,VERB,1
pobuszować,VERB,1
pochlastać,VERB,1
poczuwać,VERB,1
podbierać,VERB,1
podburzyć,VERB,1
poddusić,VERB,1
podeptać,VERB,1
podglądnąć,VERB,1
podgotować,VERB,1
podjeść,VERB,1
podkleić,VERB,1
podkochiwać,VERB,1
podkręcać,VERB,1
podkręć,VERB,1
podlecieć,VERB,1
podmieniać,VERB,1
podnająć,VERB,1
podpinać,VERB,1
podpływać,VERB,1
podprowadzić,VERB,1
podpytać,VERB,1
podrzuć,VERB,1
podupadać,VERB,1
podwozić,VERB,1
podzwonić,VERB,1
podżegać,VERB,1
poeksperymentować,VERB,1
pofatygować,VERB,1
pogmatwać,VERB,1
pognać,VERB,1
pohamować,VERB,1
poimprezować,VERB,1
pojaśnieć,VERB,1
pojedynkować,VERB,1
pokombinować,VERB,1
polegnąć,VERB,1
policzkować,VERB,1
polukrować,VERB,1
połyskiwać,VERB,1
pomajsterkować,VERB,1
pomieszkać,VERB,1
poniechać,VERB,1
poniewierać,VERB,1
popróbować,VERB,1
poprószyć,VERB,1
poprzeglądać,VERB,1
poprztykać,VERB,1
popuszczać,VERB,1
poratować,VERB,1
porozciągać,VERB,1
porządzić,VERB,1
porzuć,VERB,1
posilić,VERB,1
posiłkować,VERB,1
posiniaczyć,VERB,1
poskarżyć,VERB,1
poskąpić,VERB,1
posklejać,VERB,1
posłodzić,VERB,1
posprawdzać,VERB,1
posprzeczać,VERB,1
postraszyć,VERB,1
pościć,VERB,1
pościelić,VERB,1
poświecić,VERB,1
potakiwać,VERB,1
potaknąć,VERB,1
potowarzyszyć,VERB,1
poużywać,VERB,1
powal,VERB,1
powariować,VERB,1
powiać,VERB,1
powiewać,VERB,1
powlec,VERB,1
powstawiać,VERB,1
powściągać,VERB,1
powychodzić,VERB,1
powyrywać,VERB,1
pozjadać,VERB,1
pożartować,VERB,1
profanować,VERB,1
promienieć,VERB,1
protokołować,VERB,1
prywatyzować,VERB,1
przeboleć,VERB,1
przecięć,VERB,1
przeczyść,VERB,1
przedmuchać,VERB,1
przedobrzyć,VERB,1
przedsięwziąć,VERB,1
przedzwonić,VERB,1
przeforsować,VERB,1
przegapiać,VERB,1
przeglądnąć,VERB,1
przegrupować,VERB,1
przegrzewać,VERB,1
przehandlować,VERB,1
przeinstalować,VERB,1
przeistaczać,VERB,1
przejeździć,VERB,1
przekalkulować,VERB,1
przekartkować,VERB,1
przekopywać,VERB,1
przemielić,VERB,1
przemieszać,VERB,1
przemykać,VERB,1
przepełniać,VERB,1
przepędzać,VERB,1
przepędzić,VERB,1
przepić,VERB,1
przepłakać,VERB,1
przeprać,VERB,1
przepuść,VERB,1
przepychać,VERB,1
przesączać,VERB,1
przesiadać,VERB,1
przeskanować,VERB,1
przesmażyć,VERB,1
przesuszać,VERB,1
prześcigać,VERB,1
prześcignąć,VERB,1
przetańczyć,VERB,1
przetrawić,VERB,1
przewieść,VERB,1
przezimować,VERB,1
przodować,VERB,1
przybiegać,VERB,1
przychylić,VERB,1
przyfrunąć,VERB,1
przygasnąć,VERB,1
przygruchać,VERB,1
przygrywać,VERB,1
przykazywać,VERB,1
przykucnąć,VERB,1
przylać,VERB,1
przylepiać,VERB,1
przylepić,VERB,1
przyłazić,VERB,1
przypatrzyć,VERB,1
przypiekać,VERB,1
przyrównać,VERB,1
przysłuchiwać,VERB,1
przysmażyć,VERB,1
przysypać,VERB,1
przyszykować,VERB,1
przytaknąć,VERB,1
przytargać,VERB,1
przywdziewać,VERB,1
przywędrować,VERB,1
przywieść,VERB,1
przywrzeć,VERB,1
puszyć,VERB,1
ratyfikować,VERB,1
reaktywować,VERB,1
rehabilitować,VERB,1
reinwestować,VERB,1
reprodukować,VERB,1
retuszować,VERB,1
rewidować,VERB,1
rezydować,VERB,1
ronić,VERB,1
ropieć,VERB,1
rozchmurzać,VERB,1
rozchmurzyć,VERB,1
rozchylić,VERB,1
rozczytać,VERB,1
rozdzwonić,VERB,1
rozesłać,VERB,1
rozgniatać,VERB,1
rozgnieć,VERB,1
rozgorzeć,VERB,1
rozgryzać,VERB,1
rozkopywać,VERB,1
rozkręć,VERB,1
rozkwitnąć,VERB,1
rozlecieć,VERB,1
rozmięknąć,VERB,1
rozpanoszyć,VERB,1
rozpić,VERB,1
rozpłatać,VERB,1
rozpowiedzieć,VERB,1
rozpromienieć,VERB,1
rozprostować,VERB,1
rozprysnąć,VERB,1
rozruszać,VERB,1
rozsławić,VERB,1
rozsmarowywać,VERB,1
rozstroić,VERB,1
rozzłościć,VERB,1
rzygnąć,VERB,1
sadzać,VERB,1
schlebiać,VERB,1
schładzać,VERB,1
schwycić,VERB,1
sfaulować,VERB,1
skalibrować,VERB,1
skamienieć,VERB,1
skandować,VERB,1
skapować,VERB,1
sknocić,VERB,1
skompensować,VERB,1
skompilować,VERB,1
skomunikować,VERB,1
skonać,VERB,1
skosić,VERB,1
skremować,VERB,1
skrobnąć,VERB,1
skrop,VERB,1
skróć,VERB,1
skrystalizować,VERB,1
skuć,VERB,1
socjalizować,VERB,1
solić,VERB,1
solidaryzować,VERB,1
spamiętać,VERB,1
spenetrować,VERB,1
speszyć,VERB,1
spieniężyć,VERB,1
spiknąć,VERB,1
spluwać,VERB,1
spreparować,VERB,1
sprokurować,VERB,1
sprzysiąc,VERB,1
spychać,VERB,1
stapiać,VERB,1
stchórzyć,VERB,1
sterylizować,VERB,1
stężeć,VERB,1
stłamsić,VERB,1
stopnieć,VERB,1
strawić,VERB,1
strzępić,VERB,1
studzić,VERB,1
sturlać,VERB,1
subskrybować,VERB,1
sympatyzować,VERB,1
sytuować,VERB,1
szczeć,VERB,1
szkicować,VERB,1
szlajać,VERB,1
szperać,VERB,1
szturchnąć,VERB,1
ścierpieć,VERB,1
ściółkować,VERB,1
świeć,VERB,1
świergotać,VERB,1
świstać,VERB,1
tai,VERB,1
tanieć,VERB,1
tarzać,VERB,1
transformować,VERB,1
trąbić,VERB,1
trącać,VERB,1
tryumfować,VERB,1
trzasnąć,VERB,1
turlać,VERB,1
uargumentować,VERB,1
ubarwiać,VERB,1
uchować,VERB,1
uczep,VERB,1
ucztować,VERB,1
udrożniać,VERB,1
ugodzić,VERB,1
ugrzęznąć,VERB,1
ukłonić,VERB,1
uknuć,VERB,1
ukręcić,VERB,1
ulać,VERB,1
ulęknąć,VERB,1
umęczyć,VERB,1
unormować,VERB,1
unowocześniać,VERB,1
upajać,VERB,1
upchnąć,VERB,1
upichcić,VERB,1
upowszechnić,VERB,1
uprawić,VERB,1
uprzykrzać,VERB,1
uruchomiać,VERB,1
usankcjonować,VERB,1
uskrzydlać,VERB,1
utajniać,VERB,1
utorować,VERB,1
utwierdzać,VERB,1
uwijać,VERB,1
uwydatnić,VERB,1
uzmysławiać,VERB,1
użyczyć,VERB,1
walać,VERB,1
wbiegać,VERB,1
wciec,VERB,1
wdepnąć,VERB,1
wedrzeć,VERB,1
wegetować,VERB,1
wejrzeć,VERB,1
werbować,VERB,1
wessać,VERB,1
wetrzeć,VERB,1
wgapiać,VERB,1
wgłębiać,VERB,1
wgryźć,VERB,1
windować,VERB,1
winszować,VERB,1
wizualizować,VERB,1
wkłuwać,VERB,1
wkopać,VERB,1
wodzić,VERB,1
wpasowywać,VERB,1
wpędzać,VERB,1
wpłać,VERB,1
wrzasnąć,VERB,1
wsiąknąć,VERB,1
wstąp,VERB,1
wszamać,VERB,1
wtłaczać,VERB,1
wtoczyć,VERB,1
wwieźć,VERB,1
wyciec,VERB,1
wydłubać,VERB,1
wydoić,VERB,1
wydziergać,VERB,1
wydzierżawić,VERB,1
wyfrunąć,VERB,1
wyganiać,VERB,1
wygłupić,VERB,1
wygoić,VERB,1
wygonić,VERB,1
wygospodarować,VERB,1
wygotowywać,VERB,1
wygramolić,VERB,1
wygrzać,VERB,1
wyhamować,VERB,1
wykadrować,VERB,1
wykitować,VERB,1
wykłócać,VERB,1
wykpić,VERB,1
wykradać,VERB,1
wykręć,VERB,1
wykroczyć,VERB,1
wykruszyć,VERB,1
wykrzywić,VERB,1
wykupywać,VERB,1
wylegitymować,VERB,1
wylicytować,VERB,1
wyłgać,VERB,1
wyłupić,VERB,1
wyłysieć,VERB,1
wymiękać,VERB,1
wymordować,VERB,1
wymsknąć,VERB,1
wynurzać,VERB,1
wyobcować,VERB,1
wypaczać,VERB,1
wypatroszyć,VERB,1
wypluć,VERB,1
wypominać,VERB,1
wypoziomować,VERB,1
wypracowywać,VERB,1
wypróbowywać,VERB,1
wypruwać,VERB,1
wyprzedawać,VERB,1
wyrąbać,VERB,1
wyrecytować,VERB,1
wyrosić,VERB,1
wyrzekać,VERB,1
wyrżnąć,VERB,1
wysączyć,VERB,1
wysiedzieć,VERB,1
wysil,VERB,1
wyskrobać,VERB,1
wysprzątać,VERB,1
wyssać,VERB,1
wystukiwać,VERB,1
wyszczekiwać,VERB,1
wyszeptać,VERB,1
wyściskać,VERB,1
wyśrodkować,VERB,1
wytłuc,VERB,1
wytopić,VERB,1
wyuczyć,VERB,1
wywabić,VERB,1
wywlekać,VERB,1
wyzerować,VERB,1
wyzierać,VERB,1
wyzyskać,VERB,1
wyżerać,VERB,1
wzbierać,VERB,1
wzdragać,VERB,1
wzdrygnąć,VERB,1
zabarwiać,VERB,1
zabarwić,VERB,1
zachwyć,VERB,1
zacieśnić,VERB,1
zagarniać,VERB,1
zagnieździć,VERB,1
zagnieżdżać,VERB,1
zahaczać,VERB,1
zajarać,VERB,1
zakapować,VERB,1
zakisić,VERB,1
zakneblować,VERB,1
zakonserwować,VERB,1
zakręcać,VERB,1
zakrztusić,VERB,1
zakuć,VERB,1
zakumulować,VERB,1
zakwaszać,VERB,1
zaleźć,VERB,1
zalicytować,VERB,1
zamulać,VERB,1
zaniżać,VERB,1
zapałać,VERB,1
zapaskudzić,VERB,1
zapędzać,VERB,1
zapętlić,VERB,1
zaplatać,VERB,1
zapocić,VERB,1
zapodawać,VERB,1
zapuść,VERB,1
zarekwirować,VERB,1
zaręczać,VERB,1
zarwać,VERB,1
zaryglować,VERB,1
zarysowywać,VERB,1
zarywać,VERB,1
zasięgać,VERB,1
zasmucać,VERB,1
zaspawać,VERB,1
zastopować,VERB,1
zastygać,VERB,1
zaszywać,VERB,1
zatrząść,VERB,1
zatrzepotać,VERB,1
zawadzić,VERB,1
zawróć,VERB,1
zawyć,VERB,1
zazgrzytać,VERB,1
zbraknąć,VERB,1
zbzikować,VERB,1
zdążać,VERB,1
zdekoncentrować,VERB,1
zdmuchiwać,VERB,1
zdmuchnąć,VERB,1
zdymisjonować,VERB,1
zdziczeć,VERB,1
zdzierżyć,VERB,1
zemleć,VERB,1
zespawać,VERB,1
zeswatać,VERB,1
zeszczać,VERB,1
zeszklić,VERB,1
zewrzeć,VERB,1
zgadać,VERB,1
zgniatać,VERB,1
zgolić,VERB,1
zgorszyć,VERB,1
zgorzknieć,VERB,1
zielenieć,VERB,1
zinfiltrować,VERB,1
zjarać,VERB,1
zjednywać,VERB,1
zlitować,VERB,1
zlutować,VERB,1
zluzować,VERB,1
zmarnieć,VERB,1
zmóc,VERB,1
zmówić,VERB,1
znieruchomieć,VERB,1
zracjonalizować,VERB,1
zrastać,VERB,1
zredagować,VERB,1
zrestartować,VERB,1
zsiadać,VERB,1
zsiąść,VERB,1
zstępować,VERB,1
zwęzić,VERB,1
związywać,VERB,1
zwieńczyć,VERB,1
zzielenieć,VERB,1
żachnąć,VERB,1
żądlić,VERB,1
żebrać,VERB,1
żółknąć,VERB,1
