dobry,ADJ,2582
inny,ADJ,2194
jeden,ADJ,2061
sam,ADJ,1782
nowy,ADJ,1498
cały,ADJ,1468
duży,ADJ,1428
pierwszy,ADJ,1393
ważny,ADJ,1052
prosty,ADJ,973
mały,ADJ,927
kolejny,ADJ,790
wysoki,ADJ,788
drugi,ADJ,773
własny,ADJ,750
różny,ADJ,633
ostatni,ADJ,609
piękny,ADJ,555
wielki,ADJ,548
zły,ADJ,535
ciekawy,ADJ,512
stary,ADJ,488
młody,ADJ,465
odpowiedni,ADJ,455
pełny,ADJ,412
długi,ADJ,410
prawdziwy,ADJ,404
dostępny,ADJ,396
idealny,ADJ,389
możliwy,ADJ,357
wykonany,ADJ,346,wykonać
jedyny,ADJ,343
internetowy,ADJ,328
świetny,ADJ,315
związany,ADJ,313,związać
szybki,ADJ,311
naturalny,ADJ,311
gotowy,ADJ,306
następny,ADJ,305
potrzebny,ADJ,298
trudny,ADJ,294
dodatkowy,ADJ,293
główny,ADJ,290
dotyczący,ADJ,280,dotyczyć
wspólny,ADJ,266
wolny,ADJ,258
wspaniały,ADJ,257
bliski,ADJ,254
bezpieczny,ADJ,250
czarny,ADJ,250
biały,ADJ,244
łatwy,ADJ,241
daleki,ADJ,239
zdrowy,ADJ,239
krótki,ADJ,231
ogromny,ADJ,226
doskonały,ADJ,224
miły,ADJ,222
podstawowy,ADJ,217
podobny,ADJ,217
specjalny,ADJ,214
trzeci,ADJ,209
niski,ADJ,209
indywidualny,ADJ,206
przeznaczony,ADJ,203,przeznaczyć
szczęśliwy,ADJ,202
pozostały,ADJ,199
pewny,ADJ,195
nowoczesny,ADJ,194
domowy,ADJ,191
dziwny,ADJ,190
silny,ADJ,188
niezbędny,ADJ,186
dzisiejszy,ADJ,185
ładny,ADJ,183
finansowy,ADJ,181
wyjątkowy,ADJ,181
właściwy,ADJ,179
publiczny,ADJ,178
jasny,ADJ,177
ludzki,ADJ,176
wybrany,ADJ,174,wybrać
istotny,ADJ,173
otwarty,ADJ,172
skuteczny,ADJ,171
poważny,ADJ,170
wygodny,ADJ,170
obecny,ADJ,169
stały,ADJ,169
szeroki,ADJ,169
konieczny,ADJ,167
fajny,ADJ,167
osobisty,ADJ,167
ciężki,ADJ,163
znany,ADJ,163,znać
techniczny,ADJ,162
społeczny,ADJ,162
profesjonalny,ADJ,161
prywatny,ADJ,161
czysty,ADJ,159
zadowolony,ADJ,159
dany,ADJ,157
konkretny,ADJ,156
szkolny,ADJ,151
czerwony,ADJ,150
ulubiony,ADJ,149
wymagany,ADJ,149,wymagać
zwykły,ADJ,146
prowadzony,ADJ,145,prowadzić
pozytywny,ADJ,144
zawodowy,ADJ,143
ciepły,ADJ,141
przyszły,ADJ,141
niewielki,ADJ,140
fizyczny,ADJ,139
zainteresowany,ADJ,139,zainteresować
codzienny,ADJ,138
powyższy,ADJ,137
angielski,ADJ,136
prawny,ADJ,136
zewnętrzny,ADJ,136
zielony,ADJ,136
rodzinny,ADJ,135
wewnętrzny,ADJ,134
bogaty,ADJ,131
sportowy,ADJ,131
głupi,ADJ,131
poprzedni,ADJ,131
lekki,ADJ,129
poszczególny,ADJ,129
świeży,ADJ,128
elektryczny,ADJ,127
określony,ADJ,126,określić
delikatny,ADJ,125
medyczny,ADJ,124
szczególny,ADJ,124
oryginalny,ADJ,123
wczesny,ADJ,123
widoczny,ADJ,121
zamknięty,ADJ,120,zamknąć
normalny,ADJ,119
przygotowany,ADJ,117,przygotować
lokalny,ADJ,116
bezpłatny,ADJ,116
atrakcyjny,ADJ,115
mocny,ADJ,115
szczegółowy,ADJ,115
używany,ADJ,115,używać
słaby,ADJ,115
praktyczny,ADJ,114
gospodarczy,ADJ,112
niebezpieczny,ADJ,110
niesamowity,ADJ,109
popularny,ADJ,109
stosowany,ADJ,109,stosować
dawny,ADJ,108
średni,ADJ,108
osobowy,ADJ,108
super,ADJ,108
prawidłowy,ADJ,106
przyjemny,ADJ,106
elektroniczny,ADJ,105
podany,ADJ,105,podać
aktywny,ADJ,104
słodki,ADJ,103
dowolny,ADJ,102
aktualny,ADJ,101
dokładny,ADJ,100
lewy,ADJ,99
wyposażony,ADJ,98,wyposażyć
drobny,ADJ,96
ciemny,ADJ,95
poniższy,ADJ,95
prawy,ADJ,95
elegancki,ADJ,95
udany,ADJ,95
klasyczny,ADJ,94
obcy,ADJ,93
świąteczny,ADJ,92
drewniany,ADJ,92
tradycyjny,ADJ,92
dorosły,ADJ,91
polityczny,ADJ,90
niezły,ADJ,90
tani,ADJ,89
niezwykły,ADJ,89
gorący,ADJ,88
pański,ADJ,88
interesujący,ADJ,87
współczesny,ADJ,87
handlowy,ADJ,87
miękki,ADJ,87
darmowy,ADJ,86
głęboki,ADJ,86
kolorowy,ADJ,86
suchy,ADJ,86
żywy,ADJ,86
cudowny,ADJ,85
odpowiedzialny,ADJ,85
wykonywany,ADJ,85,wykonywać
liczny,ADJ,85
zimowy,ADJ,84
międzynarodowy,ADJ,84
biznesowy,ADJ,83
sztuczny,ADJ,83
budowlany,ADJ,83
drogi,ADJ,83
miejski,ADJ,83
słoneczny,ADJ,83
złoty,ADJ,82
muzyczny,ADJ,82
wykorzystywany,ADJ,82,wykorzystywać
chory,ADJ,82
zimny,ADJ,82
ogólny,ADJ,81
całkowity,ADJ,80
pyszny,ADJ,80
przydatny,ADJ,80
kluczowy,ADJ,77
mądry,ADJ,77
spokojny,ADJ,77
niebieski,ADJ,76
ostry,ADJ,76
wodny,ADJ,76
kompleksowy,ADJ,75
martwy,ADJ,75
męski,ADJ,75
straszny,ADJ,74
intensywny,ADJ,73
skomplikowany,ADJ,73
zabawny,ADJ,73
wskazany,ADJ,72,wskazać
ekologiczny,ADJ,71
europejski,ADJ,71
pusty,ADJ,71
cenny,ADJ,71
sprawdzony,ADJ,70,sprawdzić
reklamowy,ADJ,70
spory,ADJ,70
telefoniczny,ADJ,69
elastyczny,ADJ,69
samochodowy,ADJ,69
wymieniony,ADJ,69,wymienić
niemożliwy,ADJ,69
dziecięcy,ADJ,68
francuski,ADJ,68
bezpośredni,ADJ,68
naukowy,ADJ,67
wart,ADJ,67
czwarty,ADJ,67
zawarty,ADJ,67,zawrzeć
wrażliwy,ADJ,66
trwały,ADJ,65
górny,ADJ,64
korzystny,ADJ,64
smaczny,ADJ,64
ślubny,ADJ,64
wdzięczny,ADJ,64
letni,ADJ,64
oczywisty,ADJ,64
zgodny,ADJ,64
złożony,ADJ,64,złożyć
ciągły,ADJ,63
komputerowy,ADJ,63
oferowany,ADJ,63,oferować
późny,ADJ,63
zagraniczny,ADJ,63
niniejszy,ADJ,62
ograniczony,ADJ,62,ograniczyć
przyjazny,ADJ,62
dumny,ADJ,62
podatkowy,ADJ,62
świadomy,ADJ,61
cyfrowy,ADJ,60
zeszły,ADJ,60
ostateczny,ADJ,60
cichy,ADJ,59
przedstawiony,ADJ,59,przedstawić
negatywny,ADJ,59
regularny,ADJ,59
stworzony,ADJ,59,stworzyć
żółty,ADJ,59
drogowy,ADJ,58
godny,ADJ,58
przemysłowy,ADJ,58
śliczny,ADJ,58
artystyczny,ADJ,58
graficzny,ADJ,58
odporny,ADJ,58
oficjalny,ADJ,58
uniwersalny,ADJ,58
energetyczny,ADJ,57
napisany,ADJ,57,napisać
zrobiony,ADJ,57,zrobić
historyczny,ADJ,57
ukryty,ADJ,57,ukryć
bankowy,ADJ,57
częsty,ADJ,56
podwójny,ADJ,56
znaczny,ADJ,56
kochany,ADJ,56,kochać
kompletny,ADJ,56
morski,ADJ,56
oparty,ADJ,56,oprzeć
zaawansowany,ADJ,56
fantastyczny,ADJ,55
maksymalny,ADJ,55
nocny,ADJ,55
fałszywy,ADJ,55
kontaktowy,ADJ,55
kredytowy,ADJ,55
mobilny,ADJ,55
twardy,ADJ,55
bieżący,ADJ,54
niezależny,ADJ,54
samodzielny,ADJ,54
przeciwny,ADJ,54
życiowy,ADJ,54
ewentualny,ADJ,54
włoski,ADJ,54
zorganizowany,ADJ,54,zorganizować
chemiczny,ADJ,53
końcowy,ADJ,53
metalowy,ADJ,53
pojedynczy,ADJ,53
szalony,ADJ,53
gruby,ADJ,53
magiczny,ADJ,53
obowiązkowy,ADJ,52
zawierany,ADJ,52,zawierać
zmęczony,ADJ,52
zniszczony,ADJ,52,zniszczyć
automatyczny,ADJ,52
gładki,ADJ,52
solidny,ADJ,52
szary,ADJ,52
edukacyjny,ADJ,51
ekonomiczny,ADJ,51
inteligentny,ADJ,51
połączony,ADJ,51,połączyć
smutny,ADJ,51
efektywny,ADJ,51
informacyjny,ADJ,51
lekarski,ADJ,51
standardowy,ADJ,51
funkcjonalny,ADJ,51
pomocny,ADJ,51
samotny,ADJ,51
niepełnosprawny,ADJ,50
realizowany,ADJ,50,realizować
skierowany,ADJ,50,skierować
światowy,ADJ,50
uzależniony,ADJ,50,uzależnić
nieważny,ADJ,50
realny,ADJ,50
charakterystyczny,ADJ,49
zdrowotny,ADJ,49
cholerny,ADJ,49
miejscowy,ADJ,49
opisany,ADJ,49,opisać
potencjalny,ADJ,49
wojskowy,ADJ,49
krajowy,ADJ,49
podejrzany,ADJ,49,podejrzeć
miany,ADJ,48,mieć
stabilny,ADJ,48
ranny,ADJ,48
turystyczny,ADJ,48
były,ADJ,47
damski,ADJ,47
językowy,ADJ,47
rzeczywisty,ADJ,47
potężny,ADJ,47
minimalny,ADJ,46
modny,ADJ,46
przepiękny,ADJ,46
biedny,ADJ,46
komfortowy,ADJ,46
powszechny,ADJ,46
święty,ADJ,46
równy,ADJ,45
sprawny,ADJ,45
uszkodzony,ADJ,45,uszkodzić
inwestycyjny,ADJ,45
specjalistyczny,ADJ,45
filmowy,ADJ,44
kuchenny,ADJ,44
ochronny,ADJ,44
produkcyjny,ADJ,44
firmowy,ADJ,44
optymalny,ADJ,44
poświęcony,ADJ,44,poświęcić
rowerowy,ADJ,44
śmieszny,ADJ,44
typowy,ADJ,44
zajęty,ADJ,44,zająć
znakomity,ADJ,44
szczery,ADJ,44
ubiegły,ADJ,44
dzienny,ADJ,43
nieznany,ADJ,43
przekonany,ADJ,43
wartościowy,ADJ,43
zalecany,ADJ,43,zalecać
zaprojektowany,ADJ,43,zaprojektować
dopasowany,ADJ,43,dopasować
osobny,ADJ,43
papierowy,ADJ,43
posiadany,ADJ,43,posiadać
surowy,ADJ,43
uroczy,ADJ,43
zbędny,ADJ,43
chłodny,ADJ,42
polecany,ADJ,42,polecać
wystarczający,ADJ,42
cienki,ADJ,42
istniejący,ADJ,42,istnieć
planowany,ADJ,42,planować
zdolny,ADJ,42
chętny,ADJ,41
duchowy,ADJ,41
estetyczny,ADJ,41
fotograficzny,ADJ,41
objęty,ADJ,41,objąć
ustalony,ADJ,41,ustalić
wieloletni,ADJ,41
centralny,ADJ,41
emocjonalny,ADJ,41
roboczy,ADJ,41
tylny,ADJ,41
znaczący,ADJ,41
dobra,ADJ,41
dolny,ADJ,41
narodowy,ADJ,41
nietypowy,ADJ,41
piąty,ADJ,41
psychiczny,ADJ,41
spowodowany,ADJ,41,spowodować
umieszczony,ADJ,41,umieścić
wstępny,ADJ,41
znajdowany,ADJ,41,znajdować
innowacyjny,ADJ,40
kosmetyczny,ADJ,40
unikalny,ADJ,40
wirtualny,ADJ,40
wyraźny,ADJ,40
spożywczy,ADJ,40
szkodliwy,ADJ,40
tajemniczy,ADJ,40
wakacyjny,ADJ,40
dostosowany,ADJ,39,dostosować
komórkowy,ADJ,39
kobiecy,ADJ,39
nerwowy,ADJ,39
niepowtarzalny,ADJ,39
zakończony,ADJ,39,zakończyć
niewinny,ADJ,39
rozsądny,ADJ,39
doświadczony,ADJ,38,doświadczyć
mechaniczny,ADJ,38
pieprzony,ADJ,38,pieprzyć
społecznościowy,ADJ,38
wypełniony,ADJ,38,wypełnić
cywilny,ADJ,38
czynny,ADJ,38
globalny,ADJ,38
ponowny,ADJ,38
przedni,ADJ,38
psychologiczny,ADJ,38
kokosowy,ADJ,37
organizacyjny,ADJ,37
plastikowy,ADJ,37
prezentowany,ADJ,37,prezentować
różowy,ADJ,37
autorski,ADJ,37
będący,ADJ,37,być
brązowy,ADJ,37
chiński,ADJ,37
jesienny,ADJ,37
odważny,ADJ,37
promocyjny,ADJ,37
przyjęty,ADJ,37,przyjąć
kiepski,ADJ,36
nudny,ADJ,36
przeprowadzony,ADJ,36,przeprowadzić
srebrny,ADJ,36
szkoleniowy,ADJ,36
biurowy,ADJ,36
rewelacyjny,ADJ,36
ukochany,ADJ,36,ukochać
dotychczasowy,ADJ,36
genialny,ADJ,36
mailowy,ADJ,36
nadmierny,ADJ,36
państwowy,ADJ,36
brudny,ADJ,35
mieszkalny,ADJ,35
mokry,ADJ,35
różnorodny,ADJ,35
informatyczny,ADJ,35
kulturalny,ADJ,35
lotniczy,ADJ,35
okropny,ADJ,35
rzadki,ADJ,35
dziki,ADJ,34
pozbawiony,ADJ,34,pozbawić
religijny,ADJ,34
tegoroczny,ADJ,34
japoński,ADJ,34
niezawodny,ADJ,34
odżywczy,ADJ,34
operacyjny,ADJ,34
organizowany,ADJ,34,organizować
szklany,ADJ,34
wyborczy,ADJ,34
zaskoczony,ADJ,34,zaskoczyć
bolesny,ADJ,33
długotrwały,ADJ,33
piersiowy,ADJ,33
fachowy,ADJ,33
nadchodzący,ADJ,33,nadchodzić
plastyczny,ADJ,33
położony,ADJ,33,położyć
sądowy,ADJ,33
składany,ADJ,33,składać
wzajemny,ADJ,33
zakupiony,ADJ,33,zakupić
zależny,ADJ,33
głodny,ADJ,33
romantyczny,ADJ,33
zwany,ADJ,33,zwać
niewłaściwy,ADJ,32
pijany,ADJ,32
płaski,ADJ,32
regionalny,ADJ,32
kreatywny,ADJ,32
niepotrzebny,ADJ,32
precyzyjny,ADJ,32
chroniony,ADJ,31
jednorazowy,ADJ,31
kosmiczny,ADJ,31
królewski,ADJ,31
marketingowy,ADJ,31
nieprzyjemny,ADJ,31
ogrodowy,ADJ,31
podzielony,ADJ,31,podzielić
przykładowy,ADJ,31
widziany,ADJ,31,widzieć
wiosenny,ADJ,31
wspomniany,ADJ,31,wspomnieć
zapakowany,ADJ,31,zapakować
dobrany,ADJ,31,dobrać
logiczny,ADJ,31
natychmiastowy,ADJ,31
początkowy,ADJ,31
specyficzny,ADJ,31
tłusty,ADJ,31
wydajny,ADJ,31
wykwalifikowany,ADJ,31,wykwalifikować
zaangażowany,ADJ,31,zaangażować
administracyjny,ADJ,31
groźny,ADJ,31
nierdzewny,ADJ,31
pokarmowy,ADJ,31
radosny,ADJ,31
transportowy,ADJ,31
ustny,ADJ,31
wyznaczony,ADJ,31,wyznaczyć
zachwycony,ADJ,31,zachwycić
zaplanowany,ADJ,31,zaplanować
nagły,ADJ,30
narażony,ADJ,30,narazić
organiczny,ADJ,30
poprawny,ADJ,30
skórzany,ADJ,30
stalowy,ADJ,30
tworzony,ADJ,30,tworzyć
zagrożony,ADJ,30,zagrozić
dynamiczny,ADJ,30
konkurencyjny,ADJ,30
leczniczy,ADJ,30
ozdobny,ADJ,30
pomarańczowy,ADJ,30
pozwalany,ADJ,30,pozwalać
regulowany,ADJ,30,regulować
ręczny,ADJ,30
zajmowany,ADJ,30,zajmować
dedykowany,ADJ,29
działający,ADJ,29,działać
poszukiwany,ADJ,29,poszukiwać
robiony,ADJ,29,robić
twórczy,ADJ,29
uboczny,ADJ,29
zróżnicowany,ADJ,29,zróżnicować
identyczny,ADJ,29
oczekiwany,ADJ,29
produkowany,ADJ,29,produkować
śmiertelny,ADJ,29
wąski,ADJ,29
wilgotny,ADJ,29
winien,ADJ,29
winny,ADJ,29
wydany,ADJ,29,wydać
wymarzony,ADJ,29,wymarzyć
wynikający,ADJ,29,wynikać
zabroniony,ADJ,29,zabronić
boczny,ADJ,28
grupowy,ADJ,28
nożny,ADJ,28
pracujący,ADJ,28,pracować
sprzedawany,ADJ,28,sprzedawać
szósty,ADJ,28
unijny,ADJ,28
ustalany,ADJ,28,ustalać
zakochany,ADJ,28,zakochać
zwiększony,ADJ,28,zwiększyć
zwyczajny,ADJ,28
agresywny,ADJ,28
brytyjski,ADJ,28
gwarantowany,ADJ,28,gwarantować
łagodny,ADJ,28
nielegalny,ADJ,28
wczorajszy,ADJ,28
wesoły,ADJ,28
zarejestrowany,ADJ,28,zarejestrować
gazowy,ADJ,28
krytyczny,ADJ,28
olbrzymi,ADJ,28
pisemny,ADJ,28
płynny,ADJ,28
przejrzysty,ADJ,28
przerażający,ADJ,28
służący,ADJ,28,służyć
technologiczny,ADJ,28
genetyczny,ADJ,27
komunikacyjny,ADJ,27
laserowy,ADJ,27
następujący,ADJ,27
płatny,ADJ,27
policyjny,ADJ,27
przewidziany,ADJ,27,przewidzieć
spędzony,ADJ,27,spędzić
stojący,ADJ,27,stać
stylowy,ADJ,27
świadczony,ADJ,27,świadczyć
urodzinowy,ADJ,27
użyty,ADJ,27,użyć
założony,ADJ,27,założyć
biologiczny,ADJ,27
chciany,ADJ,27,chcieć
gęsty,ADJ,27
mieszkaniowy,ADJ,27
nagrodzony,ADJ,27,nagrodzić
pożądany,ADJ,27,pożądać
rozwinięty,ADJ,27
skończony,ADJ,27,skończyć
tajny,ADJ,27
umożliwiany,ADJ,27,umożliwiać
weselny,ADJ,27
czasowy,ADJ,26
kontrolny,ADJ,26
masowy,ADJ,26
pilny,ADJ,26
słuszny,ADJ,26
stosowny,ADJ,26
zakazany,ADJ,26,zakazać
zamówiony,ADJ,26,zamówić
dekoracyjny,ADJ,26
karny,ADJ,26
księgowy,ADJ,26
malutki,ADJ,26
parkingowy,ADJ,26
porządny,ADJ,26
projektowy,ADJ,26
roślinny,ADJ,26
traktowany,ADJ,26,traktować
wieczny,ADJ,26
zamieszczony,ADJ,26,zamieścić
zapinany,ADJ,26,zapinać
zebrany,ADJ,26,zebrać
badawczy,ADJ,26
dala,ADJ,26
efektowny,ADJ,26
mieszany,ADJ,26
oddzielny,ADJ,26
przystępny,ADJ,26
wiarygodny,ADJ,26
zasadniczy,ADJ,26
żywieniowy,ADJ,26
alternatywny,ADJ,25
ambitny,ADJ,25
długoterminowy,ADJ,25
hiszpański,ADJ,25
kulinarny,ADJ,25
pieniężny,ADJ,25
poranny,ADJ,25
powiązany,ADJ,25,powiązać
prasowy,ADJ,25
wiekowy,ADJ,25
wytrzymany,ADJ,25,wytrzymać
zachodni,ADJ,25
zbudowany,ADJ,25,zbudować
awaryjny,ADJ,25
dostarczany,ADJ,25,dostarczać
mineralny,ADJ,25
niezapomniany,ADJ,25
odmienny,ADJ,25
pocztowy,ADJ,25
radiowy,ADJ,25
stacjonarny,ADJ,25
suszony,ADJ,25,suszyć
telewizyjny,ADJ,25
usunięty,ADJ,25,usunąć
wizualny,ADJ,25
wprowadzony,ADJ,25,wprowadzić
wykorzystany,ADJ,25,wykorzystać
zapewniany,ADJ,25,zapewniać
zapisany,ADJ,25,zapisać
boski,ADJ,24
jednorodzinny,ADJ,24
kosztowny,ADJ,24
moralny,ADJ,24
przyjmowany,ADJ,24,przyjmować
sieciowy,ADJ,24
sympatyczny,ADJ,24
szlachetny,ADJ,24
ścisły,ADJ,24
wyłączony,ADJ,24,wyłączyć
błędny,ADJ,24
czekoladowy,ADJ,24
docelowy,ADJ,24
kolejowy,ADJ,24
obywatelski,ADJ,24
pokryty,ADJ,24,pokryć
przygotowywany,ADJ,24,przygotowywać
przystosowany,ADJ,24,przystosować
rolniczy,ADJ,24
tłuszczowy,ADJ,24
ubezpieczeniowy,ADJ,24
uczciwy,ADJ,24
użyteczny,ADJ,24
aluminiowy,ADJ,23
górski,ADJ,23
hipoteczny,ADJ,23
małżeński,ADJ,23
materialny,ADJ,23
nazywany,ADJ,23,nazywać
oddechowy,ADJ,23
proponowany,ADJ,23,proponować
rosnący,ADJ,23,rosnąć
strategiczny,ADJ,23
wliczony,ADJ,23,wliczyć
wysłany,ADJ,23,wysłać
wyświetlany,ADJ,23,wyświetlać
zapalny,ADJ,23
zastosowany,ADJ,23,zastosować
zdecydowany,ADJ,23
dogodny,ADJ,23
konferencyjny,ADJ,23
legalny,ADJ,23
merytoryczny,ADJ,23
podpisany,ADJ,23,podpisać
tragiczny,ADJ,23
wieczorny,ADJ,23
wojenny,ADJ,23
wychowawczy,ADJ,23
występujący,ADJ,23,występować
zwolniony,ADJ,23,zwolnić
atmosferyczny,ADJ,23
bezprzewodowy,ADJ,23
formalny,ADJ,23
głośny,ADJ,23
klimatyczny,ADJ,23
kulturowy,ADJ,23
roczny,ADJ,23
towarzyski,ADJ,23
uznany,ADJ,23,uznać
zabezpieczony,ADJ,23,zabezpieczyć
zaproszony,ADJ,23,zaprosić
złamany,ADJ,23,złamać
dozwolony,ADJ,22,dozwolić
grecki,ADJ,22
komercyjny,ADJ,22
kontrolowany,ADJ,22,kontrolować
magnetyczny,ADJ,22
nieszczęśliwy,ADJ,22
oczyszczony,ADJ,22,oczyścić
pamiątkowy,ADJ,22
perfekcyjny,ADJ,22
początkujący,ADJ,22
rzetelny,ADJ,22
tematyczny,ADJ,22
terapeutyczny,ADJ,22
toksyczny,ADJ,22
treningowy,ADJ,22
ubrany,ADJ,22,ubrać
użytkowy,ADJ,22
dopuszczalny,ADJ,22
kierowany,ADJ,22,kierować
leśny,ADJ,22
magazynowy,ADJ,22
potwierdzany,ADJ,22,potwierdzać
przekazany,ADJ,22,przekazać
przestronny,ADJ,22
rolny,ADJ,22
rynkowy,ADJ,22
zapasowy,ADJ,22
zatrzymany,ADJ,22,zatrzymać
zrealizowany,ADJ,22,zrealizować
bezdomny,ADJ,21
hormonalny,ADJ,21
luźny,ADJ,21
miesięczny,ADJ,21
okolicznościowy,ADJ,21
południowy,ADJ,21
prawdopodobny,ADJ,21
rozwijany,ADJ,21,rozwijać
ruchowy,ADJ,21
skromny,ADJ,21
starożytny,ADJ,21
sztywny,ADJ,21
usługowy,ADJ,21
zadbany,ADJ,21,zadbać
zagubiony,ADJ,21
załączony,ADJ,21,załączyć
zdalny,ADJ,21
zmuszony,ADJ,21,zmusić
zrównoważony,ADJ,21
medialny,ADJ,21
owocowy,ADJ,21
podawany,ADJ,21,podawać
przeciętny,ADJ,21
skazany,ADJ,21,skazać
tymczasowy,ADJ,21
wybitny,ADJ,21
zabity,ADJ,21,zabić
zobowiązany,ADJ,21,zobowiązać
zwrotny,ADJ,21
akademicki,ADJ,21
dydaktyczny,ADJ,21
marny,ADJ,21
obszerny,ADJ,21
pogodowy,ADJ,21
przestrzenny,ADJ,21
ratunkowy,ADJ,21
serdeczny,ADJ,21
wiejski,ADJ,21
zdobyty,ADJ,21,zdobyć
złośliwy,ADJ,21
brzydki,ADJ,20
dodany,ADJ,20,dodać
federalny,ADJ,20
hotelowy,ADJ,20
jednolity,ADJ,20
obowiązujący,ADJ,20
oznaczony,ADJ,20,oznaczyć
pisany,ADJ,20,pisać
potwierdzony,ADJ,20,potwierdzić
racjonalny,ADJ,20
rządowy,ADJ,20
socjalny,ADJ,20
teatralny,ADJ,20
uzasadniony,ADJ,20
wbudowany,ADJ,20,wbudować
zastępczy,ADJ,20
fiskalny,ADJ,20
laboratoryjny,ADJ,20
maleńki,ADJ,20
nastawiony,ADJ,20,nastawić
niepożądany,ADJ,20
opublikowany,ADJ,20,opublikować
pedagogiczny,ADJ,20
pierwotny,ADJ,20
rozbudowany,ADJ,20,rozbudować
swobodny,ADJ,20
teoretyczny,ADJ,20
wierny,ADJ,20
zaginiony,ADJ,20
zbiorowy,ADJ,20
zdjęciowy,ADJ,20
absolutny,ADJ,19
błyskawiczny,ADJ,19
chirurgiczny,ADJ,19
czytelny,ADJ,19
gwałtowny,ADJ,19
interaktywny,ADJ,19
motoryzacyjny,ADJ,19
odrębny,ADJ,19
otaczany,ADJ,19,otaczać
podłogowy,ADJ,19
poruszany,ADJ,19,poruszać
próbny,ADJ,19
przystojny,ADJ,19
służbowy,ADJ,19
towarzyszący,ADJ,19,towarzyszyć
wideo,ADJ,19
wydawany,ADJ,19,wydawać
wykluczony,ADJ,19,wykluczyć
zazdrosny,ADJ,19
ziemski,ADJ,19
brany,ADJ,19,brać
ceniony,ADJ,19,cenić
cenowy,ADJ,19
jednoznaczny,ADJ,19
kwalifikacyjny,ADJ,19
luksusowy,ADJ,19
nieliczny,ADJ,19
obowiązywany,ADJ,19,obowiązywać
piłkarski,ADJ,19
płciowy,ADJ,19
sanitarny,ADJ,19
seryjny,ADJ,19
startowy,ADJ,19
zmienny,ADJ,19
alergiczny,ADJ,18
architektoniczny,ADJ,18
ceramiczny,ADJ,18
dołączony,ADJ,18,dołączyć
ekstremalny,ADJ,18
grzewczy,ADJ,18
konkursowy,ADJ,18
miniony,ADJ,18
ostrożny,ADJ,18
otrzymany,ADJ,18,otrzymać
panujący,ADJ,18,panować
pasowany,ADJ,18,pasować
podziemny,ADJ,18
pokojowy,ADJ,18
przedstawiany,ADJ,18,przedstawiać
przekazywany,ADJ,18,przekazywać
rozmaity,ADJ,18
ryzykowny,ADJ,18
uważany,ADJ,18,uważać
uzyskany,ADJ,18,uzyskać
zatrudniony,ADJ,18,zatrudnić
bity,ADJ,18,bić
kolorystyczny,ADJ,18
kurierski,ADJ,18
kwiatowy,ADJ,18
miłosny,ADJ,18
mleczny,ADJ,18
narciarski,ADJ,18
obronny,ADJ,18
okrągły,ADJ,18
płatniczy,ADJ,18
pokrojony,ADJ,18,pokroić
północny,ADJ,18
przypadkowy,ADJ,18
rejestracyjny,ADJ,18
samorządowy,ADJ,18
taneczny,ADJ,18
trwający,ADJ,18,trwać
utalentowany,ADJ,18
wspierany,ADJ,18,wspierać
wściekły,ADJ,18
zabezpieczany,ADJ,18,zabezpieczać
dramatyczny,ADJ,18
fascynujący,ADJ,18
hydrauliczny,ADJ,18
imponujący,ADJ,18
integracyjny,ADJ,18
kruchy,ADJ,18
krwionośny,ADJ,18
niedostępny,ADJ,18
okresowy,ADJ,18
opracowany,ADJ,18,opracować
przerażony,ADJ,18
rachunkowy,ADJ,18
sławny,ADJ,18
środowiskowy,ADJ,18
uzbrojony,ADJ,18,uzbroić
zgłoszony,ADJ,18,zgłosić
dochodowy,ADJ,17
dojrzały,ADJ,17
drukowany,ADJ,17,drukować
gotówkowy,ADJ,17
inspirowany,ADJ,17,inspirować
intymny,ADJ,17
kliniczny,ADJ,17
kremowy,ADJ,17
mięśniowy,ADJ,17
neutralny,ADJ,17
pewien,ADJ,17
powstały,ADJ,17
profilaktyczny,ADJ,17
przykry,ADJ,17
rozszerzony,ADJ,17,rozszerzyć
rozwojowy,ADJ,17
spełniony,ADJ,17,spełnić
zmieniany,ADJ,17,zmieniać
erotyczny,ADJ,17
goły,ADJ,17
mroczny,ADJ,17
niepokojący,ADJ,17
partnerski,ADJ,17
pracowniczy,ADJ,17
przechowywany,ADJ,17,przechowywać
przewlekły,ADJ,17
przytulny,ADJ,17
puszysty,ADJ,17
rzeczowy,ADJ,17
siódmy,ADJ,17
statystyczny,ADJ,17
uroczysty,ADJ,17
ustawiony,ADJ,17,ustawić
wytrzymały,ADJ,17
zdenerwowany,ADJ,17,zdenerwować
zmieniony,ADJ,17,zmienić
znaleziony,ADJ,17,znaleźć
autentyczny,ADJ,16
beznadziejny,ADJ,16
cudny,ADJ,16
egzotyczny,ADJ,16
higieniczny,ADJ,16
malowany,ADJ,16,malować
młodzieżowy,ADJ,16
moczowy,ADJ,16
niedzielny,ADJ,16
nieprawidłowy,ADJ,16
okrutny,ADJ,16
optyczny,ADJ,16
otwarci,ADJ,16
podjęty,ADJ,16,podjąć
pomiarowy,ADJ,16
powrotny,ADJ,16
przedszkolny,ADJ,16
przedwczesny,ADJ,16
przyzwoity,ADJ,16
smażony,ADJ,16,smażyć
sprawiedliwy,ADJ,16
stracony,ADJ,16,stracić
syntetyczny,ADJ,16
systemowy,ADJ,16
świetlny,ADJ,16
towarowy,ADJ,16
wschodni,ADJ,16
zachowany,ADJ,16,zachować
zapomniany,ADJ,16,zapomnieć
zintegrowany,ADJ,16,zintegrować
żałosny,ADJ,16
żyjący,ADJ,16,żyć
alarmowy,ADJ,16
aromatyczny,ADJ,16
azjatycki,ADJ,16
dostarczony,ADJ,16,dostarczyć
dzielny,ADJ,16
emerytalny,ADJ,16
ludowy,ADJ,16
nagi,ADJ,16
nierówny,ADJ,16
opłacalny,ADJ,16
otoczony,ADJ,16,otoczyć
pobliski,ADJ,16
pozarządowy,ADJ,16
sprzeczny,ADJ,16
szwedzki,ADJ,16
wysyłany,ADJ,16,wysyłać
wytwarzany,ADJ,16,wytwarzać
zamienny,ADJ,16
zrozumiały,ADJ,16
życzliwy,ADJ,16
bezużyteczny,ADJ,15
budżetowy,ADJ,15
cierpiany,ADJ,15,cierpieć
energooszczędny,ADJ,15
grany,ADJ,15,grać
karmiony,ADJ,15
konstruktywny,ADJ,15
miny,ADJ,15
nadzwyczajny,ADJ,15
niecały,ADJ,15
podekscytowany,ADJ,15,podekscytować
pomidorowy,ADJ,15
satelitarny,ADJ,15
sezonowy,ADJ,15
spełniany,ADJ,15,spełniać
subtelny,ADJ,15
termiczny,ADJ,15
uznawany,ADJ,15,uznawać
włączony,ADJ,15,włączyć
bezwzględny,ADJ,15
brutalny,ADJ,15
celny,ADJ,15
demokratyczny,ADJ,15
dobrowolny,ADJ,15
dźwiękowy,ADJ,15
generalny,ADJ,15
grzeczny,ADJ,15
gwarancyjny,ADJ,15
honorowy,ADJ,15
kawowy,ADJ,15
maszynowy,ADJ,15
nieunikniony,ADJ,15
nieustanny,ADJ,15
obrotowy,ADJ,15
opuszczony,ADJ,15
przenośny,ADJ,15
przeprowadzany,ADJ,15,przeprowadzać
przezroczysty,ADJ,15
serwisowy,ADJ,15
spotykany,ADJ,15
spór,ADJ,15
sprytny,ADJ,15
symboliczny,ADJ,15
szukany,ADJ,15,szukać
totalny,ADJ,15
udzielany,ADJ,15,udzielać
urządzony,ADJ,15,urządzić
wentylacyjny,ADJ,15
wszechstronny,ADJ,15
zawieszony,ADJ,15,zawiesić
zaznaczony,ADJ,15,zaznaczyć
alkoholowy,ADJ,15
aresztowany,ADJ,15,aresztować
geograficzny,ADJ,15
niewiarygodny,ADJ,15
niewidoczny,ADJ,15
obojętny,ADJ,15
owocny,ADJ,15
pobierany,ADJ,15,pobierać
pokazany,ADJ,15,pokazać
przedmiotowy,ADJ,15
słynny,ADJ,15
studencki,ADJ,15
ubogi,ADJ,15
umiarkowany,ADJ,15
uprawniony,ADJ,15,uprawnić
weekendowy,ADJ,15
zainstalowany,ADJ,15,zainstalować
zapachowy,ADJ,15
zaskakujący,ADJ,15
członkowski,ADJ,14
dawany,ADJ,14,dawać
deszczowy,ADJ,14
dotknięty,ADJ,14,dotknąć
ekskluzywny,ADJ,14
intelektualny,ADJ,14
kąpielowy,ADJ,14
kryzysowy,ADJ,14
literacki,ADJ,14
matematyczny,ADJ,14
naiwny,ADJ,14
niedawny,ADJ,14
niekorzystny,ADJ,14
oddany,ADJ,14,oddać
odpornościowy,ADJ,14
osiągnięty,ADJ,14,osiągnąć
pielęgnacyjny,ADJ,14
podejmowany,ADJ,14,podejmować
poręczny,ADJ,14
powierzony,ADJ,14,powierzyć
przegrany,ADJ,14,przegrać
siedzący,ADJ,14,siedzieć
szybka,ADJ,14
tany,ADJ,14
unikatowy,ADJ,14
usuwany,ADJ,14,usuwać
wystawiony,ADJ,14,wystawić
zachodzący,ADJ,14,zachodzić
zamykany,ADJ,14,zamykać
cudzy,ADJ,14
dziesiąty,ADJ,14
intuicyjny,ADJ,14
kwaśny,ADJ,14
logistyczny,ADJ,14
majątkowy,ADJ,14
manualny,ADJ,14
monitorowany,ADJ,14,monitorować
należący,ADJ,14,należeć
nawilżany,ADJ,14,nawilżać
odległy,ADJ,14
ofertowy,ADJ,14
opisywany,ADJ,14,opisywać
poddany,ADJ,14,poddać
postawiony,ADJ,14,postawić
procentowy,ADJ,14
spalony,ADJ,14,spalić
sprzedany,ADJ,14,sprzedać
systematyczny,ADJ,14
umówiony,ADJ,14,umówić
utracony,ADJ,14,utracić
zamontowany,ADJ,14,zamontować
zgłoszeniowy,ADJ,14
bezcenny,ADJ,13
charytatywny,ADJ,13
częściowy,ADJ,13
dominowany,ADJ,13,dominować
gumowy,ADJ,13
kamienny,ADJ,13
korzystający,ADJ,13,korzystać
nieodpowiedni,ADJ,13
niewidzialny,ADJ,13
okoliczny,ADJ,13
omawiany,ADJ,13,omawiać
powietrzny,ADJ,13
przepyszny,ADJ,13
ślepy,ADJ,13
uprzejmy,ADJ,13
utrzymany,ADJ,13,utrzymać
wykończony,ADJ,13,wykończyć
zablokowany,ADJ,13
zapewniony,ADJ,13,zapewnić
zbliżany,ADJ,13,zbliżać
afrykański,ADJ,13
anonimowy,ADJ,13
ciasny,ADJ,13
decydowany,ADJ,13,decydować
gimnastyczny,ADJ,13
gotowany,ADJ,13
indyjski,ADJ,13
komunalny,ADJ,13
kontrowersyjny,ADJ,13
lubiany,ADJ,13
odrzucony,ADJ,13,odrzucić
odwiedzany,ADJ,13,odwiedzać
ortodontyczny,ADJ,13
orzechowy,ADJ,13
paskudny,ADJ,13
pionowy,ADJ,13
podatny,ADJ,13
przemyślany,ADJ,13,przemyśleć
rodzicielski,ADJ,13
rzymski,ADJ,13
skandynawski,ADJ,13
skłonny,ADJ,13
skradnięty,ADJ,13,skraść
sprawdzany,ADJ,13,sprawdzać
tutejszy,ADJ,13
uwięziony,ADJ,13,uwięzić
wyczerpujący,ADJ,13
zespołowy,ADJ,13
zgromadzony,ADJ,13,zgromadzić
ziemniaczany,ADJ,13
antykoncepcyjny,ADJ,13
betonowy,ADJ,13
bezproblemowy,ADJ,13
certyfikowany,ADJ,13,certyfikować
faktyczny,ADJ,13
foliowy,ADJ,13
gorzki,ADJ,13
liczony,ADJ,13,liczyć
łączony,ADJ,13,łączyć
obniżony,ADJ,13,obniżyć
odnawialny,ADJ,13
określany,ADJ,13,określać
ósmy,ADJ,13
personalny,ADJ,13
ponadczasowy,ADJ,13
poszkodowany,ADJ,13,poszkodować
przeciwpożarowy,ADJ,13
rozwiązany,ADJ,13,rozwiązać
sensowny,ADJ,13
skarbowy,ADJ,13
spektakularny,ADJ,13
środkowy,ADJ,13
uśmiechnięty,ADJ,13
wielokrotny,ADJ,13
wykształcony,ADJ,13,wykształcić
wypoczynkowy,ADJ,13
wyrazisty,ADJ,13
wzrokowy,ADJ,13
zamordowany,ADJ,13,zamordować
zarządzany,ADJ,13,zarządzać
zasilany,ADJ,13,zasilać
zbliżony,ADJ,13
zbrojny,ADJ,13
atomowy,ADJ,12
autobusowy,ADJ,12
bakteryjny,ADJ,12
ciążowy,ADJ,12
cierpliwy,ADJ,12
diagnostyczny,ADJ,12
fizjologiczny,ADJ,12
gastronomiczny,ADJ,12
gruntowny,ADJ,12
książkowy,ADJ,12
malowniczy,ADJ,12
mięsny,ADJ,12
multimedialny,ADJ,12
obserwowany,ADJ,12,obserwować
oceniany,ADJ,12,oceniać
powolny,ADJ,12
pożarny,ADJ,12
pożyteczny,ADJ,12
przeciwsłoneczny,ADJ,12
przeniesiony,ADJ,12,przenieść
przetwarzany,ADJ,12,przetwarzać
przyznany,ADJ,12,przyznać
publikowany,ADJ,12,publikować
rekreacyjny,ADJ,12
rozgrzany,ADJ,12,rozgrzać
rozpatrywany,ADJ,12,rozpatrywać
rozpoczęty,ADJ,12,rozpocząć
równoległy,ADJ,12
schodowy,ADJ,12
sekretny,ADJ,12
turecki,ADJ,12
uliczny,ADJ,12
wciągany,ADJ,12,wciągać
wejściowy,ADJ,12
wkurzony,ADJ,12,wkurzyć
wpisany,ADJ,12,wpisać
wtórny,ADJ,12
wybierany,ADJ,12,wybierać
zabytkowy,ADJ,12
zraniony,ADJ,12,zranić
zużyty,ADJ,12
zwycięski,ADJ,12
absurdalny,ADJ,12
badany,ADJ,12,badać
barwny,ADJ,12
branżowy,ADJ,12
dokonywany,ADJ,12,dokonywać
dwustronny,ADJ,12
farmaceutyczny,ADJ,12
fundamentalny,ADJ,12
kompetentny,ADJ,12
matowy,ADJ,12
mrożony,ADJ,12,mrozić
niewidomy,ADJ,12
pieczony,ADJ,12
płynący,ADJ,12,płynąć
pochodzący,ADJ,12,pochodzić
pojawiający,ADJ,12,pojawiać
polegający,ADJ,12,polegać
potrzebowany,ADJ,12,potrzebować
poziomy,ADJ,12
przesłany,ADJ,12,przesłać
przyrodniczy,ADJ,12
radykalny,ADJ,12
rozczarowany,ADJ,12,rozczarować
skupiony,ADJ,12
sobotni,ADJ,12
stomatologiczny,ADJ,12
ukończony,ADJ,12,ukończyć
wielkanocny,ADJ,12
wspomagany,ADJ,12,wspomagać
zarezerwowany,ADJ,12,zarezerwować
zdumiewający,ADJ,12
zlokalizowany,ADJ,12,zlokalizować
zmarły,ADJ,12
zwierzęcy,ADJ,12
żywnościowy,ADJ,12
czołowy,ADJ,11
dentystyczny,ADJ,11
fioletowy,ADJ,11
granatowy,ADJ,11
jakościowy,ADJ,11
kryminalny,ADJ,11
niedopuszczalny,ADJ,11
nieprzewidywalny,ADJ,11
niestandardowy,ADJ,11
nieśmiertelny,ADJ,11
nieudany,ADJ,11
obrzydliwy,ADJ,11
odkryty,ADJ,11,odkryć
popołudniowy,ADJ,11
produktowy,ADJ,11
rabatowy,ADJ,11
rozległy,ADJ,11
serwowany,ADJ,11,serwować
skrajny,ADJ,11
spójny,ADJ,11
sprzyjający,ADJ,11,sprzyjać
swoisty,ADJ,11
testowy,ADJ,11
ujemny,ADJ,11
wyjściowy,ADJ,11
wykonawczy,ADJ,11
zobowiązywany,ADJ,11,zobowiązywać
zwariować,ADJ,11
aktualizowany,ADJ,11,aktualizować
analogowy,ADJ,11
arabski,ADJ,11
asfaltowy,ADJ,11
benzynowy,ADJ,11
błękitny,ADJ,11
cieplny,ADJ,11
dziewiąty,ADJ,11
fryzjerski,ADJ,11
gminny,ADJ,11
hurtowy,ADJ,11
hybrydowy,ADJ,11
jednoczesny,ADJ,11
klubowy,ADJ,11
konstrukcyjny,ADJ,11
latający,ADJ,11,latać
leżący,ADJ,11,leżeć
markowy,ADJ,11
napięty,ADJ,11,napiąć
niezadowolony,ADJ,11
obiadowy,ADJ,11
obsługiwany,ADJ,11,obsługiwać
odwołany,ADJ,11,odwołać
odwrotny,ADJ,11
oświatowy,ADJ,11
podłączony,ADJ,11,podłączyć
posiekany,ADJ,11,posiekać
powtarzany,ADJ,11,powtarzać
pożyczkowy,ADJ,11
promowany,ADJ,11,promować
przejściowy,ADJ,11
przewodni,ADJ,11
rehabilitacyjny,ADJ,11
szpitalny,ADJ,11
uciążliwy,ADJ,11
uszyty,ADJ,11,uszyć
węglowy,ADJ,11
wieczysty,ADJ,11
wybuchowy,ADJ,11
wymagający,ADJ,11
zaatakowany,ADJ,11,zaatakować
aktorski,ADJ,10
beżowy,ADJ,10
boży,ADJ,10
dodawany,ADJ,10,dodawać
domyślny,ADJ,10
durny,ADJ,10
dwuosobowy,ADJ,10
ergonomiczny,ADJ,10
gigantyczny,ADJ,10
gimnazjalny,ADJ,10
kompaktowy,ADJ,10
kwadratowy,ADJ,10
lodowy,ADJ,10
losowy,ADJ,10
mali,ADJ,10
nadawany,ADJ,10,nadawać
należyty,ADJ,10
niepewny,ADJ,10
niezliczony,ADJ,10
noclegowy,ADJ,10
orientacyjny,ADJ,10
oskarżony,ADJ,10,oskarżyć
pachnący,ADJ,10,pachnąć
pakowany,ADJ,10,pakować
podwodny,ADJ,10
podwyższony,ADJ,10,podwyższyć
pogrzebowy,ADJ,10
pomyślny,ADJ,10
pośredni,ADJ,10
przeróżny,ADJ,10
przysięgły,ADJ,10
realistyczny,ADJ,10
ryżowy,ADJ,10
sąsiedni,ADJ,10
sklepowy,ADJ,10
sojowy,ADJ,10
stanowiony,ADJ,10,stanowić
szczupły,ADJ,10
tropikalny,ADJ,10
tygodniowy,ADJ,10
udzielony,ADJ,10,udzielić
uzupełniany,ADJ,10,uzupełniać
warzywny,ADJ,10
wodoodporny,ADJ,10
wywołany,ADJ,10,wywołać
zadany,ADJ,10,zadać
zakaźny,ADJ,10
zaprezentowany,ADJ,10,zaprezentować
zaskakiwany,ADJ,10,zaskakiwać
zautomatyzowany,ADJ,10,zautomatyzować
zawiedziony,ADJ,10,zawieść
zdobiony,ADJ,10,zdobić
zepsuty,ADJ,10,zepsuć
zgłaszany,ADJ,10,zgłaszać
ziemny,ADJ,10
złapany,ADJ,10,złapać
zupełny,ADJ,10
bierny,ADJ,10
brakowany,ADJ,10,brakować
celowy,ADJ,10
ciężarowy,ADJ,10
czeski,ADJ,10
dostawczy,ADJ,10
etyczny,ADJ,10
fatalny,ADJ,10
gruntowy,ADJ,10
jawny,ADJ,10
jednakowy,ADJ,10
kłopotliwy,ADJ,10
konny,ADJ,10
krwawy,ADJ,10
liniowy,ADJ,10
lojalny,ADJ,10
macierzyński,ADJ,10
międzyludzki,ADJ,10
mocowany,ADJ,10,mocować
niebanalny,ADJ,10
nieśmiały,ADJ,10
nieuczciwy,ADJ,10
obiecywany,ADJ,10,obiecywać
obiektywny,ADJ,10
ogłoszony,ADJ,10,ogłosić
parowy,ADJ,10
pieszy,ADJ,10
postrzegany,ADJ,10,postrzegać
poufny,ADJ,10
powiedziany,ADJ,10,powiedzieć
pracowity,ADJ,10
prawniczy,ADJ,10
proszony,ADJ,10,prosić
rekrutacyjny,ADJ,10
rodzimy,ADJ,10
skoncentrowany,ADJ,10,skoncentrować
stresujący,ADJ,10
subiektywny,ADJ,10
śląski,ADJ,10
tamtejszy,ADJ,10
terminowy,ADJ,10
trafny,ADJ,10
udostępniany,ADJ,10,udostępniać
udostępniony,ADJ,10,udostępnić
ujawniony,ADJ,10,ujawnić
uparty,ADJ,10
urozmaicony,ADJ,10,urozmaicić
ustawowy,ADJ,10
utworzony,ADJ,10,utworzyć
walutowy,ADJ,10
wielofunkcyjny,ADJ,10
wskazywany,ADJ,10,wskazywać
wyglądany,ADJ,10,wyglądać
wyrafinowany,ADJ,10
zadawany,ADJ,10,zadawać
załatwiony,ADJ,10,załatwić
zamierzony,ADJ,10,zamierzyć
zasłużony,ADJ,10
zatwierdzony,ADJ,10,zatwierdzić
ziołowy,ADJ,10
zmysłowy,ADJ,10
adekwatny,ADJ,10
akustyczny,ADJ,10
autonomiczny,ADJ,10
cesarski,ADJ,10
dachowy,ADJ,10
ekspresowy,ADJ,10
elektromagnetyczny,ADJ,10
graniczny,ADJ,10
irytowany,ADJ,10,irytować
jabłkowy,ADJ,10
jądrowy,ADJ,10
kameralny,ADJ,10
korporacyjny,ADJ,10
kupiony,ADJ,10,kupić
leniwy,ADJ,10
łączny,ADJ,10
mielony,ADJ,10
montowany,ADJ,10,montować
mówiony,ADJ,10,mówić
mózgowy,ADJ,10
naprawczy,ADJ,10
niegrzeczny,ADJ,10
niespodziewany,ADJ,10
noszony,ADJ,10,nosić
odpowiadający,ADJ,10,odpowiadać
olimpijski,ADJ,10
otwierany,ADJ,10,otwierać
parafialny,ADJ,10
pasywny,ADJ,10
patriotyczny,ADJ,10
pomocniczy,ADJ,10
porzucony,ADJ,10,porzucić
powiatowy,ADJ,10
pozabankowy,ADJ,10
przeklęty,ADJ,10
przepełniony,ADJ,10,przepełnić
przypisany,ADJ,10,przypisać
siłowy,ADJ,10
spóźniony,ADJ,10
telekomunikacyjny,ADJ,10
ukarany,ADJ,10,ukarać
ułatwiany,ADJ,10,ułatwiać
wiedziony,ADJ,10,wieść
wierzący,ADJ,10,wierzyć
wpływający,ADJ,10,wpływać
wyjaśniony,ADJ,10,wyjaśnić
wzmocniony,ADJ,10,wzmocnić
zadowalający,ADJ,10
zadziwiany,ADJ,10,zadziwiać
zaufać,ADJ,10
zdziwiony,ADJ,10
źli,ADJ,10
żeński,ADJ,10
atakowany,ADJ,9,atakować
bezbarwny,ADJ,9
bezrobotny,ADJ,9
bezsensowny,ADJ,9
bojowy,ADJ,9
czarowany,ADJ,9,czarować
czytany,ADJ,9,czytać
detaliczny,ADJ,9
dębowy,ADJ,9
dojrzany,ADJ,9,dojrzeć
dokonany,ADJ,9,dokonać
immunologiczny,ADJ,9
kontynuowany,ADJ,9,kontynuować
leczony,ADJ,9,leczyć
lojalnościowy,ADJ,9
niełatwy,ADJ,9
nieodłączny,ADJ,9
nieograniczony,ADJ,9
nowotworowy,ADJ,9
omówiony,ADJ,9,omówić
osadzony,ADJ,9,osadzić
palony,ADJ,9,palić
pełnoletni,ADJ,9
podły,ADJ,9
poinformowany,ADJ,9,poinformować
popełniany,ADJ,9,popełniać
pozostawiony,ADJ,9,pozostawić
preferowany,ADJ,9,preferować
przenoszony,ADJ,9,przenosić
przypominany,ADJ,9,przypominać
rozpowszechniony,ADJ,9,rozpowszechnić
rozrywkowy,ADJ,9
rozumiany,ADJ,9,rozumieć
rozwodowy,ADJ,9
sprzedażowy,ADJ,9
średniowieczny,ADJ,9
terytorialny,ADJ,9
tętniczy,ADJ,9
trafiony,ADJ,9,trafić
uczestniczący,ADJ,9,uczestniczyć
uproszczony,ADJ,9,uprościć
wadliwy,ADJ,9
waniliowy,ADJ,9
wątpliwy,ADJ,9
widłowy,ADJ,9
zakładany,ADJ,9,zakładać
zerowy,ADJ,9
banalny,ADJ,9
beztroski,ADJ,9
budowany,ADJ,9,budować
bystry,ADJ,9
chłodniczy,ADJ,9
chorobowy,ADJ,9
coroczny,ADJ,9
czyszczony,ADJ,9,czyścić
dyskretny,ADJ,9
eksploatacyjny,ADJ,9
eteryczny,ADJ,9
fotowoltaiczny,ADJ,9
garażowy,ADJ,9
intrygujący,ADJ,9,intrygować
kompatybilny,ADJ,9
kupowany,ADJ,9,kupować
łazienkowy,ADJ,9
majowy,ADJ,9
maturalny,ADJ,9
mieszkający,ADJ,9,mieszkać
nadrzędny,ADJ,9
napędowy,ADJ,9
niemały,ADJ,9
nieoceniony,ADJ,9
niewygodny,ADJ,9
niezgodny,ADJ,9
obfity,ADJ,9
ocynkowany,ADJ,9,ocynkować
odblaskowy,ADJ,9
paliwowy,ADJ,9
patologiczny,ADJ,9
ponury,ADJ,9
porwany,ADJ,9,porwać
poznawczy,ADJ,9
prestiżowy,ADJ,9
przełomowy,ADJ,9
przetwarty,ADJ,9,przetworzyć
przyjacielski,ADJ,9
przyznawany,ADJ,9,przyznawać
rozbity,ADJ,9,rozbić
ruchomy,ADJ,9
samolubny,ADJ,9
satysfakcjonowany,ADJ,9,satysfakcjonować
silikonowy,ADJ,9
słuchowy,ADJ,9
szeregowy,ADJ,9
śnieżny,ADJ,9
świecący,ADJ,9,świecić
testowany,ADJ,9,testować
uczulony,ADJ,9,uczulić
umeblowany,ADJ,9,umeblować
uprzedni,ADJ,9
urzędowy,ADJ,9
utrzymywany,ADJ,9,utrzymywać
warunkowy,ADJ,9
wegetariański,ADJ,9
wędkarski,ADJ,9
widokowy,ADJ,9
wieczorowy,ADJ,9
wojewódzki,ADJ,9
wynajmowany,ADJ,9,wynajmować
wyróżniony,ADJ,9,wyróżnić
wyświetlony,ADJ,9,wyświetlić
zachwycany,ADJ,9,zachwycać
zaniepokojony,ADJ,9,zaniepokoić
zwracany,ADJ,9,zwracać
chwilowy,ADJ,8
cytrynowy,ADJ,8
czujny,ADJ,8
dziewczęcy,ADJ,8
finałowy,ADJ,8
interpersonalny,ADJ,8
irlandzki,ADJ,8
jednoosobowy,ADJ,8
jędrny,ADJ,8
komunistyczny,ADJ,8
lakierowany,ADJ,8,lakierować
męczony,ADJ,8,męczyć
miła,ADJ,8
minimalistyczny,ADJ,8
montażowy,ADJ,8
naftowy,ADJ,8
nieoczekiwany,ADJ,8
niesprawiedliwy,ADJ,8
obdarowany,ADJ,8,obdarować
obraźliwy,ADJ,8
odchudzany,ADJ,8,odchudzać
ohydny,ADJ,8
ówczesny,ADJ,8
plenerowy,ADJ,8
pobrany,ADJ,8,pobrać
poddawany,ADJ,8,poddawać
podróżowany,ADJ,8,podróżować
pomysłowy,ADJ,8
poprawiany,ADJ,8,poprawiać
poprawiony,ADJ,8,poprawić
postojowy,ADJ,8
programowy,ADJ,8
przebywany,ADJ,8,przebywać
przeciwbólowy,ADJ,8
przerwany,ADJ,8,przerwać
przesyłany,ADJ,8,przesyłać
przewiewny,ADJ,8
przyzwyczajony,ADJ,8,przyzwyczaić
ratowniczy,ADJ,8
relaksujący,ADJ,8
remontowy,ADJ,8
renomowany,ADJ,8,renomować
rewolucyjny,ADJ,8
sentymentalny,ADJ,8
smakowy,ADJ,8
starający,ADJ,8,starać
szanowny,ADJ,8
śluzowy,ADJ,8
terrorystyczny,ADJ,8
ubezpieczony,ADJ,8,ubezpieczyć
upalny,ADJ,8
uruchomiony,ADJ,8,uruchomić
wędzony,ADJ,8,wędzić
włożony,ADJ,8,włożyć
wybudowany,ADJ,8,wybudować
wyczerpany,ADJ,8,wyczerpać
wyrzucony,ADJ,8,wyrzucić
wyspecjalizowany,ADJ,8,wyspecjalizować
wytrawny,ADJ,8
wzięty,ADJ,8
zachęcany,ADJ,8,zachęcać
zanieczyszczony,ADJ,8,zanieczyścić
zbierany,ADJ,8,zbierać
zdeterminowany,ADJ,8,zdeterminować
zgrabny,ADJ,8
znudzony,ADJ,8,znudzić
żelazny,ADJ,8
adresowany,ADJ,8,adresować
akceptowany,ADJ,8,akceptować
antywirusowy,ADJ,8
bezbronny,ADJ,8
bezglutenowy,ADJ,8
biodrowy,ADJ,8
całodobowy,ADJ,8
dietetyczny,ADJ,8
dobroczynny,ADJ,8
fabryczny,ADJ,8
gościnny,ADJ,8
hodowlany,ADJ,8
holenderski,ADJ,8
idący,ADJ,8,iść
jednodniowy,ADJ,8
jednostronny,ADJ,8
kartonowy,ADJ,8
kierowniczy,ADJ,8
lodowaty,ADJ,8
magisterski,ADJ,8
malarski,ADJ,8
mijany,ADJ,8,mijać
militarny,ADJ,8
należny,ADJ,8
niedozwolony,ADJ,8
nieduży,ADJ,8
nieodwracalny,ADJ,8
niepełny,ADJ,8
niezdrowy,ADJ,8
nowatorski,ADJ,8
oddychający,ADJ,8,oddychać
ogrodzony,ADJ,8,ogrodzić
opóźniony,ADJ,8
ostrzegawczy,ADJ,8
oświetleniowy,ADJ,8
palny,ADJ,8
pastelowy,ADJ,8
permanentny,ADJ,8
płodny,ADJ,8
podnoszony,ADJ,8,podnosić
ponadgimnazjalny,ADJ,8
projektowany,ADJ,8,projektować
prymitywny,ADJ,8
prysznicowy,ADJ,8
przedłużony,ADJ,8,przedłużyć
przewidywalny,ADJ,8
przydomowy,ADJ,8
psi,ADJ,8
rezerwowy,ADJ,8
skórny,ADJ,8
stołowy,ADJ,8
szwajcarski,ADJ,8
śniadaniowy,ADJ,8
tekstowy,ADJ,8
tekstylny,ADJ,8
terenowy,ADJ,8
ułożony,ADJ,8,ułożyć
upoważniony,ADJ,8,upoważnić
warsztatowy,ADJ,8
wiszący,ADJ,8,wisieć
wprowadzany,ADJ,8,wprowadzać
wypłacany,ADJ,8,wypłacać
wyprodukowany,ADJ,8,wyprodukować
wyśmienity,ADJ,8
wzbogacony,ADJ,8,wzbogacić
wzruszany,ADJ,8,wzruszać
zakwalifikowany,ADJ,8,zakwalifikować
zatłoczony,ADJ,8,zatłoczyć
żonaty,ADJ,8
abstrakcyjny,ADJ,8
analityczny,ADJ,8
brukowy,ADJ,8
chłonny,ADJ,8
długofalowy,ADJ,8
doradczy,ADJ,8
dzielony,ADJ,8,dzielić
ekscytujący,ADJ,8
głuchy,ADJ,8
hojny,ADJ,8
koncertowy,ADJ,8
lity,ADJ,8
myślący,ADJ,8,myśleć
nadesłany,ADJ,8,nadesłać
naprawiony,ADJ,8,naprawić
nasycony,ADJ,8,nasycić
nieaktualny,ADJ,8
niedobry,ADJ,8
niedorzeczny,ADJ,8
nieodpłatny,ADJ,8
nieskończony,ADJ,8
niestabilny,ADJ,8
notarialny,ADJ,8
obdarzony,ADJ,8,obdarzyć
obejmowany,ADJ,8,obejmować
obrany,ADJ,8,obrać
odnowiony,ADJ,8,odnowić
ogólnodostępny,ADJ,8
okazany,ADJ,8,okazać
opiekuńczy,ADJ,8
parlamentarny,ADJ,8
pasażerski,ADJ,8
pitny,ADJ,8
plażowy,ADJ,8
podróżny,ADJ,8
podyplomowy,ADJ,8
pomalowany,ADJ,8,pomalować
porządkowy,ADJ,8
powstający,ADJ,8,powstawać
prostszy,ADJ,8
przeciwzapalny,ADJ,8
prześliczny,ADJ,8
relaksacyjny,ADJ,8
rybny,ADJ,8
rządzony,ADJ,8,rządzić
samobójczy,ADJ,8
sosnowy,ADJ,8
spersonalizowany,ADJ,8,spersonalizować
spontaniczny,ADJ,8
staranny,ADJ,8
strukturalny,ADJ,8
szanowany,ADJ,8,szanować
trawienny,ADJ,8
tytułowy,ADJ,8
umysłowy,ADJ,8
urodzony,ADJ,8,urodzić
usytuowany,ADJ,8,usytuować
uważny,ADJ,8
wezwany,ADJ,8,wezwać
wychodzony,ADJ,8,wychodzić
wychowany,ADJ,8,wychować
wyczekiwany,ADJ,8,wyczekiwać
wyrównany,ADJ,8
wysyłkowy,ADJ,8
wzmacniany,ADJ,8,wzmacniać
zaistniały,ADJ,8
zakupowy,ADJ,8
zapobiegawczy,ADJ,8
złoto,ADJ,8
akrylowy,ADJ,7
arogancki,ADJ,7
bezbolesny,ADJ,7
bezsilny,ADJ,7
bezwartościowy,ADJ,7
biegowy,ADJ,7
brutto,ADJ,7
chodzący,ADJ,7,chodzić
chromowany,ADJ,7,chromować
cukrowy,ADJ,7
czasochłonny,ADJ,7
czekany,ADJ,7,czekać
dopracowany,ADJ,7,dopracować
doraźny,ADJ,7
dwudziesty,ADJ,7
dziecinny,ADJ,7
dziedziczny,ADJ,7
finalny,ADJ,7
głosowy,ADJ,7
indukcyjny,ADJ,7
informowany,ADJ,7,informować
integralny,ADJ,7
kablowy,ADJ,7
kanalizacyjny,ADJ,7
kręcony,ADJ,7,kręcić
mikrofalowy,ADJ,7
motocyklowy,ADJ,7
motywacyjny,ADJ,7
niechciany,ADJ,7
niecodzienny,ADJ,7
niemiły,ADJ,7
nieobecny,ADJ,7
niepoprawny,ADJ,7
nieprawdziwy,ADJ,7
nieregularny,ADJ,7
niespotykany,ADJ,7
nieszkodliwy,ADJ,7
niewiadomy,ADJ,7
niewyobrażalny,ADJ,7
niezdolny,ADJ,7
nominowany,ADJ,7,nominować
noworoczny,ADJ,7
odcięty,ADJ,7,odciąć
ogrodniczy,ADJ,7
orzeźwiający,ADJ,7
ozdobiony,ADJ,7,ozdobić
płonący,ADJ,7,płonąć
podręczny,ADJ,7
podtrzymywany,ADJ,7,podtrzymywać
pogwarancyjny,ADJ,7
pokazywany,ADJ,7,pokazywać
pokonany,ADJ,7,pokonać
poruszony,ADJ,7,poruszyć
postrzelony,ADJ,7,postrzelić
powodowany,ADJ,7,powodować
powszedni,ADJ,7
prezydencki,ADJ,7
przedświąteczny,ADJ,7
przewozowy,ADJ,7
przymusowy,ADJ,7
rasowy,ADJ,7
rozłożony,ADJ,7,rozłożyć
równomierny,ADJ,7
równoznaczny,ADJ,7
ruski,ADJ,7
senny,ADJ,7
słony,ADJ,7
spadający,ADJ,7,spadać
spadkowy,ADJ,7
sterowany,ADJ,7,sterować
szczelny,ADJ,7
szyty,ADJ,7
ścienny,ADJ,7
trzymany,ADJ,7,trzymać
umierający,ADJ,7,umierać
uwzględniany,ADJ,7,uwzględniać
wegański,ADJ,7
wiązany,ADJ,7,wiązać
wpływowy,ADJ,7
wszechobecny,ADJ,7
wszelaki,ADJ,7
wyrażony,ADJ,7,wyrazić
wyróżniany,ADJ,7,wyróżniać
wyścigowy,ADJ,7
względny,ADJ,7
zadłużony,ADJ,7,zadłużyć
zamieszany,ADJ,7,zamieszać
zamrożony,ADJ,7,zamrozić
zaręczynowy,ADJ,7
zmieszany,ADJ,7,zmieszać
zmniejszony,ADJ,7,zmniejszyć
znajomy,ADJ,7
żołądkowy,ADJ,7
archiwalny,ADJ,7
bezwarunkowy,ADJ,7
charakteryzowany,ADJ,7,charakteryzować
ciśnieniowy,ADJ,7
cywilizacyjny,ADJ,7
cywilizowany,ADJ,7,cywilizować
czuły,ADJ,7
dbający,ADJ,7,dbać
dobierany,ADJ,7,dobierać
drzewny,ADJ,7
dwuletni,ADJ,7
dziwaczny,ADJ,7
ekstra,ADJ,7
filozoficzny,ADJ,7
frontowy,ADJ,7
gazowany,ADJ,7
giętki,ADJ,7
gustowny,ADJ,7
hamulcowy,ADJ,7
inwazyjny,ADJ,7
istny,ADJ,7
kiszony,ADJ,7,kisić
koci,ADJ,7
konwencjonalny,ADJ,7
koszmarny,ADJ,7
limitowany,ADJ,7,limitować
litewski,ADJ,7
malinowy,ADJ,7
młodzieńczy,ADJ,7
murowany,ADJ,7,murować
naczelny,ADJ,7
nieformalny,ADJ,7
niekończący,ADJ,7
nieletni,ADJ,7
niemowlęcy,ADJ,7
nierealny,ADJ,7
niespokojny,ADJ,7
nietuzinkowy,ADJ,7
nieznośny,ADJ,7
obciążony,ADJ,7,obciążyć
odwrócony,ADJ,7,odwrócić
ortograficzny,ADJ,7
osłabiony,ADJ,7,osłabić
piątkowy,ADJ,7
planszowy,ADJ,7
pochowany,ADJ,7,pochować
pogodny,ADJ,7
poniesiony,ADJ,7,ponieść
pooperacyjny,ADJ,7
popełniony,ADJ,7,popełnić
porównywalny,ADJ,7
posiadający,ADJ,7
potworny,ADJ,7
problematyczny,ADJ,7
procesowy,ADJ,7
przetargowy,ADJ,7
przeważający,ADJ,7
przygnębiony,ADJ,7,przygnębić
psychiatryczny,ADJ,7
rekomendowany,ADJ,7,rekomendować
rozliczeniowy,ADJ,7
rozpuszczony,ADJ,7,rozpuścić
rygorystyczny,ADJ,7
rzucony,ADJ,7,rzucić
skonstruowany,ADJ,7,skonstruować
soczysty,ADJ,7
solarny,ADJ,7
sowiecki,ADJ,7
spięty,ADJ,7,spiąć
spodziewany,ADJ,7,spodziewać
statyczny,ADJ,7
strażacki,ADJ,7
sycący,ADJ,7
sylwestrowy,ADJ,7
szorstki,ADJ,7
śpiący,ADJ,7
śródziemnomorski,ADJ,7
targowy,ADJ,7
tarty,ADJ,7
tenisowy,ADJ,7
truskawkowy,ADJ,7
uczony,ADJ,7,uczyć
uczuciowy,ADJ,7
ukierunkowany,ADJ,7,ukierunkować
warta,ADJ,7
wrogi,ADJ,7
wstydliwy,ADJ,7
wydrukowany,ADJ,7,wydrukować
wymyślony,ADJ,7,wymyślić
wysuszony,ADJ,7,wysuszyć
zabudowany,ADJ,7,zabudować
zapalony,ADJ,7
zgrany,ADJ,7,zgrać
zlecony,ADJ,7
zrelaksowany,ADJ,7
zwiększany,ADJ,7,zwiększać
źródłowy,ADJ,7
żółciowy,ADJ,7
analizowany,ADJ,6,analizować
biblioteczny,ADJ,6
całoroczny,ADJ,6
chłodzony,ADJ,6,chłodzić
chrzestny,ADJ,6
cykliczny,ADJ,6
dotykowy,ADJ,6
dyscyplinarny,ADJ,6
górniczy,ADJ,6
hialuronowy,ADJ,6
idiotyczny,ADJ,6
inwalidzki,ADJ,6
kawalerski,ADJ,6
komunijny,ADJ,6
koński,ADJ,6
kwantowy,ADJ,6
kwitnący,ADJ,6,kwitnąć
letniskowy,ADJ,6
łagodzony,ADJ,6,łagodzić
łamany,ADJ,6,łamać
macierzysty,ADJ,6
mentalny,ADJ,6
miniaturowy,ADJ,6
myśliwski,ADJ,6
netto,ADJ,6
neurologiczny,ADJ,6
nieczysty,ADJ,6
nieprawdopodobny,ADJ,6
nieskuteczny,ADJ,6
nieświadomy,ADJ,6
niewątpliwy,ADJ,6
niezrozumiały,ADJ,6
nuklearny,ADJ,6
obiecany,ADJ,6,obiecać
oczny,ADJ,6
odpłatny,ADJ,6
ojczysty,ADJ,6
opcjonalny,ADJ,6
optymistyczny,ADJ,6
oszczędny,ADJ,6
panieński,ADJ,6
pełnowartościowy,ADJ,6
pluszowy,ADJ,6
pokręcony,ADJ,6,pokręcić
polarny,ADJ,6
pomagający,ADJ,6,pomagać
powitalny,ADJ,6
powołany,ADJ,6,powołać
pożarowy,ADJ,6
pożywny,ADJ,6
proporcjonalny,ADJ,6
przecudny,ADJ,6
przeczytany,ADJ,6,przeczytać
radziecki,ADJ,6
reprezentowany,ADJ,6,reprezentować
rozgrywany,ADJ,6,rozgrywać
samoprzylepny,ADJ,6
sceptyczny,ADJ,6
sercowy,ADJ,6
sprzątany,ADJ,6,sprzątać
stawiany,ADJ,6,stawiać
stopniowy,ADJ,6
śledczy,ADJ,6
świecki,ADJ,6
takowy,ADJ,6
uciekający,ADJ,6,uciekać
warszawski,ADJ,6
wchodzący,ADJ,6,wchodzić
wielorodzinny,ADJ,6
więzienny,ADJ,6
wigilijny,ADJ,6
wodociągowy,ADJ,6
wrocławski,ADJ,6
wygrany,ADJ,6,wygrać
wykończeniowy,ADJ,6
wymierny,ADJ,6
wymieszany,ADJ,6,wymieszać
wynajęty,ADJ,6,wynająć
wyremontowany,ADJ,6,wyremontować
wyselekcjonowany,ADJ,6,wyselekcjonować
wystraszony,ADJ,6,wystraszyć
wyszukany,ADJ,6,wyszukać
wywoływany,ADJ,6,wywoływać
zalany,ADJ,6,zalać
zapobiegający,ADJ,6,zapobiegać
zapracowany,ADJ,6,zapracować
zastrzeżony,ADJ,6,zastrzec
zauważalny,ADJ,6
związkowy,ADJ,6
zwrócony,ADJ,6,zwrócić
austriacki,ADJ,6
bajeczny,ADJ,6
bazowy,ADJ,6
bezradny,ADJ,6
błogosławiony,ADJ,6,błogosławić
błyskotliwy,ADJ,6
chora,ADJ,6
chowany,ADJ,6,chować
ciekły,ADJ,6
deweloperski,ADJ,6
doceniony,ADJ,6,docenić
dojazdowy,ADJ,6
drużynowy,ADJ,6
dwunasty,ADJ,6
generowany,ADJ,6,generować
hartowany,ADJ,6,hartować
jaglany,ADJ,6
kaloryczny,ADJ,6
kolonialny,ADJ,6
kończony,ADJ,6,kończyć
krótkotrwały,ADJ,6
kryty,ADJ,6
legendarny,ADJ,6
lniany,ADJ,6
łatwiejszy,ADJ,6
masywny,ADJ,6
metaliczny,ADJ,6
migdałowy,ADJ,6
miodowy,ADJ,6
mistrzowski,ADJ,6
modułowy,ADJ,6
mogący,ADJ,6,móc
monotonny,ADJ,6
myślowy,ADJ,6
nagrany,ADJ,6,nagrać
nałożony,ADJ,6,nałożyć
niekompletny,ADJ,6
nieskazitelny,ADJ,6
nieszczęsny,ADJ,6
nieuzasadniony,ADJ,6
niezastąpiony,ADJ,6
niezmienny,ADJ,6
norweski,ADJ,6
obowiązany,ADJ,6
odczuwalny,ADJ,6
odebrany,ADJ,6,odebrać
odtwarzany,ADJ,6,odtwarzać
ogrzewany,ADJ,6,ogrzewać
oświetlony,ADJ,6,oświetlić
parterowy,ADJ,6
polny,ADJ,6
poproszony,ADJ,6,poprosić
porównawczy,ADJ,6
posłuszny,ADJ,6
posypany,ADJ,6,posypać
potrójny,ADJ,6
pouczany,ADJ,6,pouczać
przestępczy,ADJ,6
przestraszony,ADJ,6,przestraszyć
przewidywany,ADJ,6,przewidywać
przygotowawczy,ADJ,6
rockowy,ADJ,6
rozegrany,ADJ,6,rozegrać
rozpoczynany,ADJ,6,rozpoczynać
rożny,ADJ,6
schłodzony,ADJ,6,schłodzić
siwy,ADJ,6
smukły,ADJ,6
specjalizowany,ADJ,6,specjalizować
sprzętowy,ADJ,6
startujący,ADJ,6,startować
śliski,ADJ,6
taktyczny,ADJ,6
tapicerowany,ADJ,6,tapicerować
traumatyczny,ADJ,6
trzeźwy,ADJ,6
uprawiany,ADJ,6,uprawiać
utrudniony,ADJ,6,utrudnić
utwardzony,ADJ,6,utwardzić
weterynaryjny,ADJ,6
węgierski,ADJ,6
wredny,ADJ,6
wydłużony,ADJ,6
wyłączny,ADJ,6
wymieniany,ADJ,6,wymieniać
wypukły,ADJ,6
zabójczy,ADJ,6
zaburzony,ADJ,6,zaburzyć
załamany,ADJ,6,załamać
zastąpiony,ADJ,6,zastąpić
zatrudniany,ADJ,6,zatrudniać
zbity,ADJ,6,zbić
zmotywowany,ADJ,6,zmotywować
antybakteryjny,ADJ,5
antypoślizgowy,ADJ,5
anulowany,ADJ,5,anulować
bajkowy,ADJ,5
blady,ADJ,5
burzliwy,ADJ,5
całodzienny,ADJ,5
chaotyczny,ADJ,5
detektywistyczny,ADJ,5
dopuszczony,ADJ,5,dopuścić
dostąpiony,ADJ,5,dostąpić
dotkliwy,ADJ,5
doustny,ADJ,5
drastyczny,ADJ,5
drożdżowy,ADJ,5
duński,ADJ,5
ekscytowany,ADJ,5,ekscytować
energiczny,ADJ,5
etniczny,ADJ,5
funkcjonujący,ADJ,5,funkcjonować
góralski,ADJ,5
grillowany,ADJ,5,grillować
humanistyczny,ADJ,5
ilościowy,ADJ,5
kadrowy,ADJ,5
klasowy,ADJ,5
kojarzony,ADJ,5,kojarzyć
konsumencki,ADJ,5
kontrastowy,ADJ,5
kostny,ADJ,5
kreskowy,ADJ,5
kręgowy,ADJ,5
krótkoterminowy,ADJ,5
kultowy,ADJ,5
laminowany,ADJ,5,laminować
laskowy,ADJ,5
małoletni,ADJ,5
metaboliczny,ADJ,5
mistyczny,ADJ,5
motywowany,ADJ,5,motywować
nagradzany,ADJ,5,nagradzać
nędzny,ADJ,5
niebywały,ADJ,5
niedaleki,ADJ,5
nieodzowny,ADJ,5
nieproszony,ADJ,5
odsłoniony,ADJ,5,odsłonić
opanowany,ADJ,5,opanować
orientalny,ADJ,5
papierkowy,ADJ,5
pikantny,ADJ,5
pływający,ADJ,5,pływać
pneumatyczny,ADJ,5
podrażniony,ADJ,5,podrażnić
poetycki,ADJ,5
pospolity,ADJ,5
powiększony,ADJ,5,powiększyć
powojenny,ADJ,5
pozyskiwany,ADJ,5,pozyskiwać
przedsiębiorczy,ADJ,5
przestarzały,ADJ,5
przytomny,ADJ,5
regeneracyjny,ADJ,5
reprezentacyjny,ADJ,5
rozgrzewany,ADJ,5,rozgrzewać
rozkładany,ADJ,5,rozkładać
rozproszony,ADJ,5,rozproszyć
rozpuszczalny,ADJ,5
różnoraki,ADJ,5
skrócony,ADJ,5,skrócić
sponsorowany,ADJ,5,sponsorować
stonowany,ADJ,5,stonować
ścigany,ADJ,5,ścigać
śmiały,ADJ,5
trzyletni,ADJ,5
turkusowy,ADJ,5
tytoniowy,ADJ,5
udokumentowany,ADJ,5,udokumentować
upadły,ADJ,5
uzupełniony,ADJ,5,uzupełnić
użytkowany,ADJ,5,użytkować
walczący,ADJ,5,walczyć
warty,ADJ,5
wnikliwy,ADJ,5
wspinaczkowy,ADJ,5
wstrętny,ADJ,5
wulgarny,ADJ,5
wycięty,ADJ,5,wyciąć
wycofany,ADJ,5,wycofać
wyczuwalny,ADJ,5
wymienny,ADJ,5
wypoczęty,ADJ,5
wyważony,ADJ,5,wyważyć
zadaszony,ADJ,5,zadaszyć
zagospodarowany,ADJ,5,zagospodarować
zakręcony,ADJ,5,zakręcić
zaktualizowany,ADJ,5,zaktualizować
zamieniony,ADJ,5,zamienić
zaniedbany,ADJ,5,zaniedbać
zaokrąglony,ADJ,5,zaokrąglić
zastępowany,ADJ,5,zastępować
zatruty,ADJ,5,zatruć
zauważony,ADJ,5,zauważyć
zdany,ADJ,5
zdezorientowany,ADJ,5,zdezorientować
zmuszany,ADJ,5,zmuszać
zoologiczny,ADJ,5
żądany,ADJ,5
żelowy,ADJ,5
żmudny,ADJ,5
adaptacyjny,ADJ,5
aksamitny,ADJ,5
alfabetyczny,ADJ,5
anatomiczny,ADJ,5
anielski,ADJ,5
antyalergiczny,ADJ,5
archeologiczny,ADJ,5
asymetryczny,ADJ,5
basenowy,ADJ,5
blogowy,ADJ,5
blokowany,ADJ,5,blokować
bujny,ADJ,5
cukrzycowy,ADJ,5
dłużny,ADJ,5
dmuchany,ADJ,5,dmuchać
drugorzędny,ADJ,5
dwukrotny,ADJ,5
dyplomowy,ADJ,5
farbowany,ADJ,5,farbować
farmakologiczny,ADJ,5
filtrowany,ADJ,5,filtrować
geodezyjny,ADJ,5
golfowy,ADJ,5
gramatyczny,ADJ,5
humanitarny,ADJ,5
inżynierski,ADJ,5
izolowany,ADJ,5,izolować
jadalny,ADJ,5
jednostkowy,ADJ,5
karany,ADJ,5
kinowy,ADJ,5
klimatyzowany,ADJ,5,klimatyzować
kolanowy,ADJ,5
księżycowy,ADJ,5
lubelski,ADJ,5
marynowany,ADJ,5,marynować
maślany,ADJ,5
meksykański,ADJ,5
mierzony,ADJ,5,mierzyć
miętowy,ADJ,5
morderczy,ADJ,5
motoryczny,ADJ,5
mundurowy,ADJ,5
nabyty,ADJ,5,nabyć
nakładany,ADJ,5,nakładać
napędzany,ADJ,5,napędzać
napotkany,ADJ,5
nawigacyjny,ADJ,5
niedostateczny,ADJ,5
niegroźny,ADJ,5
niekonwencjonalny,ADJ,5
nienaruszony,ADJ,5
nieodpowiedzialny,ADJ,5
niepełnoletni,ADJ,5
niewiadoma,ADJ,5
nieznajomy,ADJ,5
nurkowy,ADJ,5
obustronny,ADJ,5
ocieplony,ADJ,5
odbierany,ADJ,5,odbierać
oddalony,ADJ,5
odnaleziony,ADJ,5,odnaleźć
odnoszony,ADJ,5,odnosić
okienny,ADJ,5
osiemdziesiąty,ADJ,5
osobliwy,ADJ,5
oszukany,ADJ,5,oszukać
oznakowany,ADJ,5,oznakować
perłowy,ADJ,5
piaszczysty,ADJ,5
piwny,ADJ,5
płytki,ADJ,5
pobudzony,ADJ,5,pobudzić
podniesiony,ADJ,5,podnieść
polerowany,ADJ,5,polerować
połamany,ADJ,5,połamać
poprzedzany,ADJ,5,poprzedzać
porodowy,ADJ,5
postrzałowy,ADJ,5
powierzchowny,ADJ,5
poznany,ADJ,5,poznać
pozyskany,ADJ,5,pozyskać
pracochłonny,ADJ,5
promienny,ADJ,5
prostokątny,ADJ,5
próżniowy,ADJ,5
przejęty,ADJ,5,przejąć
przetestowany,ADJ,5,przetestować
przewożony,ADJ,5,przewozić
przydzielony,ADJ,5,przydzielić
pytany,ADJ,5,pytać
ramowy,ADJ,5
redakcyjny,ADJ,5
retoryczny,ADJ,5
rozpoznawalny,ADJ,5
rudy,ADJ,5
rutynowy,ADJ,5
rybacki,ADJ,5
rytualny,ADJ,5
serowy,ADJ,5
skalny,ADJ,5
skorumpowany,ADJ,5,skorumpować
słowacki,ADJ,5
spożywany,ADJ,5,spożywać
szczytny,ADJ,5
szkocki,ADJ,5
szokowany,ADJ,5,szokować
tajski,ADJ,5
tańczony,ADJ,5,tańczyć
tępy,ADJ,5
toaletowy,ADJ,5
ugotowany,ADJ,5,ugotować
umiejscowiony,ADJ,5,umiejscowić
umieszczany,ADJ,5,umieszczać
umyty,ADJ,5,umyć
upominkowy,ADJ,5
uporządkowany,ADJ,5,uporządkować
uregulowany,ADJ,5,uregulować
usatysfakcjonowany,ADJ,5,usatysfakcjonować
uwielbiany,ADJ,5,uwielbiać
uzdolniony,ADJ,5
wkurzany,ADJ,5,wkurzać
wpłacony,ADJ,5,wpłacić
wyciągnięty,ADJ,5,wyciągnąć
wydawniczy,ADJ,5
wydzielony,ADJ,5,wydzielić
wyłożony,ADJ,5,wyłożyć
wyrwany,ADJ,5,wyrwać
wystawany,ADJ,5,wystawać
wystawiany,ADJ,5,wystawiać
wytrwały,ADJ,5
zaakceptowany,ADJ,5,zaakceptować
zabiegany,ADJ,5,zabiegać
zabiegowy,ADJ,5
zakorzeniony,ADJ,5,zakorzenić
zamieszkiwany,ADJ,5,zamieszkiwać
zapiekany,ADJ,5,zapiekać
zaprogramowany,ADJ,5,zaprogramować
zbożowy,ADJ,5
zdefiniowany,ADJ,5,zdefiniować
zdumiony,ADJ,5
zegarowy,ADJ,5
zeszłoroczny,ADJ,5
zmodyfikowany,ADJ,5,zmodyfikować
żeglarski,ADJ,5
żywiołowy,ADJ,5
adopcyjny,ADJ,5
adoptowany,ADJ,5,adoptować
amatorski,ADJ,5
animowany,ADJ,5
antyseptyczny,ADJ,5
astronomiczny,ADJ,5
atopowy,ADJ,5
australijski,ADJ,5
autoryzowany,ADJ,5,autoryzować
bambusowy,ADJ,5
bankietowy,ADJ,5
barokowy,ADJ,5
białkowy,ADJ,5
biegły,ADJ,5
błyskowy,ADJ,5
chciwy,ADJ,5
choinkowy,ADJ,5
chudy,ADJ,5
ciekawski,ADJ,5
ciężarny,ADJ,5
czerwcowy,ADJ,5
czytelniczy,ADJ,5
długoletni,ADJ,5
doceniany,ADJ,5
dowcipny,ADJ,5
dowodowy,ADJ,5
drażliwy,ADJ,5
duchowny,ADJ,5
dyskusyjny,ADJ,5
dzik,ADJ,5
egzekucyjny,ADJ,5
elementarny,ADJ,5
giełdowy,ADJ,5
ginekologiczny,ADJ,5
gończy,ADJ,5
gotycki,ADJ,5
gromadzony,ADJ,5,gromadzić
gromki,ADJ,5
hipoalergiczny,ADJ,5
ilustrowany,ADJ,5,ilustrować
imienny,ADJ,5
jedwabny,ADJ,5
kalendarzowy,ADJ,5
kapitałowy,ADJ,5
karnawałowy,ADJ,5
kempingowy,ADJ,5
klejony,ADJ,5,kleić
kojący,ADJ,5
kolekcjonerski,ADJ,5
konsekwentny,ADJ,5
konserwatywny,ADJ,5
koreański,ADJ,5
korzeniowy,ADJ,5
krystaliczny,ADJ,5
krytykowany,ADJ,5,krytykować
krzywy,ADJ,5
kwalifikowany,ADJ,5,kwalifikować
lewicowy,ADJ,5
ligowy,ADJ,5
liściasty,ADJ,5
łaciński,ADJ,5
łańcuchowy,ADJ,5
międzywojenny,ADJ,5
milutki,ADJ,5
modyfikowany,ADJ,5,modyfikować
mylony,ADJ,5,mylić
nadzorowany,ADJ,5,nadzorować
naliczany,ADJ,5,naliczać
napalony,ADJ,5,napalić
naruszony,ADJ,5,naruszyć
nazębny,ADJ,5
nazwany,ADJ,5,nazwać
nerkowy,ADJ,5
niecierpliwy,ADJ,5
nieczynny,ADJ,5
niejasny,ADJ,5
niektóry,ADJ,5
nieprzewidziany,ADJ,5
nierozłączny,ADJ,5
nieużywany,ADJ,5
niewystarczający,ADJ,5
niezauważony,ADJ,5
niezmieniony,ADJ,5
odczuwany,ADJ,5,odczuwać
oddawany,ADJ,5,oddawać
oddzielony,ADJ,5,oddzielić
oderwany,ADJ,5
odświeżony,ADJ,5,odświeżyć
odzieżowy,ADJ,5
okazały,ADJ,5
opłacany,ADJ,5,opłacać
osolony,ADJ,5,osolić
oznaczany,ADJ,5,oznaczać
pęknięty,ADJ,5,pęknąć
piekielny,ADJ,5
pobity,ADJ,5,pobić
podlegający,ADJ,5,podlegać
poglądowy,ADJ,5
pogrążony,ADJ,5,pogrążyć
pojęty,ADJ,5,pojąć
porcelanowy,ADJ,5
portowy,ADJ,5
postępujący,ADJ,5,postępować
pozostający,ADJ,5,pozostawać
prawomocny,ADJ,5
priorytetowy,ADJ,5
produktywny,ADJ,5
protestowany,ADJ,5,protestować
przepisany,ADJ,5,przepisać
przerażany,ADJ,5,przerażać
przesadny,ADJ,5
przesuwny,ADJ,5
przybliżony,ADJ,5,przybliżyć
przygodowy,ADJ,5
przyspieszony,ADJ,5,przyspieszyć
przywrócony,ADJ,5,przywrócić
przyziemny,ADJ,5
ptasi,ADJ,5
punktualny,ADJ,5
referencyjny,ADJ,5
regenerowany,ADJ,5,regenerować
rzemieślniczy,ADJ,5
satynowy,ADJ,5
schowany,ADJ,5
silnikowy,ADJ,5
solny,ADJ,5
sparaliżowany,ADJ,5,sparaliżować
sprecyzowany,ADJ,5,sprecyzować
stanowy,ADJ,5
starty,ADJ,5
sterujący,ADJ,5
stuknięty,ADJ,5,stuknąć
szachowy,ADJ,5
szykowny,ADJ,5
śmieciowy,ADJ,5
termowizyjny,ADJ,5
toruński,ADJ,5
transferowy,ADJ,5
trujący,ADJ,5
udowodniony,ADJ,5,udowodnić
ultradźwiękowy,ADJ,5
uporczywy,ADJ,5
uratowany,ADJ,5,uratować
uspokajany,ADJ,5,uspokajać
usprawiedliwiony,ADJ,5,usprawiedliwić
wielebny,ADJ,5
wielkopolski,ADJ,5
wokalny,ADJ,5
współpracujący,ADJ,5,współpracować
wsteczny,ADJ,5
wścibski,ADJ,5
wypalony,ADJ,5,wypalić
wypisany,ADJ,5,wypisać
wypracowany,ADJ,5,wypracować
wyprofilowany,ADJ,5,wyprofilować
wyprostowany,ADJ,5,wyprostować
wyrozumiały,ADJ,5
zakonny,ADJ,5
zamawiany,ADJ,5,zamawiać
zamszowy,ADJ,5
zapłacony,ADJ,5,zapłacić
zaproponowany,ADJ,5,zaproponować
zastrzelony,ADJ,5,zastrzelić
zlikwidowany,ADJ,5,zlikwidować
znienawidzony,ADJ,5,znienawidzić
zorientowany,ADJ,5,zorientować
zwarty,ADJ,5
żenowany,ADJ,5,żenować
adresowy,ADJ,4
analogiczny,ADJ,4
autystyczny,ADJ,4
babski,ADJ,4
belgijski,ADJ,4
białoruski,ADJ,4
bożonarodzeniowy,ADJ,4
bólowy,ADJ,4
bułgarski,ADJ,4
całościowy,ADJ,4
ciągnięty,ADJ,4,ciągnąć
comiesięczny,ADJ,4
decydujący,ADJ,4
demograficzny,ADJ,4
destrukcyjny,ADJ,4
dogłębny,ADJ,4
dokumentalny,ADJ,4
drapieżny,ADJ,4
dyniowy,ADJ,4
dziewiczy,ADJ,4
egipski,ADJ,4
fenomenalny,ADJ,4
glikemiczny,ADJ,4
grzybiczy,ADJ,4
hodowany,ADJ,4,hodować
homeopatyczny,ADJ,4
imprezowy,ADJ,4
industrialny,ADJ,4
instalacyjny,ADJ,4
irracjonalny,ADJ,4
jadowity,ADJ,4
jelitowy,ADJ,4
jubileuszowy,ADJ,4
kanałowy,ADJ,4
klarowny,ADJ,4
kominkowy,ADJ,4
konserwowany,ADJ,4,konserwować
koronkowy,ADJ,4
kształtowany,ADJ,4,kształtować
lekkomyślny,ADJ,4
licencjacki,ADJ,4
lśniony,ADJ,4,lśnić
łaskawy,ADJ,4
meblowy,ADJ,4
menstruacyjny,ADJ,4
mięciutki,ADJ,4
mikro,ADJ,4
mroźny,ADJ,4
muzealny,ADJ,4
mydlany,ADJ,4
nadzorczy,ADJ,4
naładowany,ADJ,4,naładować
narodzony,ADJ,4,narodzić
narożny,ADJ,4
neuronowy,ADJ,4
nieistotny,ADJ,4
nienaganny,ADJ,4
nieprzytomny,ADJ,4
nietoksyczny,ADJ,4
nieustający,ADJ,4
niewdzięczny,ADJ,4
niezobowiązujący,ADJ,4
niezręczny,ADJ,4
nikczemny,ADJ,4
obliczany,ADJ,4,obliczać
obrazowy,ADJ,4
obwodowy,ADJ,4
oceniony,ADJ,4,ocenić
oczarowany,ADJ,4,oczarować
odosobniony,ADJ,4,odosobnić
odurzający,ADJ,4
odzyskany,ADJ,4,odzyskać
okazyjny,ADJ,4
onkologiczny,ADJ,4
opłacony,ADJ,4,opłacić
ortopedyczny,ADJ,4
oszczędnościowy,ADJ,4
owinięty,ADJ,4,owinąć
pełen,ADJ,4
piętrowy,ADJ,4
płacowy,ADJ,4
pobożny,ADJ,4
podeszły,ADJ,4
podskórny,ADJ,4
podstępny,ADJ,4
podwieszany,ADJ,4,podwieszać
pokazowy,ADJ,4
pokładowy,ADJ,4
polecony,ADJ,4
poliuretanowy,ADJ,4
polowy,ADJ,4
powiadomiony,ADJ,4,powiadomić
progresywny,ADJ,4
proszkowy,ADJ,4
przebiegły,ADJ,4
przebyty,ADJ,4,przebyć
przeceniony,ADJ,4,przecenić
przeciwdeszczowy,ADJ,4
przekroczony,ADJ,4,przekroczyć
przemiły,ADJ,4
przepisywany,ADJ,4,przepisywać
przetłumaczony,ADJ,4,przetłumaczyć
przybrany,ADJ,4,przybrać
przychodzący,ADJ,4,przychodzić
przynoszony,ADJ,4,przynosić
przytłaczany,ADJ,4,przytłaczać
randkowy,ADJ,4
rażący,ADJ,4
rodzony,ADJ,4,rodzić
rozrodczy,ADJ,4
rozsiany,ADJ,4,rozsiać
rozstrzygnięty,ADJ,4,rozstrzygnąć
rządzący,ADJ,4
rzekomy,ADJ,4
sensacyjny,ADJ,4
słodzony,ADJ,4,słodzić
słowiański,ADJ,4
solowy,ADJ,4
spakowany,ADJ,4,spakować
spawalniczy,ADJ,4
spiskowy,ADJ,4
spokrewniony,ADJ,4,spokrewnić
sprawowany,ADJ,4,sprawować
stanowczy,ADJ,4
stołeczny,ADJ,4
straszliwy,ADJ,4
szkieletowy,ADJ,4
szurnięty,ADJ,4,szurnąć
śpiewany,ADJ,4,śpiewać
teleinformatyczny,ADJ,4
tlenowy,ADJ,4
tłoczony,ADJ,4,tłoczyć
transgraniczny,ADJ,4
uderzany,ADJ,4,uderzać
umowny,ADJ,4
upośledzony,ADJ,4,upośledzić
upragniony,ADJ,4
uprawniany,ADJ,4,uprawniać
urokliwy,ADJ,4
uwzględniony,ADJ,4,uwzględnić
uzgodniony,ADJ,4,uzgodnić
uzupełniający,ADJ,4
widowiskowy,ADJ,4
wieńcowy,ADJ,4
wierzchni,ADJ,4
wietnamski,ADJ,4
windykacyjny,ADJ,4
wiśniowy,ADJ,4
wołowy,ADJ,4
wpisowy,ADJ,4
wybity,ADJ,4,wybić
wygładzony,ADJ,4,wygładzić
wyjaśniany,ADJ,4,wyjaśniać
wyjazdowy,ADJ,4
wyszkolony,ADJ,4,wyszkolić
wzorowy,ADJ,4
zainfekowany,ADJ,4,zainfekować
zakażony,ADJ,4,zakazić
zakryty,ADJ,4,zakryć
zamożny,ADJ,4
zaopatrzony,ADJ,4,zaopatrzyć
zaraźliwy,ADJ,4
zarażony,ADJ,4,zarazić
zarozumiały,ADJ,4
zbilansowany,ADJ,4,zbilansować
zdominowany,ADJ,4,zdominować
zerwany,ADJ,4,zerwać
zidentyfikowany,ADJ,4,zidentyfikować
zmarnowany,ADJ,4,zmarnować
zmielony,ADJ,4,zmielić
zmniejszany,ADJ,4,zmniejszać
adwokacki,ADJ,4
antywłamaniowy,ADJ,4
apetyczny,ADJ,4
atestowany,ADJ,4,atestować
aukcyjny,ADJ,4
barwiony,ADJ,4,barwić
bezczelny,ADJ,4
bezlitosny,ADJ,4
bezludny,ADJ,4
bezmyślny,ADJ,4
bezstronny,ADJ,4
biegający,ADJ,4,biegać
binarny,ADJ,4
bliźniaczy,ADJ,4
brzuszny,ADJ,4
cateringowy,ADJ,4
cotygodniowy,ADJ,4
cywilnoprawny,ADJ,4
czternasty,ADJ,4
decyzyjny,ADJ,4
diabelski,ADJ,4
diamentowy,ADJ,4
doktorancki,ADJ,4
domniemany,ADJ,4
dosłowny,ADJ,4
dostateczny,ADJ,4
doświadczalny,ADJ,4
dyspozycyjny,ADJ,4
działowy,ADJ,4
dziennikarski,ADJ,4
dziurawy,ADJ,4
eksperymentalny,ADJ,4
elitarny,ADJ,4
emitowany,ADJ,4,emitować
emocjonowany,ADJ,4,emocjonować
formowany,ADJ,4,formować
fotografowany,ADJ,4,fotografować
gaśniczy,ADJ,4
geometryczny,ADJ,4
gipsowy,ADJ,4
ignorowany,ADJ,4,ignorować
indiański,ADJ,4
interdyscyplinarny,ADJ,4
ironiczny,ADJ,4
jadący,ADJ,4,jechać
jaskrawy,ADJ,4
jazzowy,ADJ,4
jedenasty,ADJ,4
jeździecki,ADJ,4
jubilerski,ADJ,4
juter,ADJ,4
katastrofalny,ADJ,4
kierunkowy,ADJ,4
kieszonkowy,ADJ,4
kilkudniowy,ADJ,4
klonowy,ADJ,4
koloński,ADJ,4
komentowany,ADJ,4,komentować
komunikatywny,ADJ,4
korespondencyjny,ADJ,4
krakowski,ADJ,4
krokowy,ADJ,4
kryształowy,ADJ,4
krzyżowy,ADJ,4
kucharski,ADJ,4
lądowy,ADJ,4
leasingowy,ADJ,4
legislacyjny,ADJ,4
lędźwiowy,ADJ,4
lękowy,ADJ,4
licencjonowany,ADJ,4,licencjonować
licowy,ADJ,4
limfatyczny,ADJ,4
linowy,ADJ,4
londyński,ADJ,4
łowiecki,ADJ,4
łódzki,ADJ,4
martwiony,ADJ,4,martwić
menedżerski,ADJ,4
mglisty,ADJ,4
mianowany,ADJ,4,mianować
mierzalny,ADJ,4
miesiączkowy,ADJ,4
młodociany,ADJ,4
muszkatołowy,ADJ,4
mylny,ADJ,4
naczyniowy,ADJ,4
nadwrażliwy,ADJ,4
namacalny,ADJ,4
namiętny,ADJ,4
namiotowy,ADJ,4
naoczny,ADJ,4
naprawiany,ADJ,4,naprawiać
nastoletni,ADJ,4
nastrojowy,ADJ,4
nawadniany,ADJ,4,nawadniać
nieaktywny,ADJ,4
nieciekawy,ADJ,4
niedługi,ADJ,4
niedojrzały,ADJ,4
niefortunny,ADJ,4
niepodważalny,ADJ,4
niesprzyjający,ADJ,4
niestosowny,ADJ,4
nietknięty,ADJ,4
nietrzeźwy,ADJ,4
niezdecydowany,ADJ,4
niskokaloryczny,ADJ,4
nośny,ADJ,4
nowiutki,ADJ,4
nowojorski,ADJ,4
obcisły,ADJ,4
oburzony,ADJ,4,oburzyć
obyczajowy,ADJ,4
odizolowany,ADJ,4,odizolować
odwieczny,ADJ,4
okazjonalny,ADJ,4
opałowy,ADJ,4
ostać,ADJ,4
oszałamiany,ADJ,4,oszałamiać
otrzymywany,ADJ,4,otrzymywać
pajęczy,ADJ,4
pięcioletni,ADJ,4
pikowany,ADJ,4,pikować
pobudzany,ADJ,4,pobudzać
pochmurny,ADJ,4
podporządkowany,ADJ,4,podporządkować
podsumowywany,ADJ,4,podsumowywać
podświetlany,ADJ,4,podświetlać
podyktowany,ADJ,4,podyktować
pojemny,ADJ,4
pokaźny,ADJ,4
porąbany,ADJ,4,porąbać
portugalski,ADJ,4
porywany,ADJ,4,porywać
poślubny,ADJ,4
potoczny,ADJ,4
pourazowy,ADJ,4
powalony,ADJ,4,powalić
powiększany,ADJ,4,powiększać
powtórzony,ADJ,4,powtórzyć
pozwany,ADJ,4,pozwać
praktykowany,ADJ,4,praktykować
prądotwórczy,ADJ,4
preferencyjny,ADJ,4
proekologiczny,ADJ,4
prostopadły,ADJ,4
próbowany,ADJ,4,próbować
przeciwbakteryjny,ADJ,4
przerobiony,ADJ,4,przerobić
przesuszony,ADJ,4,przesuszyć
przychylny,ADJ,4
przygnębiany,ADJ,4,przygnębiać
przyłapany,ADJ,4,przyłapać
przywiązany,ADJ,4,przywiązać
pszenny,ADJ,4
punktowy,ADJ,4
pustynny,ADJ,4
rajski,ADJ,4
regulacyjny,ADJ,4
rekordowy,ADJ,4
rozważny,ADJ,4
równoważny,ADJ,4
rumuński,ADJ,4
rycynowy,ADJ,4
samowystarczalny,ADJ,4
sceniczny,ADJ,4
schludny,ADJ,4
skomponowany,ADJ,4,skomponować
słodziutki,ADJ,4
słyszalny,ADJ,4
smakowity,ADJ,4
spalinowy,ADJ,4
spłacony,ADJ,4,spłacić
spłukany,ADJ,4
sporny,ADJ,4
sporządzony,ADJ,4,sporządzić
sprężony,ADJ,4,sprężyć
starczy,ADJ,4
stawowy,ADJ,4
sterylny,ADJ,4
stolarski,ADJ,4
stromy,ADJ,4
studyjny,ADJ,4
szczytowy,ADJ,4
szklisty,ADJ,4
świński,ADJ,4
tanio,ADJ,4
tarczowy,ADJ,4
teleadresowy,ADJ,4
trądzikowy,ADJ,4
trekkingowy,ADJ,4
trójwymiarowy,ADJ,4
trywialny,ADJ,4
ujęty,ADJ,4,ująć
ujmowany,ADJ,4,ujmować
ukształtowany,ADJ,4,ukształtować
uprawny,ADJ,4
uspokajający,ADJ,4
walny,ADJ,4
wciśnięty,ADJ,4,wcisnąć
webowy,ADJ,4
wełniany,ADJ,4
weryfikowany,ADJ,4,weryfikować
witalny,ADJ,4
włosowy,ADJ,4
wręczony,ADJ,4,wręczyć
wstrzymany,ADJ,4,wstrzymać
wulkaniczny,ADJ,4
wyborny,ADJ,4
wychowywany,ADJ,4,wychowywać
wygenerowany,ADJ,4,wygenerować
wykryty,ADJ,4,wykryć
wylotowy,ADJ,4
wymowny,ADJ,4
wypowiedziany,ADJ,4,wypowiedzieć
wypożyczony,ADJ,4,wypożyczyć
wyrażany,ADJ,4,wyrażać
zaaranżowany,ADJ,4,zaaranżować
zachowawczy,ADJ,4
zakładowy,ADJ,4
zakodowany,ADJ,4,zakodować
zaliczany,ADJ,4,zaliczać
zalogowany,ADJ,4,zalogować
załadowany,ADJ,4,załadować
zamieszkały,ADJ,4
zaoszczędzony,ADJ,4,zaoszczędzić
zapisywany,ADJ,4,zapisywać
zapowiadany,ADJ,4,zapowiadać
zarobiony,ADJ,4,zarobić
zarobkowy,ADJ,4
zasadny,ADJ,4
zasypany,ADJ,4,zasypać
zaszczepiony,ADJ,4,zaszczepić
zatkany,ADJ,4
zaufany,ADJ,4
zbiorczy,ADJ,4
zestresowany,ADJ,4,zestresować
zębowy,ADJ,4
zjawiskowy,ADJ,4
zjednoczony,ADJ,4,zjednoczyć
złocisty,ADJ,4
znikomy,ADJ,4
zrodzony,ADJ,4,zrodzić
zrujnowany,ADJ,4,zrujnować
zwiewny,ADJ,4
adwentowy,ADJ,3
alkaliczny,ADJ,3
aplikacyjny,ADJ,3
bezgraniczny,ADJ,3
bezterminowy,ADJ,3
biometryczny,ADJ,3
bombowy,ADJ,3
bratni,ADJ,3
brunatny,ADJ,3
buddyjski,ADJ,3
burzowy,ADJ,3
charyzmatyczny,ADJ,3
chlewny,ADJ,3
chwalebny,ADJ,3
cieszony,ADJ,3,cieszyć
cięty,ADJ,3
cyniczny,ADJ,3
doktorski,ADJ,3
doprowadzony,ADJ,3,doprowadzić
dwudniowy,ADJ,3
dwutygodniowy,ADJ,3
dyplomatyczny,ADJ,3
dzwoniący,ADJ,3,dzwonić
egzaminacyjny,ADJ,3
ewolucyjny,ADJ,3
finansowany,ADJ,3,finansować
geologiczny,ADJ,3
grafitowy,ADJ,3
grawitacyjny,ADJ,3
grubi,ADJ,3
harmonijny,ADJ,3
hazardowy,ADJ,3
identyfikacyjny,ADJ,3
ideologiczny,ADJ,3
imitowany,ADJ,3,imitować
izolacyjny,ADJ,3
jezdny,ADJ,3
kapłański,ADJ,3
kilkugodzinny,ADJ,3
klimatyzacyjny,ADJ,3
kolarski,ADJ,3
komediowy,ADJ,3
komplementarny,ADJ,3
koncepcyjny,ADJ,3
konserwacyjny,ADJ,3
konsolidacyjny,ADJ,3
kozi,ADJ,3
krajobrazowy,ADJ,3
kukurydziany,ADJ,3
kulisty,ADJ,3
kuloodporny,ADJ,3
lakierniczy,ADJ,3
lekcyjny,ADJ,3
liberalny,ADJ,3
liczbowy,ADJ,3
lokatorski,ADJ,3
marokański,ADJ,3
materiałowy,ADJ,3
migowy,ADJ,3
mizerny,ADJ,3
nabywczy,ADJ,3
nadany,ADJ,3
nadmorski,ADJ,3
nakręcony,ADJ,3,nakręcić
narzucony,ADJ,3,narzucić
nasienny,ADJ,3
nauczycielski,ADJ,3
nawiedzony,ADJ,3,nawiedzić
naziemny,ADJ,3
niekomercyjny,ADJ,3
niekompetentny,ADJ,3
niemy,ADJ,3
nieoczywisty,ADJ,3
nieodparty,ADJ,3
niepowołany,ADJ,3
niepozorny,ADJ,3
nieprzemakalny,ADJ,3
nieprzerwany,ADJ,3
niepubliczny,ADJ,3
niewierzący,ADJ,3
niewskazany,ADJ,3
nieznaczny,ADJ,3
niezwyciężony,ADJ,3
nikły,ADJ,3
nominalny,ADJ,3
noworodkowy,ADJ,3
numeryczny,ADJ,3
obarczony,ADJ,3,obarczyć
obserwacyjny,ADJ,3
odgromowy,ADJ,3
odprowadzany,ADJ,3,odprowadzać
odszkodowawczy,ADJ,3
odżywiony,ADJ,3,odżywić
ogarnięty,ADJ,3,ogarnąć
oglądany,ADJ,3,oglądać
ognisty,ADJ,3
ogólnopolski,ADJ,3
ojcowski,ADJ,3
okręgowy,ADJ,3
olejny,ADJ,3
opadany,ADJ,3,opadać
opalony,ADJ,3,opalić
opatentowany,ADJ,3,opatentować
opatrzony,ADJ,3,opatrzyć
opodatkowany,ADJ,3,opodatkować
opowiadany,ADJ,3,opowiadać
osiągalny,ADJ,3
osiągany,ADJ,3,osiągać
owalny,ADJ,3
pamięciowy,ADJ,3
panoramiczny,ADJ,3
parszywy,ADJ,3
paryski,ADJ,3
paszportowy,ADJ,3
pełnoziarnisty,ADJ,3
pędzony,ADJ,3,pędzić
pielęgnowany,ADJ,3,pielęgnować
pieprzowy,ADJ,3
piętnasty,ADJ,3
pirotechniczny,ADJ,3
pływacki,ADJ,3
pochopny,ADJ,3
podgrzewany,ADJ,3,podgrzewać
poirytowany,ADJ,3,poirytować
polubowny,ADJ,3
pomyślany,ADJ,3,pomyśleć
poparty,ADJ,3,poprzeć
poprzedzony,ADJ,3,poprzedzić
poszerzany,ADJ,3,poszerzać
powlekany,ADJ,3,powlekać
pragnięty,ADJ,3,pragnąć
programistyczny,ADJ,3
przedostatni,ADJ,3
przedwojenny,ADJ,3
przepracowany,ADJ,3,przepracować
przesiany,ADJ,3,przesiać
przetwórczy,ADJ,3
przyklejony,ADJ,3,przykleić
przykryty,ADJ,3,przykryć
przymocowany,ADJ,3,przymocować
przypadający,ADJ,3,przypadać
przysłowiowy,ADJ,3
przyszłościowy,ADJ,3
przytłoczony,ADJ,3,przytłoczyć
pudrowy,ADJ,3
purpurowy,ADJ,3
rakietowy,ADJ,3
rakowy,ADJ,3
razowy,ADJ,3
renesansowy,ADJ,3
restauracyjny,ADJ,3
romański,ADJ,3
rozczarowywany,ADJ,3,rozczarowywać
ruchliwy,ADJ,3
rustykalny,ADJ,3
rysowany,ADJ,3,rysować
sakralny,ADJ,3
sąsiedzki,ADJ,3
secesyjny,ADJ,3
selektywny,ADJ,3
sensoryczny,ADJ,3
setny,ADJ,3
siedemdziesiąty,ADJ,3
skandaliczny,ADJ,3
składowy,ADJ,3
skryty,ADJ,3,skryć
słodko,ADJ,3
smoczy,ADJ,3
socjalistyczny,ADJ,3
spadochronowy,ADJ,3
staromodny,ADJ,3
staropolski,ADJ,3
stymulowany,ADJ,3,stymulować
sufitowy,ADJ,3
szkolony,ADJ,3,szkolić
szpiegowski,ADJ,3
śladowy,ADJ,3
ślepa,ADJ,3
śnieżnobiały,ADJ,3
tekturowy,ADJ,3
tolerancyjny,ADJ,3
trójkątny,ADJ,3
trzydziesty,ADJ,3
trzyosobowy,ADJ,3
uchylony,ADJ,3,uchylić
ukrywany,ADJ,3,ukrywać
uleczalny,ADJ,3
upokarzający,ADJ,3
urlopowy,ADJ,3
uruchamiany,ADJ,3,uruchamiać
ustanowiony,ADJ,3,ustanowić
utleniony,ADJ,3,utlenić
utrudniany,ADJ,3,utrudniać
uwarunkowany,ADJ,3,uwarunkować
uzdrowiskowy,ADJ,3
warstwowy,ADJ,3
wirusowy,ADJ,3
wjazdowy,ADJ,3
wrześniowy,ADJ,3
wspomagający,ADJ,3
wstrząśnięty,ADJ,3,wstrząsnąć
wybredny,ADJ,3
wygórowany,ADJ,3
wykopany,ADJ,3,wykopać
wykwintny,ADJ,3
wylosowany,ADJ,3,wylosować
wymierzony,ADJ,3,wymierzyć
wypłacony,ADJ,3,wypłacić
wypowiadany,ADJ,3,wypowiadać
wyrośnięty,ADJ,3,wyrosnąć
wyszczególniony,ADJ,3,wyszczególnić
wzywany,ADJ,3,wzywać
zabijany,ADJ,3,zabijać
zabrany,ADJ,3,zabrać
zaciągnięty,ADJ,3,zaciągnąć
zacieniony,ADJ,3,zacienić
zafascynowany,ADJ,3,zafascynować
zakurzony,ADJ,3,zakurzyć
zaległy,ADJ,3
załatwiany,ADJ,3,załatwiać
zapytany,ADJ,3,zapytać
zaradny,ADJ,3
zaręczony,ADJ,3,zaręczyć
zarysowany,ADJ,3,zarysować
zbadany,ADJ,3,zbadać
zgubiony,ADJ,3,zgubić
zgubny,ADJ,3
zmierzany,ADJ,3,zmierzać
zoptymalizowany,ADJ,3,zoptymalizować
zredukowany,ADJ,3,zredukować
zwięzły,ADJ,3
anafilaktyczny,ADJ,3
anglojęzyczny,ADJ,3
arachidowy,ADJ,3
argentyński,ADJ,3
arytmetyczny,ADJ,3
bagażowy,ADJ,3
balkonowy,ADJ,3
bezbłędny,ADJ,3
bezcelowy,ADJ,3
bezduszny,ADJ,3
bezgotówkowy,ADJ,3
bezinteresowny,ADJ,3
bezkarny,ADJ,3
bezstresowy,ADJ,3
bezzapachowy,ADJ,3
bezzwrotny,ADJ,3
błahy,ADJ,3
bokserski,ADJ,3
bolejący,ADJ,3,boleć
borykający,ADJ,3,borykać
brazylijski,ADJ,3
brzozowy,ADJ,3
budzony,ADJ,3,budzić
butelkowany,ADJ,3,butelkować
chrupany,ADJ,3,chrupać
cieniutki,ADJ,3
cieplutki,ADJ,3
czarodziejski,ADJ,3
czosnkowy,ADJ,3
czteroosobowy,ADJ,3
czwartkowy,ADJ,3
dążący,ADJ,3,dążyć
dodatni,ADJ,3
doniczkowy,ADJ,3
dostosowywany,ADJ,3,dostosowywać
dożywotni,ADJ,3
drażniący,ADJ,3
dwujęzyczny,ADJ,3
dwupokojowy,ADJ,3
działkowy,ADJ,3
ekscentryczny,ADJ,3
eliminowany,ADJ,3,eliminować
emerytowany,ADJ,3,emerytować
fabularny,ADJ,3
filcowy,ADJ,3
fluorescencyjny,ADJ,3
franczyzowy,ADJ,3
galowy,ADJ,3
godzinny,ADJ,3
gruziński,ADJ,3
grzeszny,ADJ,3
gwiazdkowy,ADJ,3
haftowany,ADJ,3,haftować
hałaśliwy,ADJ,3
haniebny,ADJ,3
hollywoodzki,ADJ,3
inspirujący,ADJ,3
instruktażowy,ADJ,3
interpretowany,ADJ,3,interpretować
interwencyjny,ADJ,3
irański,ADJ,3
jajeczny,ADJ,3
jałowy,ADJ,3
jedzony,ADJ,3,jeść
kaflowy,ADJ,3
kajakowy,ADJ,3
kamienisty,ADJ,3
kapitalny,ADJ,3
kasowy,ADJ,3
konsumpcyjny,ADJ,3
koślawy,ADJ,3
kuszony,ADJ,3,kusić
kwiecisty,ADJ,3
lateksowy,ADJ,3
laurowy,ADJ,3
licealny,ADJ,3
listopadowy,ADJ,3
liturgiczny,ADJ,3
lubuski,ADJ,3
makabryczny,ADJ,3
meteorologiczny,ADJ,3
metodyczny,ADJ,3
miedziany,ADJ,3
migracyjny,ADJ,3
mityczny,ADJ,3
modernizacyjny,ADJ,3
monetarny,ADJ,3
monochromatyczny,ADJ,3
nachalny,ADJ,3
naciowy,ADJ,3
naliczony,ADJ,3,naliczyć
napełniony,ADJ,3,napełnić
narastający,ADJ,3,narastać
narysowany,ADJ,3,narysować
nasączony,ADJ,3,nasączyć
nawiązywany,ADJ,3,nawiązywać
niechcący,ADJ,3
niedokończony,ADJ,3
niedokrwienny,ADJ,3
nieleczony,ADJ,3
nieludzki,ADJ,3
nieoficjalny,ADJ,3
nieosiągalny,ADJ,3
niepoważny,ADJ,3
nieruchomy,ADJ,3
niewierny,ADJ,3
niewymagający,ADJ,3
niewytłumaczalny,ADJ,3
niezadowalający,ADJ,3
nieziemski,ADJ,3
nijaki,ADJ,3
niszczący,ADJ,3
obliczeniowy,ADJ,3
obniżany,ADJ,3,obniżać
obojętni,ADJ,3
obozowy,ADJ,3
obsesyjny,ADJ,3
ocalony,ADJ,3
odbity,ADJ,3,odbić
odesłany,ADJ,3,odesłać
odkrywczy,ADJ,3
odłożony,ADJ,3,odłożyć
odmładzany,ADJ,3,odmładzać
odprężany,ADJ,3,odprężać
odręczny,ADJ,3
odroczony,ADJ,3,odroczyć
odwodniony,ADJ,3,odwodnić
odwoławczy,ADJ,3
okrętowy,ADJ,3
okulistyczny,ADJ,3
opolski,ADJ,3
osiemnasty,ADJ,3
otyły,ADJ,3
owczy,ADJ,3
pałacowy,ADJ,3
paraliżowany,ADJ,3,paraliżować
paranormalny,ADJ,3
parzysty,ADJ,3
październikowy,ADJ,3
piaskowy,ADJ,3
pielęgniarski,ADJ,3
pilotażowy,ADJ,3
pity,ADJ,3,pić
plenarny,ADJ,3
płacony,ADJ,3,płacić
płomienny,ADJ,3
poboczny,ADJ,3
podkarpacki,ADJ,3
podkreślony,ADJ,3,podkreślić
podrobiony,ADJ,3,podrobić
pokorny,ADJ,3
pokrzywdzony,ADJ,3
polany,ADJ,3,polać
ponadnarodowy,ADJ,3
poniedziałkowy,ADJ,3
potraktowany,ADJ,3,potraktować
potrącony,ADJ,3,potrącić
poukładany,ADJ,3,poukładać
powierzchniowy,ADJ,3
powtórny,ADJ,3
powypadkowy,ADJ,3
pozalekcyjny,ADJ,3
pozycyjny,ADJ,3
pożyczony,ADJ,3,pożyczyć
półroczny,ADJ,3
prenatalny,ADJ,3
profilowany,ADJ,3,profilować
przebadany,ADJ,3,przebadać
przeciwzmarszczkowy,ADJ,3
przecudowny,ADJ,3
przejeżdżany,ADJ,3,przejeżdżać
przejmowany,ADJ,3,przejmować
przekraczany,ADJ,3,przekraczać
przesadzony,ADJ,3,przesadzić
prześladowany,ADJ,3,prześladować
przeuroczy,ADJ,3
przewieziony,ADJ,3,przewieźć
przewodowy,ADJ,3
przeźroczysty,ADJ,3
przyrządzony,ADJ,3,przyrządzić
przysługujący,ADJ,3,przysługiwać
przyswajalny,ADJ,3
przytoczony,ADJ,3,przytoczyć
przywieziony,ADJ,3,przywieźć
radiologiczny,ADJ,3
ratalny,ADJ,3
recenzowany,ADJ,3,recenzować
redukowany,ADJ,3,redukować
rejestrowany,ADJ,3,rejestrować
rejonowy,ADJ,3
rentgenowski,ADJ,3
rozciągliwy,ADJ,3
rozciągnięty,ADJ,3,rozciągnąć
rozdrobniony,ADJ,3,rozdrobnić
rozdzielczy,ADJ,3
rozdzielony,ADJ,3,rozdzielić
rozluźniony,ADJ,3,rozluźnić
rozpatrzony,ADJ,3,rozpatrzyć
roztrzepany,ADJ,3
równorzędny,ADJ,3
różniony,ADJ,3,różnić
rysunkowy,ADJ,3
rześki,ADJ,3
sadzony,ADJ,3,sadzić
siatkowy,ADJ,3
skażony,ADJ,3,skazić
słuchawkowy,ADJ,3
spedycyjny,ADJ,3
spędzany,ADJ,3,spędzać
spieprzony,ADJ,3,spieprzyć
spocony,ADJ,3,spocić
spoko,ADJ,3
sporządzany,ADJ,3,sporządzać
stabilizowany,ADJ,3,stabilizować
staroświecki,ADJ,3
starzejący,ADJ,3,starzeć
strzelecki,ADJ,3
strzeżony,ADJ,3,strzec
stylistyczny,ADJ,3
sumienny,ADJ,3
syberyjski,ADJ,3
symetryczny,ADJ,3
sypki,ADJ,3
szacowany,ADJ,3,szacować
szczotkowany,ADJ,3,szczotkować
szyjny,ADJ,3
ścierny,ADJ,3
światłowodowy,ADJ,3
tajemny,ADJ,3
taki,ADJ,3
tandetny,ADJ,3
tchórzliwy,ADJ,3
toksykologiczny,ADJ,3
tonący,ADJ,3,tonąć
transakcyjny,ADJ,3
transparentny,ADJ,3
transportowany,ADJ,3,transportować
troskliwy,ADJ,3
truty,ADJ,3,truć
trzcinowy,ADJ,3
tytanowy,ADJ,3
ubiegłoroczny,ADJ,3
ubity,ADJ,3,ubić
uczęszczany,ADJ,3,uczęszczać
ukazany,ADJ,3,ukazać
ulewny,ADJ,3
umarły,ADJ,3
umiejętny,ADJ,3
umorzony,ADJ,3,umorzyć
umyślny,ADJ,3
uniesiony,ADJ,3,unieść
urzekany,ADJ,3,urzekać
uwolniony,ADJ,3,uwolnić
uzyskiwany,ADJ,3,uzyskiwać
walentynkowy,ADJ,3
wdrożeniowy,ADJ,3
wektorowy,ADJ,3
welurowy,ADJ,3
wiatrowy,ADJ,3
wibracyjny,ADJ,3
wielkoformatowy,ADJ,3
wieprzowy,ADJ,3
własnościowy,ADJ,3
wrodzony,ADJ,3
współdzielony,ADJ,3,współdzielić
wstawiony,ADJ,3,wstawić
wszczepiony,ADJ,3,wszczepić
wszystek,ADJ,3
wtorkowy,ADJ,3
wtryskowy,ADJ,3
wycieczkowy,ADJ,3
wydalany,ADJ,3,wydalać
wydzielany,ADJ,3,wydzielać
wykonalny,ADJ,3
wylany,ADJ,3,wylać
wyłoniony,ADJ,3,wyłonić
wymyślny,ADJ,3
wyniesiony,ADJ,3,wynieść
wypadający,ADJ,3,wypadać
wyrządzony,ADJ,3,wyrządzić
wysokogatunkowy,ADJ,3
wytworny,ADJ,3
wytworzony,ADJ,3,wytworzyć
wzmożony,ADJ,3,wzmóc
zaciszny,ADJ,3
zaciśnięty,ADJ,3,zacisnąć
zagorzały,ADJ,3
zakrwawiony,ADJ,3,zakrwawić
zamaskowany,ADJ,3,zamaskować
zamężny,ADJ,3
zamieszczany,ADJ,3,zamieszczać
zamkowy,ADJ,3
zapamiętany,ADJ,3,zapamiętać
zapoznany,ADJ,3,zapoznać
zardzewiały,ADJ,3
zaszczycony,ADJ,3,zaszczycić
zażenowany,ADJ,3,zażenować
zbytni,ADJ,3
zdjęty,ADJ,3,zdjąć
zgniły,ADJ,3
zgwałcony,ADJ,3,zgwałcić
zmartwiony,ADJ,3,zmartwić
zmienna,ADJ,3
zmodernizowany,ADJ,3,zmodernizować
zmontowany,ADJ,3,zmontować
zniekształcony,ADJ,3,zniekształcić
zobligowany,ADJ,3,zobligować
zostawiony,ADJ,3,zostawić
zweryfikowany,ADJ,3,zweryfikować
zwinięty,ADJ,3,zwinąć
zwyczajowy,ADJ,3
zżyty,ADJ,3,zżyć
aktywizowany,ADJ,3,aktywizować
aktywowany,ADJ,3,aktywować
alimentacyjny,ADJ,3
ambulatoryjny,ADJ,3
angażowany,ADJ,3,angażować
antydepresyjny,ADJ,3
apelacyjny,ADJ,3
astralny,ADJ,3
autokarowy,ADJ,3
ażurowy,ADJ,3
bazujący,ADJ,3,bazować
behawioralny,ADJ,3
błotny,ADJ,3
bohaterski,ADJ,3
bombardowany,ADJ,3,bombardować
bordowy,ADJ,3
broniony,ADJ,3,bronić
budyniowy,ADJ,3
bukmacherski,ADJ,3
bukowy,ADJ,3
certyfikacyjny,ADJ,3
chorujący,ADJ,3,chorować
chroniczny,ADJ,3
cielesny,ADJ,3
cierpki,ADJ,3
cygański,ADJ,3
cyrkowy,ADJ,3
ćwiczony,ADJ,3,ćwiczyć
demoniczny,ADJ,3
depozytowy,ADJ,3
depresyjny,ADJ,3
dermatologiczny,ADJ,3
dezynfekowany,ADJ,3,dezynfekować
długowłosy,ADJ,3
dokuczliwy,ADJ,3
dokumentowany,ADJ,3,dokumentować
doświadczany,ADJ,3,doświadczać
drzwiowy,ADJ,3
egoistyczny,ADJ,3
empatyczny,ADJ,3
energetyzowany,ADJ,3,energetyzować
epokowy,ADJ,3
ewakuacyjny,ADJ,3
ewidentny,ADJ,3
falowany,ADJ,3,falować
fikcyjny,ADJ,3
fotogeniczny,ADJ,3
frustrowany,ADJ,3,frustrować
gabinetowy,ADJ,3
gadany,ADJ,3,gadać
geopolityczny,ADJ,3
głębokie,ADJ,3
głodujący,ADJ,3,głodować
gnijący,ADJ,3,gnić
godziwy,ADJ,3
grudniowy,ADJ,3
grzany,ADJ,3,grzać
holistyczny,ADJ,3
hotelarski,ADJ,3
importowy,ADJ,3
infekcyjny,ADJ,3
infrastrukturalny,ADJ,3
instalowany,ADJ,3,instalować
instytucjonalny,ADJ,3
islandzki,ADJ,3
jagodowy,ADJ,3
jednostajny,ADJ,3
jedwabisty,ADJ,3
jeżdżący,ADJ,3,jeździć
juniorski,ADJ,3
kabinowy,ADJ,3
kanoniczny,ADJ,3
kapryśny,ADJ,3
kelnerski,ADJ,3
kilkuletni,ADJ,3
klarowany,ADJ,3,klarować
kłamliwy,ADJ,3
koleżeński,ADJ,3
kolosalny,ADJ,3
kołowy,ADJ,3
kompozytowy,ADJ,3
konstytucyjny,ADJ,3
konsultacyjny,ADJ,3
kontraktowy,ADJ,3
korekcyjny,ADJ,3
koszulowy,ADJ,3
kradziony,ADJ,3,kraść
krępowany,ADJ,3,krępować
krótkowzroczny,ADJ,3
krwawiony,ADJ,3,krwawić
krzywdzony,ADJ,3,krzywdzić
kurzy,ADJ,3
kwartalny,ADJ,3
kwestionowany,ADJ,3,kwestionować
lawendowy,ADJ,3
lepki,ADJ,3
liczebny,ADJ,3
logopedyczny,ADJ,3
lokalowy,ADJ,3
lustrzany,ADJ,3
ładunkowy,ADJ,3
łysy,ADJ,3
mailingowy,ADJ,3
makroekonomiczny,ADJ,3
malejący,ADJ,3,maleć
masowany,ADJ,3,masować
medytacyjny,ADJ,3
metafizyczny,ADJ,3
mikrobiologiczny,ADJ,3
mlekowy,ADJ,3
modelarski,ADJ,3
modernistyczny,ADJ,3
motorowy,ADJ,3
nacjonalistyczny,ADJ,3
nadawczy,ADJ,3
nagrywany,ADJ,3,nagrywać
naznaczony,ADJ,3,naznaczyć
negocjowany,ADJ,3,negocjować
niechlubny,ADJ,3
niecki,ADJ,3
niedrogi,ADJ,3
niehumanitarny,ADJ,3
niejawny,ADJ,3
niejeden,ADJ,3
niematerialny,ADJ,3
niemądry,ADJ,3
nienaturalny,ADJ,3
nieparzysty,ADJ,3
nieprofesjonalny,ADJ,3
nieprzyjazny,ADJ,3
nierozsądny,ADJ,3
nierozwiązany,ADJ,3
niesforny,ADJ,3
niesiony,ADJ,3,nieść
nieświeży,ADJ,3
nieudolny,ADJ,3
nieufny,ADJ,3
nieuleczalny,ADJ,3
niewybaczalny,ADJ,3
niewykonalny,ADJ,3
niewyraźny,ADJ,3
niezapowiedziany,ADJ,3
niezauważalny,ADJ,3
niezniszczalny,ADJ,3
niszczycielski,ADJ,3
niszowy,ADJ,3
nosowy,ADJ,3
obchodzony,ADJ,3,obchodzić
ocalały,ADJ,3
ochroniarski,ADJ,3
ocieplany,ADJ,3
odbijany,ADJ,3,odbijać
odblokowany,ADJ,3,odblokować
odbudowany,ADJ,3,odbudować
odłączony,ADJ,3,odłączyć
odprawiony,ADJ,3,odprawić
odprężony,ADJ,3,odprężyć
odrestaurowany,ADJ,3,odrestaurować
odsyłany,ADJ,3,odsyłać
ofiarny,ADJ,3
ogniowy,ADJ,3
ogólnoświatowy,ADJ,3
ograniczany,ADJ,3,ograniczać
opakowany,ADJ,3,opakować
opancerzony,ADJ,3,opancerzyć
operowany,ADJ,3,operować
operowy,ADJ,3
opisowy,ADJ,3
opozycyjny,ADJ,3
opróżniony,ADJ,3,opróżnić
opuchnięty,ADJ,3,opuchnąć
orzeźwiany,ADJ,3,orzeźwiać
owadobójczy,ADJ,3
paletowy,ADJ,3
partyjny,ADJ,3
pasjonowany,ADJ,3,pasjonować
pełniony,ADJ,3,pełnić
pełnoprawny,ADJ,3
perforowany,ADJ,3,perforować
pierworodny,ADJ,3
pieść,ADJ,3
pijacki,ADJ,3
piorunowany,ADJ,3,piorunować
płytowy,ADJ,3
podarunkowy,ADJ,3
podbity,ADJ,3,podbić
podniecony,ADJ,3,podniecić
podparty,ADJ,3
podróżniczy,ADJ,3
pogrupowany,ADJ,3,pogrupować
pogrzebany,ADJ,3
pokerowy,ADJ,3
poligraficzny,ADJ,3
pomniejszony,ADJ,3,pomniejszyć
pomocowy,ADJ,3
ponadprzeciętny,ADJ,3
poniżany,ADJ,3,poniżać
poobijany,ADJ,3,poobijać
porowaty,ADJ,3
posadzony,ADJ,3,posadzić
postępowy,ADJ,3
poszukiwawczy,ADJ,3
potrafiony,ADJ,3,potrafić
powalany,ADJ,3,powalać
powracający,ADJ,3,powracać
pozamykany,ADJ,3,pozamykać
pozłacany,ADJ,3,pozłacać
pozorny,ADJ,3
pożegnalny,ADJ,3
prewencyjny,ADJ,3
prowokacyjny,ADJ,3
prozdrowotny,ADJ,3
przebrany,ADJ,3,przebrać
przechlapany,ADJ,3,przechlapać
przechodzony,ADJ,3,przechodzić
przeciwwskazany,ADJ,3
przeczyszczany,ADJ,3,przeczyszczać
przedłużany,ADJ,3,przedłużać
przedwyborczy,ADJ,3
przelany,ADJ,3,przelać
przestrzegany,ADJ,3,przestrzegać
przesuwany,ADJ,3,przesuwać
przeszklony,ADJ,3,przeszklić
przeszkolony,ADJ,3,przeszkolić
przeszły,ADJ,3
przewrotny,ADJ,3
przybrzeżny,ADJ,3
przyczyniany,ADJ,3,przyczyniać
przykuty,ADJ,3
przylegający,ADJ,3,przylegać
przyszłoroczny,ADJ,3
pulsujący,ADJ,3,pulsować
punktowany,ADJ,3,punktować
radioaktywny,ADJ,3
refundowany,ADJ,3,refundować
remontowany,ADJ,3,remontować
robotniczy,ADJ,3
rocznicowy,ADJ,3
rozbieżny,ADJ,3
rozdany,ADJ,3,rozdać
rozdrażniony,ADJ,3,rozdrażnić
rozebrany,ADJ,3,rozebrać
rozliczany,ADJ,3,rozliczać
rozmowny,ADJ,3
rozpoznawczy,ADJ,3
roztopiony,ADJ,3,roztopić
równia,ADJ,3
różańcowy,ADJ,3
różowaty,ADJ,3
rytmiczny,ADJ,3
sądzony,ADJ,3,sądzić
schabowy,ADJ,3
sformułowany,ADJ,3,sformułować
siarkowy,ADJ,3
sierpniowy,ADJ,3
skazywany,ADJ,3,skazywać
składowa,ADJ,3
skołowany,ADJ,3,skołować
skupiany,ADJ,3,skupiać
słoniowy,ADJ,3
słowny,ADJ,3
smoleński,ADJ,3
sodowy,ADJ,3
spacerowy,ADJ,3
spisany,ADJ,3,spisać
spółdzielczy,ADJ,3
spuchnięty,ADJ,3,spuchnąć
spustowy,ADJ,3
spuszczony,ADJ,3,spuścić
sromowy,ADJ,3
starożytni,ADJ,3
stuprocentowy,ADJ,3
stwierdzony,ADJ,3,stwierdzić
szlifowany,ADJ,3,szlifować
ściągany,ADJ,3,ściągać
śmietankowy,ADJ,3
świetlicowy,ADJ,3
świętokrzyski,ADJ,3
teleskopowy,ADJ,3
tłumiony,ADJ,3,tłumić
tożsamy,ADJ,3
tramwajowy,ADJ,3
trenerski,ADJ,3
trzynasty,ADJ,3
uchwalony,ADJ,3,uchwalić
ujędrniany,ADJ,3,ujędrniać
ukazywany,ADJ,3,ukazywać
układany,ADJ,3
ulotny,ADJ,3
ultrafioletowy,ADJ,3
upadłościowy,ADJ,3
upierdliwy,ADJ,3
upływający,ADJ,3,upływać
uprzywilejowany,ADJ,3,uprzywilejować
uradowany,ADJ,3,uradować
urzędniczy,ADJ,3
ustawiany,ADJ,3,ustawiać
utajniony,ADJ,3
uzgadniany,ADJ,3,uzgadniać
wagowy,ADJ,3
wbity,ADJ,3,wbić
wczesnoszkolny,ADJ,3
wentylowany,ADJ,3,wentylować
wiążący,ADJ,3
wiejący,ADJ,3
wieloosobowy,ADJ,3
wielopokoleniowy,ADJ,3
wietrzny,ADJ,3
witaminowy,ADJ,3
wizerunkowy,ADJ,3
włączany,ADJ,3,włączać
włochaty,ADJ,3
wniesiony,ADJ,3,wnieść
wrzucony,ADJ,3,wrzucić
wszyty,ADJ,3,wszyć
wyboisty,ADJ,3
wyceniany,ADJ,3,wyceniać
wyciskany,ADJ,3,wyciskać
wyczyszczony,ADJ,3,wyczyścić
wydechowy,ADJ,3
wyjęty,ADJ,3,wyjąć
wykładowy,ADJ,3
wykupiony,ADJ,3,wykupić
wymuszony,ADJ,3,wymusić
wynagrodzony,ADJ,3,wynagrodzić
wypchany,ADJ,3,wypchać
wypełniany,ADJ,3,wypełniać
wyprowadzony,ADJ,3,wyprowadzić
wyskakujący,ADJ,3,wyskakiwać
wysłuchany,ADJ,3,wysłuchać
wystawienniczy,ADJ,3
wystawny,ADJ,3
wystawowy,ADJ,3
wysunięty,ADJ,3,wysunąć
wyszywany,ADJ,3,wyszywać
wyściełany,ADJ,3,wyściełać
wytężony,ADJ,3,wytężyć
wytłoczony,ADJ,3,wytłoczyć
wytrenowany,ADJ,3,wytrenować
wyznaczany,ADJ,3,wyznaczać
wyznaniowy,ADJ,3
wyzwolony,ADJ,3,wyzwolić
wzniesiony,ADJ,3,wznieść
wzorcowy,ADJ,3
wzruszony,ADJ,3
zadziwiający,ADJ,3
zagrażający,ADJ,3,zagrażać
zakłopotany,ADJ,3
zakopany,ADJ,3,zakopać
zakrzywiony,ADJ,3,zakrzywić
zalegający,ADJ,3,zalegać
zaliczony,ADJ,3,zaliczyć
zamarznięty,ADJ,3,zamarznąć
zamyślony,ADJ,3,zamyślić
zanurzony,ADJ,3,zanurzyć
zaoczny,ADJ,3
zaparkowany,ADJ,3,zaparkować
zaparty,ADJ,3,zaprzeć
zapchany,ADJ,3,zapchać
zarządczy,ADJ,3
zastanawiający,ADJ,3
zauroczony,ADJ,3,zauroczyć
zawalony,ADJ,3,zawalić
zawstydzony,ADJ,3,zawstydzić
zawzięty,ADJ,3,zawziąć
zbawienny,ADJ,3
zbawiony,ADJ,3,zbawić
zgięty,ADJ,3,zgiąć
zmianowy,ADJ,3
zręczny,ADJ,3
zszokowany,ADJ,3,zszokować
źródlany,ADJ,3
żądny,ADJ,3
żurawinowy,ADJ,3
