mieć,VERB,13175
być,VERB,7393
można,VERB,4003
wiedzieć,VERB,2663
powinien,VERB,2330
należeć,VERB,1962
trzeba,VERB,1733
robić,VERB,1573
mówić,VERB,1548
stać,VERB,1291
istnieć,VERB,1222
zacząć,VERB,1215
myśleć,VERB,1123
warto,VERB,1090
wyglądać,VERB,1061
powiedzieć,VERB,1029
działać,VERB,1019
czuć,VERB,1016
widzieć,VERB,1009
chodzić,VERB,953
pamiętać,VERB,934
wybrać,VERB,919
dać,VERB,915
prowadzić,VERB,909
dotyczyć,VERB,902
wymagać,VERB,879
potrzebować,VERB,876
zobaczyć,VERB,876
pracować,VERB,869
znać,VERB,863
wydawać,VERB,845
czekać,VERB,811
zmienić,VERB,801
szukać,VERB,780
znajdować,VERB,778
potrafić,VERB,767
używać,VERB,764
wykonać,VERB,741
udać,VERB,723
uważać,VERB,720
potrzeba,VERB,693
pisać,VERB,678
dawać,VERB,675
zaczynać,VERB,660
tworzyć,VERB,635
żyć,VERB,626
oznaczać,VERB,623
czytać,VERB,612
iść,VERB,612
sprawdzić,VERB,592
zależeć,VERB,591
wrócić,VERB,574
rozpocząć,VERB,570
korzystać,VERB,566
prosić,VERB,565
zmieniać,VERB,563
wystarczyć,VERB,558
trwać,VERB,557
pomagać,VERB,551
stanowić,VERB,550
brać,VERB,529
pojawić,VERB,529
starać,VERB,527
jeść,VERB,524
okazać,VERB,522
dziać,VERB,507
brak,VERB,503
poznać,VERB,503
uczyć,VERB,499
wykorzystać,VERB,490
stawać,VERB,487
grać,VERB,483
liczyć,VERB,480
stworzyć,VERB,478
wziąć,VERB,475
cieszyć,VERB,457
otrzymać,VERB,452
pojawiać,VERB,447
zajmować,VERB,444
oferować,VERB,437
osiągnąć,VERB,435
bać,VERB,433
wyjść,VERB,426
pozwalać,VERB,422
próbować,VERB,422
kochać,VERB,420
wierzyć,VERB,417
nauczyć,VERB,416
widać,VERB,405
kupić,VERB,401
rozumieć,VERB,401
dostać,VERB,398
otworzyć,VERB,396
przyjść,VERB,395
uzyskać,VERB,395
przeczytać,VERB,389
pozwolić,VERB,387
występować,VERB,387
brakować,VERB,385
dodać,VERB,385
wybierać,VERB,382
zostać,VERB,377
pozostawać,VERB,375
wiadomo,VERB,370
dowiedzieć,VERB,369
określić,VERB,366
rozwijać,VERB,366
przyjąć,VERB,358
podjąć,VERB,357
zapewniać,VERB,353
kupować,VERB,352
dojść,VERB,350
zapomnieć,VERB,350
przejść,VERB,348
spotkać,VERB,345
powstać,VERB,344
powodować,VERB,341
odbywać,VERB,339
pozostać,VERB,338
wracać,VERB,335
postanowić,VERB,334
trzymać,VERB,327
słyszeć,VERB,324
zrozumieć,VERB,323
rozmawiać,VERB,319
rosnąć,VERB,318
walczyć,VERB,312
zachować,VERB,311
słuchać,VERB,303
zapraszać,VERB,301
dokonać,VERB,295
zastanawiać,VERB,295
planować,VERB,294
oczekiwać,VERB,293
wprowadzić,VERB,293
pokazać,VERB,290
traktować,VERB,290
zająć,VERB,290
wejść,VERB,287
skorzystać,VERB,286
służyć,VERB,285
zdobyć,VERB,280
zauważyć,VERB,279
oglądać,VERB,277
patrzeć,VERB,276
zdecydować,VERB,275
wpływać,VERB,274
zamknąć,VERB,274
mieszkać,VERB,272
czynić,VERB,271
nosić,VERB,271
podobać,VERB,271
nazywać,VERB,269
dziękować,VERB,267
poczuć,VERB,267
znaczyć,VERB,265
zwrócić,VERB,264
łączyć,VERB,263
zastosować,VERB,263
odpowiadać,VERB,262
skończyć,VERB,261
uwielbiać,VERB,261
okazywać,VERB,259
szkoda,VERB,256
wynikać,VERB,256
kończyć,VERB,255
przychodzić,VERB,255
trafić,VERB,255
sprawiać,VERB,253
tracić,VERB,253
podzielić,VERB,252
spodziewać,VERB,252
wychodzić,VERB,252
zdarzać,VERB,247
wspomnieć,VERB,246
pokazywać,VERB,244
przeżyć,VERB,243
stawiać,VERB,242
pragnąć,VERB,241
uznać,VERB,239
przestać,VERB,238
zapytać,VERB,237
różnić,VERB,236
zabrać,VERB,232
unikać,VERB,230
dbać,VERB,228
zadbać,VERB,227
podawać,VERB,223
spędzić,VERB,223
wchodzić,VERB,223
decydować,VERB,222
płacić,VERB,222
obserwować,VERB,221
pomyśleć,VERB,221
powstawać,VERB,221
przedstawiać,VERB,219
chronić,VERB,218
oto,VERB,218
towarzyszyć,VERB,218
dzielić,VERB,216
odbyć,VERB,216
bawić,VERB,214
interesować,VERB,214
sprawić,VERB,214
zachęcać,VERB,214
wskazywać,VERB,211
odpowiedzieć,VERB,210
opisać,VERB,209
ustalić,VERB,209
twierdzić,VERB,207
prezentować,VERB,206
spać,VERB,205
przygotowywać,VERB,203
pytać,VERB,202
uniknąć,VERB,200
wygrać,VERB,200
wydać,VERB,199
zapominać,VERB,199
pochodzić,VERB,198
dochodzić,VERB,197
nastąpić,VERB,196
sprawdzać,VERB,196
wystąpić,VERB,196
spełnić,VERB,195
spotykać,VERB,195
umieć,VERB,195
zwracać,VERB,195
leczyć,VERB,193
zdawać,VERB,193
odnaleźć,VERB,192
wymienić,VERB,192
nadawać,VERB,191
marzyć,VERB,187
przypominać,VERB,187
sądzić,VERB,185
stwierdzić,VERB,185
usłyszeć,VERB,185
zamierzać,VERB,184
zwiększać,VERB,184
zapłacić,VERB,183
wiązać,VERB,181
odczuwać,VERB,180
przedstawić,VERB,180
spełniać,VERB,180
poprawić,VERB,179
poruszać,VERB,179
spędzać,VERB,178
dotrzeć,VERB,177
leżeć,VERB,177
otrzymywać,VERB,176
uczestniczyć,VERB,174
zachowywać,VERB,174
opowiadać,VERB,173
przekonać,VERB,169
jechać,VERB,168
odkryć,VERB,168
utrzymywać,VERB,168
zmniejszyć,VERB,167
zorganizować,VERB,167
obejmować,VERB,165
przechodzić,VERB,164
zabraknąć,VERB,163
odejść,VERB,162
doprowadzić,VERB,161
spożywać,VERB,161
wyjaśnić,VERB,161
zbierać,VERB,161
poprosić,VERB,160
zgadzać,VERB,159
budzić,VERB,158
powieść,VERB,158
proponować,VERB,158
zgłosić,VERB,158
cierpieć,VERB,155
panować,VERB,155
ulec,VERB,155
podnieść,VERB,154
powtarzać,VERB,154
przynosić,VERB,154
umożliwiać,VERB,153
brzmieć,VERB,150
wyobrazić,VERB,150
radzić,VERB,149
kontrolować,VERB,148
udawać,VERB,148
zostawić,VERB,148
oceniać,VERB,147
określać,VERB,147
podróżować,VERB,147
zjeść,VERB,147
kosztować,VERB,146
zakładać,VERB,146
zniknąć,VERB,146
obejrzeć,VERB,145
dostawać,VERB,144
dokonywać,VERB,143
obowiązywać,VERB,143
uratować,VERB,143
spojrzeć,VERB,142
uwierzyć,VERB,142
woleć,VERB,141
zagrać,VERB,141
dodawać,VERB,140
porozmawiać,VERB,140
sprzedać,VERB,140
opowiedzieć,VERB,137
oszczędzać,VERB,136
przestrzegać,VERB,136
zabić,VERB,136
uciekać,VERB,135
usuwać,VERB,135
zaplanować,VERB,135
przyjrzeć,VERB,134
ruszyć,VERB,134
dołączyć,VERB,133
obawiać,VERB,133
uciec,VERB,133
poznawać,VERB,132
świadczyć,VERB,132
współpracować,VERB,131
jeździć,VERB,130
rozpoznać,VERB,130
zrezygnować,VERB,130
poradzić,VERB,129
wspominać,VERB,129
zginąć,VERB,129
zrealizować,VERB,129
odwiedzić,VERB,128
oprzeć,VERB,128
urodzić,VERB,128
narzekać,VERB,127
bywać,VERB,126
dysponować,VERB,126
rodzić,VERB,126
umieścić,VERB,126
kontynuować,VERB,125
pozbyć,VERB,125
martwić,VERB,122
minąć,VERB,122
ograniczać,VERB,121
postarać,VERB,120
podkreślić,VERB,119
żałować,VERB,119
ćwiczyć,VERB,118
postrzegać,VERB,118
wywoływać,VERB,118
zyskać,VERB,118
odnosić,VERB,116
popełnić,VERB,116
szanować,VERB,116
zbliżać,VERB,116
charakteryzować,VERB,115
stanąć,VERB,115
zadawać,VERB,115
pokonać,VERB,114
rozwiązać,VERB,114
inwestować,VERB,113
wysłać,VERB,113
zastanowić,VERB,113
przeszkadzać,VERB,112
reagować,VERB,112
skupić,VERB,112
nadejść,VERB,110
ocenić,VERB,110
boleć,VERB,109
odgrywać,VERB,109
umierać,VERB,109
doczekać,VERB,108
odzyskać,VERB,108
powrócić,VERB,108
pozostawić,VERB,108
udzielić,VERB,108
postępować,VERB,107
następować,VERB,106
nazwać,VERB,106
opuścić,VERB,106
wyznaczyć,VERB,106
przewidzieć,VERB,105
ułatwiać,VERB,105
poczekać,VERB,104
ulegać,VERB,104
odżywiać,VERB,103
położyć,VERB,103
sięgać,VERB,103
cenić,VERB,102
odebrać,VERB,102
przebiegać,VERB,102
przyciągać,VERB,102
rozwinąć,VERB,102
sięgnąć,VERB,102
spadać,VERB,102
ukrywać,VERB,102
zamykać,VERB,102
zapisać,VERB,102
podpisać,VERB,101
pojechać,VERB,101
poprawiać,VERB,101
potwierdzać,VERB,101
przepraszać,VERB,101
doceniać,VERB,100
przyjechać,VERB,100
spaść,VERB,100
udowodnić,VERB,100
wykazać,VERB,100
zmniejszać,VERB,100
głosować,VERB,99
malować,VERB,99
opierać,VERB,99
zakupić,VERB,99
dobrać,VERB,98
finansować,VERB,98
powtórzyć,VERB,98
przydać,VERB,98
przywrócić,VERB,98
uprawiać,VERB,98
informować,VERB,97
podkreślać,VERB,97
uczynić,VERB,97
umrzeć,VERB,97
witać,VERB,97
wyłączyć,VERB,97
zasługiwać,VERB,97
zaznaczyć,VERB,97
przypomnieć,VERB,96
ułatwić,VERB,96
patrzyć,VERB,95
wysyłać,VERB,95
zdarzyć,VERB,95
zgodzić,VERB,95
dostrzec,VERB,94
wywołać,VERB,94
śmiać,VERB,93
toczyć,VERB,93
włączyć,VERB,93
grozić,VERB,92
wydarzyć,VERB,92
podlegać,VERB,91
zapowiadać,VERB,91
zaprezentować,VERB,91
mylić,VERB,90
pozbawić,VERB,90
spodobać,VERB,90
zabezpieczyć,VERB,90
dostrzegać,VERB,89
doświadczyć,VERB,89
odrzucić,VERB,89
opisywać,VERB,89
wytrzymać,VERB,89
dopasować,VERB,88
oddawać,VERB,88
przewidywać,VERB,88
zatrudnić,VERB,88
dotykać,VERB,87
osiągać,VERB,87
przeżywać,VERB,87
wpłynąć,VERB,87
wzrastać,VERB,87
zabijać,VERB,87
zemrzeć,VERB,87
nieść,VERB,86
popełniać,VERB,86
przyznawać,VERB,86
wzrosnąć,VERB,86
wyrazić,VERB,85
płakać,VERB,84
podchodzić,VERB,84
podziwiać,VERB,84
ruszać,VERB,84
ustalać,VERB,84
wygrywać,VERB,84
wyróżniać,VERB,84
zabierać,VERB,84
zadzwonić,VERB,84
zapobiec,VERB,84
czerpać,VERB,83
kryć,VERB,83
modlić,VERB,83
nienawidzić,VERB,83
rządzić,VERB,83
tłumaczyć,VERB,83
upewnić,VERB,83
zamówić,VERB,83
zgłaszać,VERB,83
dziwić,VERB,82
obudzić,VERB,82
odwołać,VERB,82
omówić,VERB,82
pobierać,VERB,82
wpaść,VERB,82
wypadać,VERB,82
nadchodzić,VERB,81
padać,VERB,81
podnosić,VERB,81
przejmować,VERB,81
uznawać,VERB,81
zdążyć,VERB,81
zdobywać,VERB,81
kojarzyć,VERB,80
powstrzymać,VERB,80
skupiać,VERB,80
wieść,VERB,80
wymieniać,VERB,80
wypełniać,VERB,80
przerwać,VERB,79
rzucić,VERB,79
trenować,VERB,79
zachwycić,VERB,79
zadać,VERB,79
paść,VERB,78
poddawać,VERB,78
przyzwyczaić,VERB,78
wyrażać,VERB,78
bić,VERB,77
wychowywać,VERB,77
zamienić,VERB,77
analizować,VERB,76
odkrywać,VERB,76
pozostawiać,VERB,76
zachodzić,VERB,76
zaprojektować,VERB,76
monitorować,VERB,75
obiecywać,VERB,75
odmówić,VERB,75
posłuchać,VERB,75
wyjechać,VERB,75
wzmocnić,VERB,75
kazać,VERB,74
odbierać,VERB,74
pobrać,VERB,74
poinformować,VERB,74
preferować,VERB,74
trafiać,VERB,74
urządzić,VERB,74
wstać,VERB,74
mijać,VERB,73
myć,VERB,73
przestawać,VERB,73
zauważać,VERB,73
dominować,VERB,72
oddychać,VERB,72
skontaktować,VERB,72
latać,VERB,71
naprawić,VERB,71
poszukać,VERB,71
poświęcać,VERB,71
przegrać,VERB,71
uzupełnić,VERB,71
wstydzić,VERB,71
zaoszczędzić,VERB,71
dostarczyć,VERB,70
doświadczać,VERB,70
kształtować,VERB,70
zaproponować,VERB,70
czyścić,VERB,69
posługiwać,VERB,69
ukazać,VERB,69
zajść,VERB,69
znikać,VERB,69
odchodzić,VERB,68
opłacać,VERB,68
ponosić,VERB,68
słychać,VERB,67
ułożyć,VERB,67
zaatakować,VERB,67
zyskiwać,VERB,67
ratować,VERB,66
układać,VERB,66
zaakceptować,VERB,66
zatrzymywać,VERB,66
zostawać,VERB,66
gromadzić,VERB,65
przekraczać,VERB,65
reprezentować,VERB,65
usiąść,VERB,65
zmuszać,VERB,65
dzwonić,VERB,64
objąć,VERB,64
poruszyć,VERB,64
przejąć,VERB,64
ufać,VERB,64
ujawnić,VERB,64
wpisać,VERB,64
zarezerwować,VERB,64
zarobić,VERB,64
chorować,VERB,63
naruszyć,VERB,63
pozyskać,VERB,63
strzelać,VERB,63
uzupełniać,VERB,63
wystarczać,VERB,63
zaskakiwać,VERB,63
zdać,VERB,63
docierać,VERB,62
komunikować,VERB,62
podejrzewać,VERB,62
smakować,VERB,62
umyć,VERB,62
wyeliminować,VERB,62
angażować,VERB,61
domagać,VERB,61
fotografować,VERB,61
nauczać,VERB,61
zainwestować,VERB,61
zakochać,VERB,61
zaoferować,VERB,61
zdołać,VERB,61
obiecać,VERB,60
pochwalić,VERB,60
podążać,VERB,60
przyciągnąć,VERB,60
przystąpić,VERB,60
wybaczyć,VERB,60
wyleczyć,VERB,60
zostawiać,VERB,60
atakować,VERB,59
rzucać,VERB,59
specjalizować,VERB,59
wypróbować,VERB,59
męczyć,VERB,58
mieścić,VERB,58
zmierzać,VERB,58
znosić,VERB,58
pokochać,VERB,57
rezygnować,VERB,57
winien,VERB,57
życzyć,VERB,57
opanować,VERB,56
przyjeżdżać,VERB,56
wyjaśniać,VERB,56
wyrzucić,VERB,56
kręcić,VERB,55
nadać,VERB,55
przekonywać,VERB,55
uzyskiwać,VERB,55
nabyć,VERB,54
ubrać,VERB,54
wybudować,VERB,54
wykazywać,VERB,54
zaszkodzić,VERB,54
zwyciężyć,VERB,54
kłaść,VERB,53
pilnować,VERB,53
umówić,VERB,53
wynosić,VERB,53
wyświetlać,VERB,53
zajrzeć,VERB,53
biec,VERB,52
milczeć,VERB,52
rozważyć,VERB,52
uwolnić,VERB,52
wezwać,VERB,52
wyobrażać,VERB,52
zawiesić,VERB,52
lecieć,VERB,51
nakładać,VERB,51
nudzić,VERB,51
pielęgnować,VERB,51
podsumować,VERB,51
porównywać,VERB,51
sprawować,VERB,51
stwarzać,VERB,51
świecić,VERB,51
zareagować,VERB,51
zazdrość,VERB,51
zgubić,VERB,51
zorientować,VERB,51
krytykować,VERB,50
motywować,VERB,50
przeanalizować,VERB,50
wyznaczać,VERB,50
karmić,VERB,49
koncentrować,VERB,49
odmawiać,VERB,49
prać,VERB,49
przedłużyć,VERB,49
przybywać,VERB,49
spalić,VERB,49
włożyć,VERB,49
nagrać,VERB,48
przyglądać,VERB,48
wzbudzać,VERB,48
zadziałać,VERB,48
opuszczać,VERB,47
przetestować,VERB,47
przyczyniać,VERB,47
przyczynić,VERB,47
przypuszczać,VERB,47
rozejrzeć,VERB,47
ryzykować,VERB,47
tęsknić,VERB,47
umieszczać,VERB,47
uspokoić,VERB,47
wspomagać,VERB,47
wykluczać,VERB,47
zastępować,VERB,47
definiować,VERB,46
dojechać,VERB,46
krzyczeć,VERB,46
potraktować,VERB,46
powiększać,VERB,46
uświadomić,VERB,46
wychować,VERB,46
wypaść,VERB,46
zamieszkać,VERB,46
zjadać,VERB,46
gadać,VERB,45
nabierać,VERB,45
nawiązać,VERB,45
siadać,VERB,45
ubierać,VERB,45
wyciągać,VERB,45
zamontować,VERB,45
chować,VERB,44
ciągnąć,VERB,44
dobierać,VERB,44
dopuścić,VERB,44
marnować,VERB,44
mierzyć,VERB,44
nabrać,VERB,44
odpocząć,VERB,44
podziękować,VERB,44
polecić,VERB,44
wyprodukować,VERB,44
zdradzić,VERB,44
zejść,VERB,44
zidentyfikować,VERB,44
zwróć,VERB,44
chwalić,VERB,43
ignorować,VERB,43
nagrywać,VERB,43
narodzić,VERB,43
odciąć,VERB,43
odpoczywać,VERB,43
przerażać,VERB,43
tańczyć,VERB,43
uśmiechać,VERB,43
wybuchnąć,VERB,43
wypracować,VERB,43
wystawić,VERB,43
oszukiwać,VERB,42
popierać,VERB,42
poprowadzić,VERB,42
przemawiać,VERB,42
przesłać,VERB,42
rozważać,VERB,42
sugerować,VERB,42
udostępnić,VERB,42
uśmiechnąć,VERB,42
uwzględniać,VERB,42
wysłuchać,VERB,42
zaglądać,VERB,42
zakazać,VERB,42
zatrudniać,VERB,42
cechować,VERB,41
kłamać,VERB,41
odrzucać,VERB,41
opiekować,VERB,41
poczytać,VERB,41
pogodzić,VERB,41
przysługiwać,VERB,41
szykować,VERB,41
ujrzeć,VERB,41
wciągać,VERB,41
wstawać,VERB,41
zaobserwować,VERB,41
zapowiedzieć,VERB,41
zasłużyć,VERB,41
zaspokoić,VERB,41
zmagać,VERB,41
zmarnować,VERB,41
gratulować,VERB,40
obsługiwać,VERB,40
oderwać,VERB,40
odłożyć,VERB,40
ostrzegać,VERB,40
polubić,VERB,40
rozbudować,VERB,40
schudnąć,VERB,40
umożliwić,VERB,40
utrudniać,VERB,40
zaliczyć,VERB,40
zechcieć,VERB,40
zwiedzić,VERB,40
blokować,VERB,39
cieć,VERB,39
eksperymentować,VERB,39
fascynować,VERB,39
ginąć,VERB,39
odczuć,VERB,39
odpuścić,VERB,39
pomylić,VERB,39
postanawiać,VERB,39
praktykować,VERB,39
przeglądać,VERB,39
spieszyć,VERB,39
ucieszyć,VERB,39
wciągnąć,VERB,39
wyjąć,VERB,39
wystawiać,VERB,39
borykać,VERB,38
kwitnąć,VERB,38
ujawniać,VERB,38
uruchamiać,VERB,38
wyjeżdżać,VERB,38
wypowiedzieć,VERB,38
zawdzięczać,VERB,38
zerwać,VERB,38
cofnąć,VERB,37
opłacić,VERB,37
parkować,VERB,37
pożyczyć,VERB,37
przywracać,VERB,37
szkolić,VERB,37
ukazywać,VERB,37
ustawiać,VERB,37
wymieszać,VERB,37
wytłumaczyć,VERB,37
wzbudzić,VERB,37
zaopatrzyć,VERB,37
narzucać,VERB,36
przegapić,VERB,36
schodzić,VERB,36
spłacać,VERB,36
spłacić,VERB,36
wyruszyć,VERB,36
zabraniać,VERB,36
zadecydować,VERB,36
zaginąć,VERB,36
zamieścić,VERB,36
zbliżyć,VERB,36
znudzić,VERB,36
dorastać,VERB,35
interpretować,VERB,35
obejść,VERB,35
odmienić,VERB,35
osłabić,VERB,35
pobudzać,VERB,35
posłużyć,VERB,35
przekładać,VERB,35
przemieszczać,VERB,35
przesadzać,VERB,35
przesuwać,VERB,35
skonsultować,VERB,35
spytać,VERB,35
śnić,VERB,35
unosić,VERB,35
głosić,VERB,34
hamować,VERB,34
obracać,VERB,34
podpowiadać,VERB,34
przebiec,VERB,34
rozszerzać,VERB,34
schować,VERB,34
startować,VERB,34
tyczyć,VERB,34
upaść,VERB,34
wątpić,VERB,34
wkładać,VERB,34
wnosić,VERB,34
wypłacać,VERB,34
wyrzucać,VERB,34
wzywać,VERB,34
zapaść,VERB,34
zasnąć,VERB,34
zdjąć,VERB,34
dopuszczać,VERB,33
kusić,VERB,33
nabywać,VERB,33
odzwierciedlać,VERB,33
podarować,VERB,33
potrwać,VERB,33
przywiązywać,VERB,33
skarżyć,VERB,33
spoglądać,VERB,33
sprostać,VERB,33
ująć,VERB,33
zdradzać,VERB,33
eliminować,VERB,32
lekceważyć,VERB,32
nadużywać,VERB,32
odezwać,VERB,32
porwać,VERB,32
poszerzać,VERB,32
przejechać,VERB,32
rywalizować,VERB,32
skrócić,VERB,32
włączać,VERB,32
wyprowadzić,VERB,32
zachęcić,VERB,32
kłócić,VERB,31
odbudować,VERB,31
ogarnąć,VERB,31
pachnieć,VERB,31
podsumowywać,VERB,31
przepisać,VERB,31
przyspieszać,VERB,31
zagwarantować,VERB,31
zaprzeczać,VERB,31
zarazić,VERB,31
zrelaksować,VERB,31
zweryfikować,VERB,31
doznać,VERB,30
montować,VERB,30
naruszać,VERB,30
obciążać,VERB,30
ocalić,VERB,30
odróżnić,VERB,30
odwracać,VERB,30
oszukać,VERB,30
pogorszyć,VERB,30
pokonywać,VERB,30
policzyć,VERB,30
pomijać,VERB,30
popatrzeć,VERB,30
pożegnać,VERB,30
przedłużać,VERB,30
psuć,VERB,30
uchronić,VERB,30
ukraść,VERB,30
wyczerpać,VERB,30
wykupić,VERB,30
wypożyczyć,VERB,30
zadowolić,VERB,30
zamawiać,VERB,30
zlikwidować,VERB,30
dobiec,VERB,29
domyślać,VERB,29
dostosowywać,VERB,29
dowodzić,VERB,29
łagodzić,VERB,29
odczytać,VERB,29
oddzielić,VERB,29
odważyć,VERB,29
poszerzyć,VERB,29
pozdrawiać,VERB,29
przegrywać,VERB,29
przejrzeć,VERB,29
przełożyć,VERB,29
przenikać,VERB,29
troszczyć,VERB,29
uchodzić,VERB,29
uświadamiać,VERB,29
wrzucać,VERB,29
zdziwić,VERB,29
błagać,VERB,28
doskonalić,VERB,28
instalować,VERB,28
obdarzyć,VERB,28
objawiać,VERB,28
odegrać,VERB,28
powiadomić,VERB,28
przepadać,VERB,28
przybierać,VERB,28
skrzywdzić,VERB,28
spoczywać,VERB,28
stymulować,VERB,28
ugotować,VERB,28
ustanowić,VERB,28
ustępować,VERB,28
wędrować,VERB,28
bazować,VERB,27
czuwać,VERB,27
irytować,VERB,27
konkurować,VERB,27
nagradzać,VERB,27
odnajdować,VERB,27
płonąć,VERB,27
podlewać,VERB,27
pogarszać,VERB,27
pokrywa,VERB,27
polować,VERB,27
protestować,VERB,27
przypisać,VERB,27
rozdzielić,VERB,27
skrywać,VERB,27
ubiegać,VERB,27
uspokajać,VERB,27
uwalniać,VERB,27
wahać,VERB,27
wyłączać,VERB,27
wymarzyć,VERB,27
złagodzić,VERB,27
awansować,VERB,26
chłodzić,VERB,26
dokończyć,VERB,26
łapać,VERB,26
napić,VERB,26
nastać,VERB,26
obrócić,VERB,26
oddziaływać,VERB,26
omijać,VERB,26
podtrzymywać,VERB,26
pojąć,VERB,26
pomalować,VERB,26
przejawiać,VERB,26
przepaść,VERB,26
rozdawać,VERB,26
starczyć,VERB,26
uderzać,VERB,26
wesprzeć,VERB,26
wpisywać,VERB,26
współczuć,VERB,26
wydrukować,VERB,26
zapadać,VERB,26
zużywać,VERB,26
apelować,VERB,25
chwycić,VERB,25
dopasowywać,VERB,25
dotrzymać,VERB,25
ilustrować,VERB,25
kontaktować,VERB,25
kraść,VERB,25
napełnić,VERB,25
obronić,VERB,25
odróżniać,VERB,25
odtworzyć,VERB,25
operować,VERB,25
pędzić,VERB,25
postąpić,VERB,25
pożyczać,VERB,25
przeprosić,VERB,25
rozprzestrzeniać,VERB,25
sprowadzić,VERB,25
sprzeciwiać,VERB,25
ustać,VERB,25
wyczyścić,VERB,25
wyrobić,VERB,25
wywodzić,VERB,25
zapanować,VERB,25
zignorować,VERB,25
zminimalizować,VERB,25
zrzucić,VERB,25
aktywować,VERB,24
mordować,VERB,24
naprawiać,VERB,24
niepokoić,VERB,24
ochronić,VERB,24
opadać,VERB,24
opracowywać,VERB,24
pochłaniać,VERB,24
pochłonąć,VERB,24
przypaść,VERB,24
rozpowszechnić,VERB,24
spacerować,VERB,24
spisać,VERB,24
stawić,VERB,24
strzelić,VERB,24
ściągać,VERB,24
torturować,VERB,24
ucierpieć,VERB,24
ulepszyć,VERB,24
upłynąć,VERB,24
wystartować,VERB,24
wytworzyć,VERB,24
zaprzeczyć,VERB,24
żywić,VERB,24
chwała,VERB,23
dama,VERB,23
doprowadzać,VERB,23
godzić,VERB,23
gonić,VERB,23
lądować,VERB,23
odbić,VERB,23
odbiegać,VERB,23
ogrzewać,VERB,23
podważać,VERB,23
popadać,VERB,23
przerywać,VERB,23
przypadać,VERB,23
reklamować,VERB,23
rozróżniać,VERB,23
rozstać,VERB,23
skutkować,VERB,23
spakować,VERB,23
usprawnić,VERB,23
uszanować,VERB,23
uzdrawiać,VERB,23
wręczyć,VERB,23
wyrządzić,VERB,23
zapakować,VERB,23
zaryzykować,VERB,23
zastać,VERB,23
zlecić,VERB,23
żegnać,VERB,23
dobiegać,VERB,22
domyślić,VERB,22
doradzić,VERB,22
naciskać,VERB,22
ostrzec,VERB,22
pęknąć,VERB,22
popatrzyć,VERB,22
poprzeć,VERB,22
popsuć,VERB,22
powoływać,VERB,22
przydawać,VERB,22
puścić,VERB,22
skłonić,VERB,22
symbolizować,VERB,22
tkwić,VERB,22
usiłować,VERB,22
wspinać,VERB,22
wyczuć,VERB,22
wydostać,VERB,22
wypocząć,VERB,22
żartować,VERB,22
aplikować,VERB,21
edytować,VERB,21
emitować,VERB,21
ewoluować,VERB,21
kopać,VERB,21
kwestionować,VERB,21
manipulować,VERB,21
posadzić,VERB,21
powiesić,VERB,21
powitać,VERB,21
przeszkodzić,VERB,21
rozglądać,VERB,21
rozpadać,VERB,21
rozpuścić,VERB,21
rozstrzygać,VERB,21
ważyć,VERB,21
weryfikować,VERB,21
wspomóc,VERB,21
wydłużać,VERB,21
wypuścić,VERB,21
zaparkować,VERB,21
zastrzegać,VERB,21
zaśpiewać,VERB,21
bagatelizować,VERB,20
dołożyć,VERB,20
nasilić,VERB,20
obrazić,VERB,20
odsunąć,VERB,20
odzyskiwać,VERB,20
oszacować,VERB,20
oszczędzić,VERB,20
podpalić,VERB,20
podwoić,VERB,20
podzielać,VERB,20
prowokować,VERB,20
przebadać,VERB,20
przekształcać,VERB,20
prześladować,VERB,20
przetłumaczyć,VERB,20
ranić,VERB,20
rozmyślać,VERB,20
sadzić,VERB,20
słynąć,VERB,20
upiec,VERB,20
urządzać,VERB,20
usprawiedliwiać,VERB,20
wydobywać,VERB,20
wylądować,VERB,20
wynaleźć,VERB,20
zazdrościć,VERB,20
zniechęcać,VERB,20
zranić,VERB,20
cofać,VERB,19
dopełnić,VERB,19
dopisać,VERB,19
doradzać,VERB,19
identyfikować,VERB,19
klikać,VERB,19
krążyć,VERB,19
maleć,VERB,19
narysować,VERB,19
odwoływać,VERB,19
odziedziczyć,VERB,19
odznaczać,VERB,19
popaść,VERB,19
potoczyć,VERB,19
przebudować,VERB,19
przeciwstawić,VERB,19
przesunąć,VERB,19
przytoczyć,VERB,19
redukować,VERB,19
skłaniać,VERB,19
skup,VERB,19
szokować,VERB,19
ściągnąć,VERB,19
wpuścić,VERB,19
wyeksponować,VERB,19
wypływać,VERB,19
wyznawać,VERB,19
wyzwolić,VERB,19
wzmóc,VERB,19
wznieść,VERB,19
zainspirować,VERB,19
zalogować,VERB,19
zaniedbać,VERB,19
zaprzyjaźnić,VERB,19
zarzucić,VERB,19
zdobić,VERB,19
zdziałać,VERB,19
zmieścić,VERB,19
zwlekać,VERB,19
deklarować,VERB,18
egzekwować,VERB,18
gościć,VERB,18
komponować,VERB,18
narażać,VERB,18
odrodzić,VERB,18
ofiarować,VERB,18
ominąć,VERB,18
pojmować,VERB,18
przebić,VERB,18
przybrać,VERB,18
przywoływać,VERB,18
regenerować,VERB,18
rzec,VERB,18
stwierdzać,VERB,18
umiejscowić,VERB,18
wsiąść,VERB,18
wybaczać,VERB,18
wydłużyć,VERB,18
wygłosić,VERB,18
wykraczać,VERB,18
wyszukać,VERB,18
zagubić,VERB,18
zaistnieć,VERB,18
zakazywać,VERB,18
zaprowadzić,VERB,18
zasypiać,VERB,18
zmieszać,VERB,18
ciekawić,VERB,17
dokładać,VERB,17
dołączać,VERB,17
dyskryminować,VERB,17
gryźć,VERB,17
gubić,VERB,17
komplikować,VERB,17
królować,VERB,17
lać,VERB,17
miewać,VERB,17
mnożyć,VERB,17
nacisnąć,VERB,17
nakręcić,VERB,17
pobawić,VERB,17
pogadać,VERB,17
pokrywać,VERB,17
posuwać,VERB,17
przekształcić,VERB,17
przysłać,VERB,17
przytrafić,VERB,17
słabnąć,VERB,17
smażyć,VERB,17
tłumić,VERB,17
ustąpić,VERB,17
uśpić,VERB,17
wyczuwać,VERB,17
wylać,VERB,17
wypłynąć,VERB,17
wyprostować,VERB,17
wyrastać,VERB,17
wysuszyć,VERB,17
zagłosować,VERB,17
zagościć,VERB,17
zażądać,VERB,17
zerknąć,VERB,17
chwytać,VERB,16
delektować,VERB,16
integrować,VERB,16
jadać,VERB,16
kąpać,VERB,16
kwalifikować,VERB,16
modelować,VERB,16
napotykać,VERB,16
obrać,VERB,16
oddalać,VERB,16
odpuszczać,VERB,16
odstraszać,VERB,16
ogłaszać,VERB,16
podpowiedzieć,VERB,16
pogłębiać,VERB,16
popracować,VERB,16
posłać,VERB,16
przeczyć,VERB,16
przemijać,VERB,16
przeważać,VERB,16
przewijać,VERB,16
przewozić,VERB,16
przewyższać,VERB,16
przyczepić,VERB,16
radować,VERB,16
rozpaść,VERB,16
równać,VERB,16
szyć,VERB,16
uchwycić,VERB,16
udowadniać,VERB,16
umieść,VERB,16
upadać,VERB,16
uporać,VERB,16
usprawiedliwić,VERB,16
ustawać,VERB,16
wstawić,VERB,16
wyłonić,VERB,16
wypłacić,VERB,16
wyruszać,VERB,16
wytrwać,VERB,16
zaaranżować,VERB,16
zakorzenić,VERB,16
zalecić,VERB,16
zanikać,VERB,16
zarzucać,VERB,16
zawodzić,VERB,16
zaznaczać,VERB,16
celować,VERB,15
dopisywać,VERB,15
interweniować,VERB,15
łowić,VERB,15
magazynować,VERB,15
nadążać,VERB,15
nalegać,VERB,15
napotkać,VERB,15
odesłać,VERB,15
odnajdywać,VERB,15
odradzać,VERB,15
odwieść,VERB,15
pękać,VERB,15
pobiec,VERB,15
podgrzewać,VERB,15
poprzestać,VERB,15
posprzątać,VERB,15
poślubić,VERB,15
powstrzymywać,VERB,15
przemówić,VERB,15
przespać,VERB,15
przydarzyć,VERB,15
przykuwać,VERB,15
rozdać,VERB,15
rozstawać,VERB,15
straszyć,VERB,15
strzec,VERB,15
uczęszczać,VERB,15
umawiać,VERB,15
uwieść,VERB,15
walić,VERB,15
wkraczać,VERB,15
wkroczyć,VERB,15
współdziałać,VERB,15
wybuchać,VERB,15
wykreować,VERB,15
wypalić,VERB,15
wysiąść,VERB,15
wyskakiwać,VERB,15
wystrzegać,VERB,15
wytrzymywać,VERB,15
zaczekać,VERB,15
zatracić,VERB,15
zjeżdżać,VERB,15
zwalczyć,VERB,15
błogosławić,VERB,14
całować,VERB,14
dorobić,VERB,14
formować,VERB,14
kombinować,VERB,14
krzywdzić,VERB,14
kursować,VERB,14
likwidować,VERB,14
manifestować,VERB,14
minimalizować,VERB,14
nakazywać,VERB,14
namawiać,VERB,14
natrafić,VERB,14
obwiniać,VERB,14
odjechać,VERB,14
odzywać,VERB,14
osądzać,VERB,14
polepszyć,VERB,14
porzucać,VERB,14
posunąć,VERB,14
przebaczyć,VERB,14
przeznaczać,VERB,14
przykładać,VERB,14
przytaczać,VERB,14
przytłaczać,VERB,14
przytulić,VERB,14
rozmnażać,VERB,14
sformułować,VERB,14
skłamać,VERB,14
skomentować,VERB,14
spekulować,VERB,14
uprzedzić,VERB,14
urosnąć,VERB,14
wyniknąć,VERB,14
wznosić,VERB,14
zabrzmieć,VERB,14
zakłócić,VERB,14
zalewać,VERB,14
zaowocować,VERB,14
zbiec,VERB,14
zburzyć,VERB,14
zjawić,VERB,14
zmobilizować,VERB,14
zwiększają,VERB,14
błądzić,VERB,13
czaić,VERB,13
darzyć,VERB,13
dorzucić,VERB,13
dotrzymywać,VERB,13
dowieść,VERB,13
eksplodować,VERB,13
handlować,VERB,13
konsumować,VERB,13
medytować,VERB,13
miłować,VERB,13
nadążyć,VERB,13
nasilać,VERB,13
natknąć,VERB,13
odczekać,VERB,13
odprężyć,VERB,13
odświeżać,VERB,13
podejrzeć,VERB,13
polecieć,VERB,13
poniżać,VERB,13
potępiać,VERB,13
powiadać,VERB,13
pozbywać,VERB,13
przelać,VERB,13
przemienić,VERB,13
przeminąć,VERB,13
przyrządzać,VERB,13
przystać,VERB,13
przystępować,VERB,13
przywyknąć,VERB,13
przyzwyczajać,VERB,13
rozpieszczać,VERB,13
rozpisywać,VERB,13
rozróżnić,VERB,13
skusić,VERB,13
spłonąć,VERB,13
trać,VERB,13
ujmować,VERB,13
umocnić,VERB,13
uszczęśliwić,VERB,13
uwiecznić,VERB,13
wbić,VERB,13
widywać,VERB,13
wkurzać,VERB,13
wnikać,VERB,13
wpuszczać,VERB,13
wróżyć,VERB,13
wymyślać,VERB,13
wywiązać,VERB,13
zaciągać,VERB,13
zacierać,VERB,13
zamrzeć,VERB,13
zaopiekować,VERB,13
zaradzić,VERB,13
zastrzelić,VERB,13
zmyć,VERB,13
zmywać,VERB,13
bój,VERB,12
chłonąć,VERB,12
dojeżdżać,VERB,12
domyśleć,VERB,12
dopełniać,VERB,12
drżeć,VERB,12
ingerować,VERB,12
lękać,VERB,12
limitować,VERB,12
nakreślić,VERB,12
obdarowywać,VERB,12
oczarować,VERB,12
odpadać,VERB,12
pieprzyć,VERB,12
podołać,VERB,12
podziel,VERB,12
pogrążyć,VERB,12
pokroić,VERB,12
pokusić,VERB,12
pomieścić,VERB,12
porozumiewać,VERB,12
posypać,VERB,12
przebyć,VERB,12
przecenić,VERB,12
przeciągnąć,VERB,12
przedawkować,VERB,12
przetransportować,VERB,12
przewrócić,VERB,12
przezwyciężać,VERB,12
relaksować,VERB,12
rozbudowywać,VERB,12
rozrastać,VERB,12
rozwalić,VERB,12
spocząć,VERB,12
sygnalizować,VERB,12
ściąć,VERB,12
unieść,VERB,12
urzec,VERB,12
ustabilizować,VERB,12
utrwalać,VERB,12
wcielać,VERB,12
westchnąć,VERB,12
wpatrywać,VERB,12
wstąpić,VERB,12
wyczytać,VERB,12
wyhodować,VERB,12
wysunąć,VERB,12
wzruszyć,VERB,12
zainfekować,VERB,12
zakłócać,VERB,12
zakręcić,VERB,12
zaktualizować,VERB,12
zamarznąć,VERB,12
zasięgnąć,VERB,12
zatroszczyć,VERB,12
zgadnąć,VERB,12
zużyć,VERB,12
dokuczać,VERB,11
doskwierać,VERB,11
dręczyć,VERB,11
eksportować,VERB,11
gwałcić,VERB,11
konsultować,VERB,11
legitymować,VERB,11
nadrobić,VERB,11
nakazać,VERB,11
namówić,VERB,11
nasuwać,VERB,11
nękać,VERB,11
notować,VERB,11
ocaleć,VERB,11
odetchnąć,VERB,11
okłamywać,VERB,11
opłakiwać,VERB,11
osłabiać,VERB,11
ośmielić,VERB,11
oświadczyć,VERB,11
pasjonować,VERB,11
pocieszyć,VERB,11
pokierować,VERB,11
połykać,VERB,11
pompować,VERB,11
porażać,VERB,11
posiedzieć,VERB,11
poświęć,VERB,11
prosperować,VERB,11
przeciwstawiać,VERB,11
przejeżdżać,VERB,11
przepłacać,VERB,11
przerobić,VERB,11
przewracać,VERB,11
przybliżać,VERB,11
przyłączać,VERB,11
przyswoić,VERB,11
przytłoczyć,VERB,11
rozchodzić,VERB,11
rozejść,VERB,11
rozlec,VERB,11
rozładować,VERB,11
schłodzić,VERB,11
sprecyzować,VERB,11
stresować,VERB,11
stykać,VERB,11
szerzyć,VERB,11
upatrywać,VERB,11
urazić,VERB,11
utknąć,VERB,11
utonąć,VERB,11
wieszać,VERB,11
wmawiać,VERB,11
wskoczyć,VERB,11
wycisnąć,VERB,11
wymuszać,VERB,11
wymykać,VERB,11
wynagradzać,VERB,11
wypierać,VERB,11
wypoczywać,VERB,11
wypromować,VERB,11
wyrabiać,VERB,11
wyskoczyć,VERB,11
wyznać,VERB,11
zacisnąć,VERB,11
zagadać,VERB,11
zaniechać,VERB,11
zapoczątkować,VERB,11
zasiadać,VERB,11
zaspokajać,VERB,11
zawrócić,VERB,11
zgasnąć,VERB,11
zrodzić,VERB,11
zwyciężać,VERB,11
błyszczeć,VERB,10
buntować,VERB,10
dogonić,VERB,10
doliczyć,VERB,10
donosić,VERB,10
dyktować,VERB,10
dziedziczyć,VERB,10
egzystować,VERB,10
korygować,VERB,10
kroić,VERB,10
maskować,VERB,10
mawiać,VERB,10
nadciągać,VERB,10
nadesłać,VERB,10
nadrabiać,VERB,10
nakarmić,VERB,10
nakręcać,VERB,10
nanieść,VERB,10
napawać,VERB,10
obstawiać,VERB,10
odnotowywać,VERB,10
odrobić,VERB,10
odszukać,VERB,10
ogarniać,VERB,10
opóźniać,VERB,10
owinąć,VERB,10
pchać,VERB,10
podwyższać,VERB,10
pojednać,VERB,10
pokładać,VERB,10
pokłócić,VERB,10
pokręcić,VERB,10
polec,VERB,10
pooglądać,VERB,10
pozbawiać,VERB,10
precyzować,VERB,10
przedyskutować,VERB,10
przekląć,VERB,10
przewodzić,VERB,10
przykuć,VERB,10
przystawać,VERB,10
przyświecać,VERB,10
przywołać,VERB,10
puszczać,VERB,10
rozbudzić,VERB,10
rozczarowywać,VERB,10
rozdzielać,VERB,10
rozjaśniać,VERB,10
rozjaśnić,VERB,10
rozlać,VERB,10
rozprowadzić,VERB,10
roztaczać,VERB,10
sprowokować,VERB,10
ścierać,VERB,10
ściskać,VERB,10
uchylić,VERB,10
udźwignąć,VERB,10
ulepszać,VERB,10
umorzyć,VERB,10
urywać,VERB,10
uzdrowić,VERB,10
winić,VERB,10
wsłuchać,VERB,10
wybiegać,VERB,10
wychwycić,VERB,10
wyginąć,VERB,10
wykładać,VERB,10
wylewać,VERB,10
wyliczać,VERB,10
wypatrywać,VERB,10
wypisywać,VERB,10
wywalczyć,VERB,10
wywrzeć,VERB,10
zaczerpnąć,VERB,10
zadeklarować,VERB,10
zadziwić,VERB,10
zahamować,VERB,10
zameldować,VERB,10
zaostrzyć,VERB,10
zapragnąć,VERB,10
zarażać,VERB,10
zasiąść,VERB,10
zatopić,VERB,10
zatruć,VERB,10
zawiązać,VERB,10
zawitać,VERB,10
zemścić,VERB,10
zmaksymalizować,VERB,10
zrywać,VERB,10
żeglować,VERB,10
chudnąć,VERB,9
dopaść,VERB,9
dopłacić,VERB,9
dorosnąć,VERB,9
inicjować,VERB,9
lekceważ,VERB,9
masować,VERB,9
migać,VERB,9
moczyć,VERB,9
narobić,VERB,9
natrafiać,VERB,9
ochłodzić,VERB,9
oddzielać,VERB,9
odprawiać,VERB,9
odprowadzić,VERB,9
odrywać,VERB,9
oświadczać,VERB,9
panikować,VERB,9
pocałować,VERB,9
pochylać,VERB,9
podążyć,VERB,9
pogłębić,VERB,9
pograć,VERB,9
poprzedzać,VERB,9
porywać,VERB,9
pozować,VERB,9
przechadzać,VERB,9
przecinać,VERB,9
przeczekać,VERB,9
przeskoczyć,VERB,9
przyłożyć,VERB,9
przymierzać,VERB,9
przypalić,VERB,9
przyrządzić,VERB,9
przysparzać,VERB,9
przyswajać,VERB,9
przytrzymać,VERB,9
rozciągnąć,VERB,9
rozcieńczyć,VERB,9
rozluźniać,VERB,9
rozmyślić,VERB,9
rozpalać,VERB,9
rozpalić,VERB,9
rozpłakać,VERB,9
rozpuszczać,VERB,9
sfotografować,VERB,9
skręcić,VERB,9
skrytykować,VERB,9
sortować,VERB,9
spawać,VERB,9
spływać,VERB,9
spowalniać,VERB,9
spowiadać,VERB,9
strajkować,VERB,9
tętnić,VERB,9
upraszczać,VERB,9
usprawniać,VERB,9
uszkadzać,VERB,9
wbiec,VERB,9
wcielić,VERB,9
władać,VERB,9
wmówić,VERB,9
wpłacać,VERB,9
wprawiać,VERB,9
wręczać,VERB,9
wstawiać,VERB,9
wszcząć,VERB,9
wtargnąć,VERB,9
wybiec,VERB,9
wycenić,VERB,9
wygłaszać,VERB,9
wyjawić,VERB,9
wylosować,VERB,9
wymiotować,VERB,9
wyprać,VERB,9
wyprzedzić,VERB,9
wypuszczać,VERB,9
wyrywać,VERB,9
wyspać,VERB,9
wytrzeć,VERB,9
wywrócić,VERB,9
wzmagać,VERB,9
zaapelować,VERB,9
zabawiać,VERB,9
zachcieć,VERB,9
zachwiać,VERB,9
zaintrygować,VERB,9
zakopać,VERB,9
zakrywać,VERB,9
zalegalizować,VERB,9
zasugerować,VERB,9
zasypać,VERB,9
zaśmiać,VERB,9
zaważyć,VERB,9
zawładnąć,VERB,9
zmanipulować,VERB,9
zregenerować,VERB,9
absorbować,VERB,8
bali,VERB,8
determinować,VERB,8
dokarmiać,VERB,8
dokupić,VERB,8
dopiąć,VERB,8
dosięgnąć,VERB,8
dusić,VERB,8
gapić,VERB,8
hartować,VERB,8
konfigurować,VERB,8
kroczyć,VERB,8
krzyżować,VERB,8
kurczyć,VERB,8
miksować,VERB,8
mrozić,VERB,8
mrugać,VERB,8
nachodzić,VERB,8
nagłośnić,VERB,8
nagrzewać,VERB,8
nawiedzić,VERB,8
neutralizować,VERB,8
nocować,VERB,8
noś,VERB,8
oburzać,VERB,8
ochraniać,VERB,8
odsłaniać,VERB,8
odstąpić,VERB,8
okraść,VERB,8
opaść,VERB,8
orientować,VERB,8
oświetlać,VERB,8
oznajmić,VERB,8
poderwać,VERB,8
podniecać,VERB,8
polepszać,VERB,8
połamać,VERB,8
pomarzyć,VERB,8
popływać,VERB,8
porozumieć,VERB,8
pośmiać,VERB,8
potęgować,VERB,8
powalczyć,VERB,8
przebijać,VERB,8
przejadać,VERB,8
przemierzać,VERB,8
przenocować,VERB,8
przeoczyć,VERB,8
przepłynąć,VERB,8
przerzucać,VERB,8
przygarnąć,VERB,8
przyprawiać,VERB,8
przysiąść,VERB,8
pukać,VERB,8
rekompensować,VERB,8
rekrutować,VERB,8
rokować,VERB,8
rozbijać,VERB,8
roznosić,VERB,8
rozprzestrzenić,VERB,8
rozrosnąć,VERB,8
schronić,VERB,8
segregować,VERB,8
sklasyfikować,VERB,8
snuć,VERB,8
spłukać,VERB,8
stąpać,VERB,8
stronić,VERB,8
szaleć,VERB,8
ugryźć,VERB,8
ulżyć,VERB,8
uniemożliwić,VERB,8
unieruchomić,VERB,8
upiększać,VERB,8
ustrzec,VERB,8
utrwalić,VERB,8
uzbierać,VERB,8
wbijać,VERB,8
wciskać,VERB,8
wcisnąć,VERB,8
wlewać,VERB,8
wliczać,VERB,8
wskakiwać,VERB,8
wspiąć,VERB,8
współgrać,VERB,8
wstrzymywać,VERB,8
wycierać,VERB,8
wyciskać,VERB,8
wygenerować,VERB,8
wyjrzeć,VERB,8
wymierzyć,VERB,8
wymknąć,VERB,8
wyprowadzać,VERB,8
wyprzedać,VERB,8
wysiewać,VERB,8
wysuwać,VERB,8
wyzdrowieć,VERB,8
wyzwalać,VERB,8
zabawić,VERB,8
zakwestionować,VERB,8
załapać,VERB,8
zaniedbywać,VERB,8
zaniknąć,VERB,8
zapuszczać,VERB,8
zasłaniać,VERB,8
zasłonić,VERB,8
zasypywać,VERB,8
zatwierdzać,VERB,8
zawieźć,VERB,8
zawstydzić,VERB,8
zażyć,VERB,8
zbuntować,VERB,8
zderzyć,VERB,8
zinterpretować,VERB,8
złoże,VERB,8
znienawidzić,VERB,8
zobrazować,VERB,8
zrzucać,VERB,8
zsynchronizować,VERB,8
zwijać,VERB,8
barwić,VERB,7
brnąć,VERB,7
chylić,VERB,7
ciążyć,VERB,7
czepiać,VERB,7
debatować,VERB,7
dezynfekować,VERB,7
doceń,VERB,7
dopilnować,VERB,7
dopłacać,VERB,7
dopytywać,VERB,7
dorabiać,VERB,7
drażnić,VERB,7
drożeć,VERB,7
gasnąć,VERB,7
graniczyć,VERB,7
konserwować,VERB,7
krzyknąć,VERB,7
marudzić,VERB,7
mienić,VERB,7
nadarzyć,VERB,7
nadmienić,VERB,7
napaść,VERB,7
napracować,VERB,7
nastawiać,VERB,7
nawiedzać,VERB,7
obfitować,VERB,7
objaśniać,VERB,7
objaśnić,VERB,7
obrazować,VERB,7
obsłużyć,VERB,7
odcedzić,VERB,7
odgadnąć,VERB,7
odpaść,VERB,7
odrastać,VERB,7
odstawać,VERB,7
orzeźwiać,VERB,7
ożenić,VERB,7
ożywić,VERB,7
paraliżować,VERB,7
piastować,VERB,7
pogrążać,VERB,7
popisać,VERB,7
posiąść,VERB,7
pośredniczyć,VERB,7
prorokować,VERB,7
przechować,VERB,7
przeciągać,VERB,7
przeliczyć,VERB,7
przepuścić,VERB,7
przerzucić,VERB,7
przydzielać,VERB,7
przyklejać,VERB,7
przypuścić,VERB,7
przysporzyć,VERB,7
raczyć,VERB,7
respektować,VERB,7
rozbroić,VERB,7
rozsypać,VERB,7
różnicować,VERB,7
skosztować,VERB,7
skrzyżować,VERB,7
skupować,VERB,7
słodzić,VERB,7
spieść,VERB,7
spuścić,VERB,7
stoczyć,VERB,7
szczędzić,VERB,7
szczycić,VERB,7
śpieszyć,VERB,7
ubywać,VERB,7
ucichnąć,VERB,7
uciskać,VERB,7
unicestwić,VERB,7
upierać,VERB,7
uprzedzać,VERB,7
urwać,VERB,7
uszczęśliwiać,VERB,7
utkwić,VERB,7
wdawać,VERB,7
wjeżdżać,VERB,7
wlać,VERB,7
wsiadać,VERB,7
wybudzić,VERB,7
wyceniać,VERB,7
wyczerpywać,VERB,7
wygasać,VERB,7
wykańczać,VERB,7
wykąpać,VERB,7
wykupywać,VERB,7
wypatrzyć,VERB,7
wypłakać,VERB,7
wysilać,VERB,7
wystrzelić,VERB,7
wywiązywać,VERB,7
zabłądzić,VERB,7
zachwalać,VERB,7
zaciskać,VERB,7
zaczepiać,VERB,7
zagłębiać,VERB,7
zamartwiać,VERB,7
zamieszkały,VERB,7
zamieść,VERB,7
zapełniać,VERB,7
zapierać,VERB,7
zastrzec,VERB,7
zatrzeć,VERB,7
zawisnąć,VERB,7
zażegnać,VERB,7
zbankrutować,VERB,7
zbudzić,VERB,7
zdechnąć,VERB,7
zilustrować,VERB,7
zjawiać,VERB,7
zlecieć,VERB,7
znajdywać,VERB,7
znęcać,VERB,7
argumentować,VERB,6
biadać,VERB,6
błąkać,VERB,6
braknąć,VERB,6
brudzić,VERB,6
burzyć,VERB,6
częstować,VERB,6
dolewać,VERB,6
dopatrzyć,VERB,6
doprawić,VERB,6
doszukać,VERB,6
dość,VERB,6
dotrwać,VERB,6
drgać,VERB,6
drzemać,VERB,6
eksplorować,VERB,6
eksponować,VERB,6
formatować,VERB,6
grywać,VERB,6
kiwnąć,VERB,6
klęczeć,VERB,6
kontemplować,VERB,6
korespondować,VERB,6
kultywować,VERB,6
lepić,VERB,6
migrować,VERB,6
modernizować,VERB,6
nacieszyć,VERB,6
najechać,VERB,6
nalać,VERB,6
namoczyć,VERB,6
niwelować,VERB,6
oberwać,VERB,6
oburzyć,VERB,6
oddzwonić,VERB,6
odeprzeć,VERB,6
odlecieć,VERB,6
odpisać,VERB,6
odstraszyć,VERB,6
odżywać,VERB,6
ogrzać,VERB,6
opróżniać,VERB,6
opróżnić,VERB,6
orzec,VERB,6
oznajmiać,VERB,6
pijać,VERB,6
pobyć,VERB,6
podbijać,VERB,6
podrzucić,VERB,6
podskoczyć,VERB,6
podtrzymać,VERB,6
podważyć,VERB,6
polemizować,VERB,6
pomodlić,VERB,6
popłacać,VERB,6
popłynąć,VERB,6
popytać,VERB,6
posiekać,VERB,6
poskutkować,VERB,6
pożałować,VERB,6
przebaczać,VERB,6
przebrnąć,VERB,6
przedkładać,VERB,6
przegap,VERB,6
przekręcić,VERB,6
przemieścić,VERB,6
przerosnąć,VERB,6
przestawić,VERB,6
prześledzić,VERB,6
przewartościować,VERB,6
przysłużyć,VERB,6
przystawić,VERB,6
przystosowywać,VERB,6
przyśpieszać,VERB,6
przywodzić,VERB,6
relacjonować,VERB,6
rolować,VERB,6
rozeznać,VERB,6
rozpakować,VERB,6
rozświetlić,VERB,6
rozwieść,VERB,6
rozwodzić,VERB,6
runąć,VERB,6
rwać,VERB,6
scharakteryzować,VERB,6
schładzać,VERB,6
siąść,VERB,6
skinąć,VERB,6
skłócić,VERB,6
skojarzyć,VERB,6
spierać,VERB,6
spłynąć,VERB,6
spostrzec,VERB,6
spotęgować,VERB,6
spożytkować,VERB,6
spóźniać,VERB,6
spryskiwać,VERB,6
sprzeciwić,VERB,6
starczać,VERB,6
sypiać,VERB,6
szantażować,VERB,6
ślizgać,VERB,6
tonąć,VERB,6
topić,VERB,6
ubezpieczać,VERB,6
ubolewać,VERB,6
uciąć,VERB,6
uczulać,VERB,6
uformować,VERB,6
ugasić,VERB,6
uginać,VERB,6
umknąć,VERB,6
umykać,VERB,6
upić,VERB,6
utwardzić,VERB,6
uwrażliwiać,VERB,6
wchłonąć,VERB,6
wdychać,VERB,6
wiercić,VERB,6
wieźć,VERB,6
wizualizować,VERB,6
wmasować,VERB,6
wróć,VERB,6
wsłuchiwać,VERB,6
współżyć,VERB,6
wyć,VERB,6
wykopać,VERB,6
wyposażać,VERB,6
wypytywać,VERB,6
wyrzeźbić,VERB,6
wysuszać,VERB,6
wzejść,VERB,6
zaburzać,VERB,6
zadebiutować,VERB,6
zadłużać,VERB,6
zafundować,VERB,6
zajadać,VERB,6
zamarzać,VERB,6
zamierać,VERB,6
zanegować,VERB,6
zanosić,VERB,6
zanudzać,VERB,6
zaostrzać,VERB,6
zapukać,VERB,6
zaserwować,VERB,6
zawiązywać,VERB,6
zaznać,VERB,6
zbiegać,VERB,6
zharmonizować,VERB,6
ziścić,VERB,6
zmyślić,VERB,6
zwabić,VERB,6
zwiastować,VERB,6
zwołać,VERB,6
żuć,VERB,6
adaptować,VERB,5
akcentować,VERB,5
autoryzować,VERB,5
brodzić,VERB,5
ciąć,VERB,5
czarować,VERB,5
czyhać,VERB,5
darować,VERB,5
datować,VERB,5
doczytać,VERB,5
dolecieć,VERB,5
dolegać,VERB,5
dołować,VERB,5
dowiadywać,VERB,5
dożyć,VERB,5
dyskwalifikować,VERB,5
głaskać,VERB,5
gniewać,VERB,5
goić,VERB,5
górować,VERB,5
jawić,VERB,5
koncertować,VERB,5
kumulować,VERB,5
leżakować,VERB,5
machać,VERB,5
manewrować,VERB,5
namierzyć,VERB,5
namyślać,VERB,5
napiętnować,VERB,5
nawozić,VERB,5
negować,VERB,5
obcinać,VERB,5
obdarzać,VERB,5
ocierać,VERB,5
ocknąć,VERB,5
oczyść,VERB,5
odmieniać,VERB,5
odpalić,VERB,5
odstawiać,VERB,5
odsuwać,VERB,5
odśpiewać,VERB,5
odwdzięczyć,VERB,5
odwzajemnić,VERB,5
omieszkać,VERB,5
optymalizować,VERB,5
oślepić,VERB,5
otruć,VERB,5
otrząsnąć,VERB,5
ożyć,VERB,5
parzyć,VERB,5
podkręcać,VERB,5
podrożeć,VERB,5
podziałać,VERB,5
pokiwać,VERB,5
pokrzyżować,VERB,5
poleć,VERB,5
pomieszkiwać,VERB,5
popisywać,VERB,5
popłakać,VERB,5
popróbować,VERB,5
popychać,VERB,5
posądzać,VERB,5
pospieszyć,VERB,5
postulować,VERB,5
posyłać,VERB,5
poszczycić,VERB,5
powędrować,VERB,5
pozdrowić,VERB,5
próżnować,VERB,5
przecierać,VERB,5
przeczuwać,VERB,5
przećwiczyć,VERB,5
przedłożyć,VERB,5
przegłosować,VERB,5
przekuć,VERB,5
przeniknąć,VERB,5
przetrzeć,VERB,5
przeżuwać,VERB,5
przykręcić,VERB,5
przylecieć,VERB,5
przymierzyć,VERB,5
przymocować,VERB,5
przymykać,VERB,5
przypiąć,VERB,5
przysiadać,VERB,5
przytrzymywać,VERB,5
przytulać,VERB,5
rezerwować,VERB,5
rozbierać,VERB,5
rozdrabniać,VERB,5
roześmiać,VERB,5
rozkazać,VERB,5
rozładowywać,VERB,5
rozmnożyć,VERB,5
rozpętać,VERB,5
rozprawiać,VERB,5
rozprawić,VERB,5
sąsiadować,VERB,5
siać,VERB,5
sikać,VERB,5
skomplikować,VERB,5
skonfigurować,VERB,5
skryć,VERB,5
strawić,VERB,5
studzić,VERB,5
stylizować,VERB,5
symulować,VERB,5
szarpnąć,VERB,5
tanieć,VERB,5
trudnić,VERB,5
tyć,VERB,5
uaktywnić,VERB,5
uciszyć,VERB,5
udusić,VERB,5
ufundować,VERB,5
ugiąć,VERB,5
uleczyć,VERB,5
umilić,VERB,5
uosabiać,VERB,5
upijać,VERB,5
upokarzać,VERB,5
urzekać,VERB,5
usmażyć,VERB,5
uściskać,VERB,5
uwydatnić,VERB,5
użalać,VERB,5
wariować,VERB,5
wczuć,VERB,5
wkraść,VERB,5
wkurzyć,VERB,5
woskować,VERB,5
wozić,VERB,5
wprawić,VERB,5
wsadzić,VERB,5
wstępować,VERB,5
wyciszać,VERB,5
wyczyść,VERB,5
wydatkować,VERB,5
wydmuchiwać,VERB,5
wygładzić,VERB,5
wyłowić,VERB,5
wypłukać,VERB,5
wystosować,VERB,5
wyśmiewać,VERB,5
wytykać,VERB,5
wzbić,VERB,5
wznawiać,VERB,5
zaalarmować,VERB,5
zacieśniać,VERB,5
zademonstrować,VERB,5
zagotować,VERB,5
zaimponować,VERB,5
zanieczyszczać,VERB,5
zanurzać,VERB,5
zaparzyć,VERB,5
zaprzątać,VERB,5
zaprzyjaźniać,VERB,5
zaręczyć,VERB,5
zarządzić,VERB,5
zatracać,VERB,5
zatrzasnąć,VERB,5
zatuszować,VERB,5
zawieszać,VERB,5
zawirować,VERB,5
zawołać,VERB,5
zawracać,VERB,5
zbawiać,VERB,5
zdążać,VERB,5
zdumiewać,VERB,5
zepchnąć,VERB,5
zesłać,VERB,5
zestawiać,VERB,5
zeznawać,VERB,5
zjechać,VERB,5
zlecać,VERB,5
złościć,VERB,5
zmarznąć,VERB,5
zmięknąć,VERB,5
zmiksować,VERB,5
zneutralizować,VERB,5
znormalizować,VERB,5
zwalać,VERB,5
zwieńczyć,VERB,5
żerować,VERB,5
aktywizować,VERB,4
bądź,VERB,4
bogacić,VERB,4
celebrować,VERB,4
czesać,VERB,4
człapać,VERB,4
dobić,VERB,4
dodzwonić,VERB,4
donieść,VERB,4
dopytać,VERB,4
dorwać,VERB,4
drgnąć,VERB,4
dublować,VERB,4
dymić,VERB,4
dziel,VERB,4
emanować,VERB,4
eskalować,VERB,4
ewangelizować,VERB,4
figurować,VERB,4
finalizować,VERB,4
formułować,VERB,4
gnić,VERB,4
hipnotyzować,VERB,4
idealizować,VERB,4
impregnować,VERB,4
kapitulować,VERB,4
kasować,VERB,4
kłaniać,VERB,4
kolekcjonować,VERB,4
kolorować,VERB,4
lgnąć,VERB,4
marznąć,VERB,4
maszerować,VERB,4
meldować,VERB,4
miotać,VERB,4
nabijać,VERB,4
nadarzać,VERB,4
nakłonić,VERB,4
napinać,VERB,4
nasmarować,VERB,4
nasycać,VERB,4
niechaj,VERB,4
niknąć,VERB,4
obarczać,VERB,4
obezwładnić,VERB,4
obgryzać,VERB,4
obiec,VERB,4
objadać,VERB,4
obmywać,VERB,4
obnażać,VERB,4
obsadzać,VERB,4
obywać,VERB,4
ocalać,VERB,4
odchudzić,VERB,4
odciągnąć,VERB,4
odepchnąć,VERB,4
odjeżdżać,VERB,4
odmalować,VERB,4
odmierzać,VERB,4
odparowywać,VERB,4
odpierać,VERB,4
odpracować,VERB,4
odprawić,VERB,4
odwozić,VERB,4
odżyć,VERB,4
olewać,VERB,4
olśnić,VERB,4
opanowywać,VERB,4
oprowadzić,VERB,4
osaczyć,VERB,4
osiadać,VERB,4
ostygnąć,VERB,4
ośmielać,VERB,4
owijać,VERB,4
patrolować,VERB,4
pedałować,VERB,4
pełzać,VERB,4
piętrzyć,VERB,4
plotkować,VERB,4
pluć,VERB,4
pobrudzić,VERB,4
pochwalać,VERB,4
podcinać,VERB,4
podjechać,VERB,4
podmienić,VERB,4
podporządkowywać,VERB,4
podrażniać,VERB,4
podrzucać,VERB,4
podświetlić,VERB,4
podyskutować,VERB,4
poeksperymentować,VERB,4
pogratulować,VERB,4
pogryźć,VERB,4
pogrzebać,VERB,4
popękać,VERB,4
popić,VERB,4
poprzestawać,VERB,4
posilić,VERB,4
pospacerować,VERB,4
pospać,VERB,4
poszperać,VERB,4
poślizgnąć,VERB,4
pośpieszyć,VERB,4
potrząsnąć,VERB,4
pozabijać,VERB,4
pozwać,VERB,4
profilować,VERB,4
przechytrzyć,VERB,4
przeciążać,VERB,4
przeciekać,VERB,4
przedsięwziąć,VERB,4
przekręcać,VERB,4
przekroić,VERB,4
przekupić,VERB,4
przelatywać,VERB,4
przemyć,VERB,4
przepychać,VERB,4
przerodzić,VERB,4
przesądzać,VERB,4
przeskakiwać,VERB,4
przybiec,VERB,4
przyciąć,VERB,4
przycisnąć,VERB,4
przyćmiewać,VERB,4
przydarzać,VERB,4
przygasać,VERB,4
przymuszać,VERB,4
przypatrzyć,VERB,4
przyrównać,VERB,4
przyrzec,VERB,4
przyrzekać,VERB,4
przysiąc,VERB,4
przysyłać,VERB,4
przyśnić,VERB,4
przytłumić,VERB,4
przytrafiać,VERB,4
przytyć,VERB,4
rabować,VERB,4
razić,VERB,4
roić,VERB,4
rozchorować,VERB,4
rozcieńczać,VERB,4
rozgniewać,VERB,4
rozjechać,VERB,4
rozkręcać,VERB,4
rozkręcić,VERB,4
rozmywać,VERB,4
rozpaczać,VERB,4
rozpamiętywać,VERB,4
rozpierać,VERB,4
rozrabiać,VERB,4
rozszyfrować,VERB,4
rozwiać,VERB,4
rzuć,VERB,4
rzutować,VERB,4
sączyć,VERB,4
skonfrontować,VERB,4
skreślić,VERB,4
smucić,VERB,4
solidaryzować,VERB,4
speszyć,VERB,4
spłodzić,VERB,4
sponsorować,VERB,4
streszczać,VERB,4
streścić,VERB,4
stukać,VERB,4
stuknąć,VERB,4
szarpać,VERB,4
szczotkować,VERB,4
ściemniać,VERB,4
targać,VERB,4
targować,VERB,4
tchnąć,VERB,4
telefonować,VERB,4
topnieć,VERB,4
trząść,VERB,4
tulić,VERB,4
ubijać,VERB,4
udoskonalać,VERB,4
umilać,VERB,4
upodobać,VERB,4
upominać,VERB,4
upychać,VERB,4
usiedzieć,VERB,4
utożsamić,VERB,4
utrzeć,VERB,4
utwierdzić,VERB,4
uwiarygodnić,VERB,4
uzmysłowić,VERB,4
wciąć,VERB,4
wczytać,VERB,4
wkradać,VERB,4
wpakować,VERB,4
wrzeć,VERB,4
współistnieć,VERB,4
wsunąć,VERB,4
wybielić,VERB,4
wychylać,VERB,4
wychylić,VERB,4
wyciec,VERB,4
wydarzać,VERB,4
wydychać,VERB,4
wyegzekwować,VERB,4
wygospodarować,VERB,4
wykaraskać,VERB,4
wykrwawić,VERB,4
wyluzować,VERB,4
wyładowywać,VERB,4
wymrzeć,VERB,4
wynegocjować,VERB,4
wypaczać,VERB,4
wypiekać,VERB,4
wyprawiać,VERB,4
wyrządzać,VERB,4
wyrzuć,VERB,4
wysiadywać,VERB,4
wysilić,VERB,4
wysłuchiwać,VERB,4
wysypiać,VERB,4
wysypywać,VERB,4
wysysać,VERB,4
wytoczyć,VERB,4
wywozić,VERB,4
wywyższać,VERB,4
wyzbyć,VERB,4
zabarwić,VERB,4
zabłysnąć,VERB,4
zaboleć,VERB,4
zachmurzyć,VERB,4
zagrywać,VERB,4
zahaczyć,VERB,4
zaimplementować,VERB,4
zaiskrzyć,VERB,4
zajechać,VERB,4
zakasać,VERB,4
zakomunikować,VERB,4
zakwitnąć,VERB,4
załamywać,VERB,4
załączać,VERB,4
zamrażać,VERB,4
zaopatrywać,VERB,4
zapałać,VERB,4
zaprotestować,VERB,4
zaprzepaścić,VERB,4
zapychać,VERB,4
zasłynąć,VERB,4
zastawiać,VERB,4
zaświecić,VERB,4
zatamować,VERB,4
zatańczyć,VERB,4
zatęsknić,VERB,4
zawahać,VERB,4
zawęzić,VERB,4
zawiadamiać,VERB,4
zawinąć,VERB,4
zawinić,VERB,4
zawyć,VERB,4
zbagatelizować,VERB,4
zbywać,VERB,4
zdelegalizować,VERB,4
zdementować,VERB,4
zdezynfekować,VERB,4
zdzierać,VERB,4
zestarzeć,VERB,4
zestrzelić,VERB,4
zgarnąć,VERB,4
zgęstnieć,VERB,4
zgrywać,VERB,4
zliczać,VERB,4
zmarszczyć,VERB,4
zmieść,VERB,4
zrazić,VERB,4
zreformować,VERB,4
zrekompensować,VERB,4
zremisować,VERB,4
zrewolucjonizować,VERB,4
zrzec,VERB,4
zstępować,VERB,4
zsunąć,VERB,4
amortyzować,VERB,3
aranżować,VERB,3
balować,VERB,3
błyskać,VERB,3
boksować,VERB,3
chadzać,VERB,3
cisnąć,VERB,3
cumować,VERB,3
czcić,VERB,3
dachować,VERB,3
dementować,VERB,3
demonizować,VERB,3
demontować,VERB,3
dewastować,VERB,3
dłużyć,VERB,3
dokształcać,VERB,3
dopłynąć,VERB,3
doprawiać,VERB,3
doręczyć,VERB,3
dosypać,VERB,3
dożywać,VERB,3
drążyć,VERB,3
dryfować,VERB,3
dzierżawić,VERB,3
epatować,VERB,3
frapować,VERB,3
gestykulować,VERB,3
głowić,VERB,3
gnać,VERB,3
grzeszyć,VERB,3
grzmieć,VERB,3
holować,VERB,3
igrać,VERB,3
imać,VERB,3
inwigilować,VERB,3
jarać,VERB,3
jęknąć,VERB,3
kaszleć,VERB,3
katować,VERB,3
klarować,VERB,3
klękać,VERB,3
kłębić,VERB,3
konfrontować,VERB,3
kreślić,VERB,3
krzątać,VERB,3
krzywić,VERB,3
kucać,VERB,3
kuć,VERB,3
lubować,VERB,3
lutować,VERB,3
łykać,VERB,3
łypać,VERB,3
majsterkować,VERB,3
moderować,VERB,3
mścić,VERB,3
naciągnąć,VERB,3
nadmieniać,VERB,3
nadwyrężać,VERB,3
nagłaśniać,VERB,3
napomknąć,VERB,3
naradzać,VERB,3
narozrabiać,VERB,3
nasłuchiwać,VERB,3
nastawać,VERB,3
nastręczać,VERB,3
naśmiewać,VERB,3
obrabiać,VERB,3
obradować,VERB,3
obstawić,VERB,3
odchorować,VERB,3
odchylić,VERB,3
odciągać,VERB,3
odciążyć,VERB,3
odciskać,VERB,3
odechcieć,VERB,3
odejmować,VERB,3
odgarnąć,VERB,3
odgryźć,VERB,3
odłączać,VERB,3
odpędzić,VERB,3
odpisywać,VERB,3
odpłynąć,VERB,3
odratować,VERB,3
odroczyć,VERB,3
odrzuć,VERB,3
odstać,VERB,3
odtrącać,VERB,3
odwlekać,VERB,3
odwzorowywać,VERB,3
ofiarowywać,VERB,3
okaleczyć,VERB,3
opatrywać,VERB,3
opłukać,VERB,3
opustoszeć,VERB,3
orzekać,VERB,3
osiąść,VERB,3
osiedlić,VERB,3
osłaniać,VERB,3
ostudzić,VERB,3
oswajać,VERB,3
oszaleć,VERB,3
ośmieszać,VERB,3
ożywać,VERB,3
parsknąć,VERB,3
patronować,VERB,3
pęcznieć,VERB,3
pierze,VERB,3
pieścić,VERB,3
pocić,VERB,3
pocierać,VERB,3
podkręcić,VERB,3
podlać,VERB,3
podpaść,VERB,3
podpatrzyć,VERB,3
podrywać,VERB,3
podsłuchiwać,VERB,3
podsunąć,VERB,3
podszkolić,VERB,3
podszyć,VERB,3
podwieźć,VERB,3
pogryzać,VERB,3
pojeździć,VERB,3
pojmać,VERB,3
pokutować,VERB,3
polatać,VERB,3
połapać,VERB,3
pomniejszać,VERB,3
pomnożyć,VERB,3
poobserwować,VERB,3
popędzić,VERB,3
popuszczać,VERB,3
poskładać,VERB,3
posmakować,VERB,3
poświecić,VERB,3
potańczyć,VERB,3
powątpiewać,VERB,3
powiać,VERB,3
powróć,VERB,3
pozazdrościć,VERB,3
pozmieniać,VERB,3
procentować,VERB,3
prychnąć,VERB,3
przechylać,VERB,3
przecisnąć,VERB,3
przegonić,VERB,3
przegrzewać,VERB,3
przekreślić,VERB,3
przeleżeć,VERB,3
przemieszać,VERB,3
przepędzić,VERB,3
przepowiadać,VERB,3
przepowiedzieć,VERB,3
przeradzać,VERB,3
przerastać,VERB,3
przeschnąć,VERB,3
przesiadywać,VERB,3
przestawiać,VERB,3
przestrzec,VERB,3
przesypiać,VERB,3
przeszczepić,VERB,3
przeważyć,VERB,3
przewiązać,VERB,3
przewyższyć,VERB,3
przeziębić,VERB,3
przezywać,VERB,3
przodować,VERB,3
przyczepiać,VERB,3
przylgnąć,VERB,3
przyozdobić,VERB,3
przypatrywać,VERB,3
przysięgać,VERB,3
przysłuchiwać,VERB,3
przysnąć,VERB,3
przysuwać,VERB,3
przywieść,VERB,3
przywozić,VERB,3
przywróć,VERB,3
punktować,VERB,3
puść,VERB,3
reasumować,VERB,3
rekonstruować,VERB,3
rozbrzmieć,VERB,3
rozcinać,VERB,3
rozczesać,VERB,3
rozlewać,VERB,3
rozlosować,VERB,3
rozminąć,VERB,3
roznieść,VERB,3
rozpędzać,VERB,3
rozpinać,VERB,3
rozpłynąć,VERB,3
rozpylać,VERB,3
rozrzewnić,VERB,3
rozsmakować,VERB,3
rozsyłać,VERB,3
rozświetlać,VERB,3
roztrząsać,VERB,3
rozwiewać,VERB,3
rozzłościć,VERB,3
rujnować,VERB,3
rzeźbić,VERB,3
rzygać,VERB,3
sankcjonować,VERB,3
selekcjonować,VERB,3
skoczyć,VERB,3
skrzypieć,VERB,3
spamować,VERB,3
spijać,VERB,3
splatać,VERB,3
spocić,VERB,3
spryskać,VERB,3
sprzeczać,VERB,3
spuszczać,VERB,3
spuść,VERB,3
szybować,VERB,3
śmiecić,VERB,3
śmieszyć,VERB,3
święcić,VERB,3
targnąć,VERB,3
tknąć,VERB,3
trąbić,VERB,3
triumfować,VERB,3
tryskać,VERB,3
typować,VERB,3
uaktualnić,VERB,3
udrażniać,VERB,3
uganiać,VERB,3
ukierunkowywać,VERB,3
ulatniać,VERB,3
ulotnić,VERB,3
umilknąć,VERB,3
unaoczniać,VERB,3
uodpornić,VERB,3
upamiętniać,VERB,3
upewniać,VERB,3
uplasować,VERB,3
upodobnić,VERB,3
upoważniać,VERB,3
uprawniać,VERB,3
upubliczniać,VERB,3
upuszczać,VERB,3
uronić,VERB,3
ustal,VERB,3
usypiać,VERB,3
uszlachetniać,VERB,3
uścisnąć,VERB,3
utajnić,VERB,3
utopić,VERB,3
utwierdzać,VERB,3
uwidaczniać,VERB,3
uwodzić,VERB,3
uwypuklać,VERB,3
walnąć,VERB,3
wcinać,VERB,3
wdepnąć,VERB,3
wdrapać,VERB,3
wiać,VERB,3
wibrować,VERB,3
widnieć,VERB,3
wietrzyć,VERB,3
wiosłować,VERB,3
wkomponowywać,VERB,3
wkręcić,VERB,3
wlec,VERB,3
wniknąć,VERB,3
wodzić,VERB,3
wpajać,VERB,3
wpasować,VERB,3
wrzeszczeć,VERB,3
wskrzesić,VERB,3
współwystępować,VERB,3
wszczepiać,VERB,3
wściec,VERB,3
wściekać,VERB,3
wybrnąć,VERB,3
wybrzmiewać,VERB,3
wycierpieć,VERB,3
wyczarować,VERB,3
wyginać,VERB,3
wyhamować,VERB,3
wykorzenić,VERB,3
wykradać,VERB,3
wylecieć,VERB,3
wylęgać,VERB,3
wymalować,VERB,3
wymawiać,VERB,3
wymazywać,VERB,3
wymijać,VERB,3
wymodlić,VERB,3
wynurzyć,VERB,3
wyodrębniać,VERB,3
wyostrzać,VERB,3
wyparować,VERB,3
wyprosić,VERB,3
wyręczać,VERB,3
wysadzić,VERB,3
wywyższyć,VERB,3
wyżyć,VERB,3
wyżywić,VERB,3
wzbogać,VERB,3
wzbraniać,VERB,3
zabudowywać,VERB,3
zachwyć,VERB,3
zacytować,VERB,3
zadłużyć,VERB,3
zadrżeć,VERB,3
zadzierać,VERB,3
zagadnąć,VERB,3
zaglądnąć,VERB,3
zagwizdać,VERB,3
zaimportować,VERB,3
zakleić,VERB,3
zaklejać,VERB,3
zakopywać,VERB,3
załagodzić,VERB,3
zamilknąć,VERB,3
zanudzić,VERB,3
zapłać,VERB,3
zasądzić,VERB,3
zaskarżyć,VERB,3
zaspakajać,VERB,3
zasychać,VERB,3
zaszywać,VERB,3
zaśmiecać,VERB,3
zawędrować,VERB,3
zawiać,VERB,3
zawiadomić,VERB,3
zaznawać,VERB,3
zbaczać,VERB,3
zbulwersować,VERB,3
zdemolować,VERB,3
zderzać,VERB,3
zdumieć,VERB,3
zemdleć,VERB,3
zezwolić,VERB,3
zgadać,VERB,3
zgasić,VERB,3
zgłodnieć,VERB,3
zgnieść,VERB,3
zgotować,VERB,3
zhańbić,VERB,3
zintensyfikować,VERB,3
zlewać,VERB,3
zliczyć,VERB,3
złączyć,VERB,3
zmaleć,VERB,3
zmartwić,VERB,3
zmiażdżyć,VERB,3
zmutować,VERB,3
zniekształcać,VERB,3
zniwelować,VERB,3
zrecenzować,VERB,3
zrekonstruować,VERB,3
zsuwać,VERB,3
zważać,VERB,3
zwężać,VERB,3
zwichnąć,VERB,3
zwodzić,VERB,3
zwoływać,VERB,3
zwymiotować,VERB,3
zżerać,VERB,3
żenić,VERB,3
żonglować,VERB,3
żółknąć,VERB,3
amputować,VERB,2
aprobować,VERB,2
bankrutować,VERB,2
baraszkować,VERB,2
błaznować,VERB,2
bodaj,VERB,2
brązowieć,VERB,2
brzydzić,VERB,2
bujać,VERB,2
buszować,VERB,2
chrzcić,VERB,2
chybiać,VERB,2
cuchnąć,VERB,2
czerwienieć,VERB,2
debiutować,VERB,2
degradować,VERB,2
degustować,VERB,2
dekoncentrować,VERB,2
depilować,VERB,2
deponować,VERB,2
deptać,VERB,2
destabilizować,VERB,2
dialogować,VERB,2
dmuchnąć,VERB,2
dobywać,VERB,2
dociec,VERB,2
dociekać,VERB,2
docisnąć,VERB,2
dofinansowywać,VERB,2
doglądać,VERB,2
dograć,VERB,2
dokazywać,VERB,2
dokręcić,VERB,2
dolać,VERB,2
domówić,VERB,2
domykać,VERB,2
dopadać,VERB,2
dopić,VERB,2
dopływać,VERB,2
dopraszać,VERB,2
dosięgać,VERB,2
dosłużyć,VERB,2
dosłyszeć,VERB,2
dostawić,VERB,2
dosypywać,VERB,2
doszukiwać,VERB,2
dotoczyć,VERB,2
dowalić,VERB,2
dowcipniś,VERB,2
dowierzać,VERB,2
dowozić,VERB,2
dramatyzować,VERB,2
drętwieć,VERB,2
drzeć,VERB,2
dyrygować,VERB,2
dyscyplinować,VERB,2
dyżurować,VERB,2
ferować,VERB,2
finiszować,VERB,2
fruwać,VERB,2
fundować,VERB,2
ganić,VERB,2
gap,VERB,2
gardzić,VERB,2
garnąć,VERB,2
gnębić,VERB,2
gniazdować,VERB,2
gruchnąć,VERB,2
harować,VERB,2
honorować,VERB,2
hulać,VERB,2
huśtać,VERB,2
instruować,VERB,2
kaleczyć,VERB,2
kastrować,VERB,2
kąsać,VERB,2
klaskać,VERB,2
klepnąć,VERB,2
konać,VERB,2
konkludować,VERB,2
korcić,VERB,2
kosić,VERB,2
kotłować,VERB,2
kpić,VERB,2
kropić,VERB,2
kruszyć,VERB,2
kumać,VERB,2
kumplować,VERB,2
kurzyć,VERB,2
lamentować,VERB,2
lawirować,VERB,2
licytować,VERB,2
łożyć,VERB,2
machnąć,VERB,2
majaczyć,VERB,2
maksymalizować,VERB,2
materializować,VERB,2
miesiączkować,VERB,2
milknąć,VERB,2
mrugnąć,VERB,2
nabawić,VERB,2
nabiegać,VERB,2
naciąć,VERB,2
nacierać,VERB,2
nacierpieć,VERB,2
nadepnąć,VERB,2
nadjechać,VERB,2
nadstawiać,VERB,2
nadużyć,VERB,2
nadziewać,VERB,2
nakleić,VERB,2
nakrywać,VERB,2
nalewać,VERB,2
namieszać,VERB,2
nanosić,VERB,2
napadać,VERB,2
napluć,VERB,2
nasączyć,VERB,2
nasiąknąć,VERB,2
nastrajać,VERB,2
nasunąć,VERB,2
natrzeć,VERB,2
niedomagać,VERB,2
niepodobna,VERB,2
nitkować,VERB,2
nużyć,VERB,2
obeschnąć,VERB,2
obijać,VERB,2
objechać,VERB,2
obkurczać,VERB,2
oblewać,VERB,2
obmawiać,VERB,2
obrzydzać,VERB,2
obsypywać,VERB,2
ochłonąć,VERB,2
ociągać,VERB,2
odblokowywać,VERB,2
odchować,VERB,2
odciążać,VERB,2
oddzwaniać,VERB,2
odechciewać,VERB,2
odgadywać,VERB,2
odgradzać,VERB,2
odgrażać,VERB,2
odinstalować,VERB,2
odjąć,VERB,2
odkleić,VERB,2
odkopywać,VERB,2
odkręcać,VERB,2
odłowić,VERB,2
odmłodzić,VERB,2
odpiąć,VERB,2
odpłacić,VERB,2
odpływać,VERB,2
odpokutować,VERB,2
odpuść,VERB,2
odrosnąć,VERB,2
odrzec,VERB,2
odsapnąć,VERB,2
odsprzedać,VERB,2
odstępować,VERB,2
odśnieżać,VERB,2
odurzać,VERB,2
odwróć,VERB,2
ogłuszyć,VERB,2
ogolić,VERB,2
okaleczać,VERB,2
okiełznać,VERB,2
okrążać,VERB,2
okrążyć,VERB,2
okupić,VERB,2
olać,VERB,2
opiewać,VERB,2
opuść,VERB,2
osłabnąć,VERB,2
osłuchiwać,VERB,2
ospale,VERB,2
ostrzeliwać,VERB,2
ostrzyć,VERB,2
osypywać,VERB,2
otulać,VERB,2
partycypować,VERB,2
pasożytować,VERB,2
pauzować,VERB,2
penetrować,VERB,2
pięknieć,VERB,2
plasować,VERB,2
płać,VERB,2
pobiegać,VERB,2
pobudować,VERB,2
poczuwać,VERB,2
podbiegać,VERB,2
podbudować,VERB,2
podciąć,VERB,2
podciągać,VERB,2
podesłać,VERB,2
podjeżdżać,VERB,2
podkładać,VERB,2
podliczyć,VERB,2
podpatrywać,VERB,2
podpierać,VERB,2
podpytać,VERB,2
podrosnąć,VERB,2
podrzeć,VERB,2
podskakiwać,VERB,2
podstawiać,VERB,2
podtruć,VERB,2
podwinąć,VERB,2
podziać,VERB,2
podziewać,VERB,2
pogardzać,VERB,2
pogdybać,VERB,2
pogłaskać,VERB,2
pogniewać,VERB,2
pogonić,VERB,2
poić,VERB,2
pokombinować,VERB,2
polewać,VERB,2
polizać,VERB,2
połyskiwać,VERB,2
pomęczyć,VERB,2
pomieszać,VERB,2
pomilczeć,VERB,2
pomścić,VERB,2
popalić,VERB,2
popchnąć,VERB,2
popuścić,VERB,2
posilać,VERB,2
posiłkować,VERB,2
poskakać,VERB,2
poskarżyć,VERB,2
poskąpić,VERB,2
poskromić,VERB,2
posmarować,VERB,2
pospinać,VERB,2
postradać,VERB,2
posypywać,VERB,2
poszczęścić,VERB,2
potopić,VERB,2
potrenować,VERB,2
potrzymać,VERB,2
poturbować,VERB,2
potykać,VERB,2
pouczyć,VERB,2
pousuwać,VERB,2
powąchać,VERB,2
powściągnąć,VERB,2
powyginać,VERB,2
pozachwycać,VERB,2
pozałatwiać,VERB,2
pozawalać,VERB,2
pozbierać,VERB,2
pozywać,VERB,2
pożreć,VERB,2
pretendować,VERB,2
prezesować,VERB,2
prysnąć,VERB,2
przeboleć,VERB,2
przecedzać,VERB,2
przecedzić,VERB,2
przechwalać,VERB,2
przedzierać,VERB,2
przefarbować,VERB,2
przegadać,VERB,2
przegryzać,VERB,2
przeinaczać,VERB,2
przejaśniać,VERB,2
przekąsić,VERB,2
przekopać,VERB,2
przekuwać,VERB,2
przekwitnąć,VERB,2
przeładować,VERB,2
przemaszerować,VERB,2
przemierzyć,VERB,2
przemilczeć,VERB,2
przemknąć,VERB,2
przepalić,VERB,2
przepełniać,VERB,2
przepijać,VERB,2
przepłacić,VERB,2
przepołowić,VERB,2
przesiedzieć,VERB,2
prześcignąć,VERB,2
przetłuszczać,VERB,2
przetoczyć,VERB,2
przewietrzyć,VERB,2
przewodniczyć,VERB,2
przyciskać,VERB,2
przyćmić,VERB,2
przydusić,VERB,2
przygrywać,VERB,2
przyhamować,VERB,2
przyjaźnić,VERB,2
przyklaskiwać,VERB,2
przymknąć,VERB,2
przymocowywać,VERB,2
przynudzać,VERB,2
przypieczętować,VERB,2
przypłacić,VERB,2
przypłynąć,VERB,2
przyporządkować,VERB,2
przyprowadzać,VERB,2
przysłaniać,VERB,2
przysypiać,VERB,2
przytakiwać,VERB,2
przyzwalać,VERB,2
puchnąć,VERB,2
ratyfikować,VERB,2
reanimować,VERB,2
recytować,VERB,2
reformować,VERB,2
restrukturyzować,VERB,2
rezonować,VERB,2
reżyserować,VERB,2
rosły,VERB,2
rozbłyskać,VERB,2
rozbłysnąć,VERB,2
rozbudzać,VERB,2
rozczesywać,VERB,2
rozglądnąć,VERB,2
rozgnieść,VERB,2
rozgorzeć,VERB,2
rozgość,VERB,2
rozgryźć,VERB,2
rozklejać,VERB,2
rozkochać,VERB,2
rozkoszować,VERB,2
rozkwitnąć,VERB,2
rozlokować,VERB,2
rozmieszać,VERB,2
rozpić,VERB,2
rozpływać,VERB,2
rozpychać,VERB,2
rozreklamować,VERB,2
rozsiąść,VERB,2
rozstawiać,VERB,2
rozsunąć,VERB,2
rozśmieszać,VERB,2
roztrzaskać,VERB,2
rozweselać,VERB,2
rozweselić,VERB,2
rozwieźć,VERB,2
równoważyć,VERB,2
rumienić,VERB,2
ryczeć,VERB,2
salutować,VERB,2
scalać,VERB,2
schnąć,VERB,2
sfermentować,VERB,2
siekać,VERB,2
siusiać,VERB,2
skolonizować,VERB,2
skreślać,VERB,2
skubać,VERB,2
solić,VERB,2
sparować,VERB,2
spiętrzać,VERB,2
spłać,VERB,2
spłoszyć,VERB,2
spostrzegać,VERB,2
sprezentować,VERB,2
sprywatyzować,VERB,2
sprzątnąć,VERB,2
ssać,VERB,2
stęsknić,VERB,2
stężać,VERB,2
stłuc,VERB,2
stłumić,VERB,2
stopnieć,VERB,2
strącić,VERB,2
stroić,VERB,2
stygnąć,VERB,2
sunąć,VERB,2
syknąć,VERB,2
szkicować,VERB,2
szpecić,VERB,2
szperać,VERB,2
szturmować,VERB,2
szwankować,VERB,2
śmierdzieć,VERB,2
tasować,VERB,2
terroryzować,VERB,2
tlić,VERB,2
torować,VERB,2
trapić,VERB,2
trudzić,VERB,2
trwonić,VERB,2
trwożyć,VERB,2
trzaskać,VERB,2
trzasnąć,VERB,2
tupnąć,VERB,2
uaktywniać,VERB,2
ubarwić,VERB,2
ubogacać,VERB,2
uchować,VERB,2
ucierać,VERB,2
ucinać,VERB,2
udrożnić,VERB,2
ugrać,VERB,2
ulepić,VERB,2
umalować,VERB,2
umartwiać,VERB,2
umywać,VERB,2
unieszczęśliwiać,VERB,2
unormować,VERB,2
unowocześniać,VERB,2
uodparniać,VERB,2
uogólniać,VERB,2
upajać,VERB,2
upiąć,VERB,2
upichcić,VERB,2
upośledzać,VERB,2
uprawomocnić,VERB,2
uprzeć,VERB,2
urabiać,VERB,2
urozmaicać,VERB,2
urzędować,VERB,2
usamodzielnić,VERB,2
uskrzydlać,VERB,2
usnąć,VERB,2
ustosunkować,VERB,2
uszczuplić,VERB,2
uśmierzyć,VERB,2
uśrednić,VERB,2
uświadczyć,VERB,2
uświetnić,VERB,2
uwalić,VERB,2
uwieńczyć,VERB,2
uwierać,VERB,2
uwydatniać,VERB,2
uzewnętrznić,VERB,2
uzurpować,VERB,2
użyczyć,VERB,2
wałkować,VERB,2
warczeć,VERB,2
warunkować,VERB,2
warzyć,VERB,2
waść,VERB,2
wdać,VERB,2
wedrzeć,VERB,2
wepchnąć,VERB,2
wezbrać,VERB,2
wić,VERB,2
wielbić,VERB,2
wieńczyć,VERB,2
więdnąć,VERB,2
wlepiać,VERB,2
wmieszać,VERB,2
wmontować,VERB,2
wpasowywać,VERB,2
wpędzać,VERB,2
wpleść,VERB,2
wpychać,VERB,2
wrzuć,VERB,2
wsiąkać,VERB,2
współorganizować,VERB,2
wsuwać,VERB,2
wsypać,VERB,2
wślizgnąć,VERB,2
wtapiać,VERB,2
wtłoczyć,VERB,2
wtórować,VERB,2
wtulać,VERB,2
wtykać,VERB,2
wwozić,VERB,2
wyartykułować,VERB,2
wybawiać,VERB,2
wybrukować,VERB,2
wybrzmieć,VERB,2
wycałować,VERB,2
wycelować,VERB,2
wychwalać,VERB,2
wyczytywać,VERB,2
wydostawać,VERB,2
wydrzeć,VERB,2
wyeksportować,VERB,2
wygadać,VERB,2
wygiąć,VERB,2
wygłupiać,VERB,2
wygramolić,VERB,2
wyjadać,VERB,2
wykadrować,VERB,2
wykarmić,VERB,2
wykręcać,VERB,2
wykurzyć,VERB,2
wylatywać,VERB,2
wylegitymować,VERB,2
wyłamać,VERB,2
wyłamywać,VERB,2
wyławiać,VERB,2
wymachiwać,VERB,2
wymówić,VERB,2
wynurzać,VERB,2
wypakować,VERB,2
wypatrzeć,VERB,2
wyplątać,VERB,2
wypompować,VERB,2
wypośrodkować,VERB,2
wyprawić,VERB,2
wypróbowywać,VERB,2
wypróżniać,VERB,2
wyprzedawać,VERB,2
wypunktować,VERB,2
wyrokować,VERB,2
wyrugować,VERB,2
wysadzać,VERB,2
wyskubać,VERB,2
wysłowić,VERB,2
wystylizować,VERB,2
wysypać,VERB,2
wyszeptać,VERB,2
wyśledzić,VERB,2
wyświęcić,VERB,2
wytatuować,VERB,2
wytropić,VERB,2
wywalać,VERB,2
wywracać,VERB,2
wyzbywać,VERB,2
wzlatywać,VERB,2
zaadoptować,VERB,2
zaaklimatyzować,VERB,2
zaaplikować,VERB,2
zadźgać,VERB,2
zaganiać,VERB,2
zagłębić,VERB,2
zagłodzić,VERB,2
zagonić,VERB,2
zajarać,VERB,2
zająknąć,VERB,2
zakąszać,VERB,2
zaklinować,VERB,2
zakochiwać,VERB,2
zakontraktować,VERB,2
zakotwiczyć,VERB,2
zakpić,VERB,2
zakręcać,VERB,2
zakrztusić,VERB,2
zaktywizować,VERB,2
zamanifestować,VERB,2
zamarzyć,VERB,2
zamiatać,VERB,2
zaniemóc,VERB,2
zaokrąglać,VERB,2
zaorać,VERB,2
zapleść,VERB,2
zapolować,VERB,2
zapytywać,VERB,2
zarekomendować,VERB,2
zasadzać,VERB,2
zasiedlać,VERB,2
zasłabnąć,VERB,2
zasmakować,VERB,2
zasnuwać,VERB,2
zastawać,VERB,2
zastraszyć,VERB,2
zastygnąć,VERB,2
zaszczepiać,VERB,2
zasznurować,VERB,2
zatapiać,VERB,2
zatelefonować,VERB,2
zatłuc,VERB,2
zatriumfować,VERB,2
zatrważać,VERB,2
zawalać,VERB,2
zawisać,VERB,2
zawłaszczyć,VERB,2
zawyżać,VERB,2
zazielenić,VERB,2
zbłądzić,VERB,2
zboczyć,VERB,2
zdegradować,VERB,2
zdeponować,VERB,2
zdeprymować,VERB,2
zdmuchiwać,VERB,2
zdrożeć,VERB,2
zdrzemnąć,VERB,2
zdzierżyć,VERB,2
zerkać,VERB,2
zgładzić,VERB,2
zgrupować,VERB,2
zirytować,VERB,2
zleć,VERB,2
zlitować,VERB,2
złagodnieć,VERB,2
zmarginalizować,VERB,2
zmiękczać,VERB,2
znacjonalizować,VERB,2
znakować,VERB,2
zniżyć,VERB,2
zrabować,VERB,2
zraszać,VERB,2
zrestrukturyzować,VERB,2
zrewidować,VERB,2
zrzeszać,VERB,2
zrzuć,VERB,2
zwątpić,VERB,2
zwierzać,VERB,2
zwierzyć,VERB,2
zwisać,VERB,2
zżera,VERB,2
zżyć,VERB,2
zżymać,VERB,2
żarzyć,VERB,2
adorować,VERB,1
afiszować,VERB,1
aproksymować,VERB,1
bajać,VERB,1
bąknąć,VERB,1
biadolić,VERB,1
biesiadować,VERB,1
bilansować,VERB,1
biurokratyzować,VERB,1
blaknąć,VERB,1
blanszować,VERB,1
blednąć,VERB,1
bluzgać,VERB,1
bluźnić,VERB,1
błaźnić,VERB,1
bojkotować,VERB,1
bookować,VERB,1
bruździć,VERB,1
brykać,VERB,1
brzdękać,VERB,1
buzować,VERB,1
bzyknąć,VERB,1
cen,VERB,1
certolić,VERB,1
chlubić,VERB,1
chmurzyć,VERB,1
chomikować,VERB,1
chrupać,VERB,1
chrzanić,VERB,1
chuchać,VERB,1
chudzić,VERB,1
chwiać,VERB,1
chwyć,VERB,1
ciemnieć,VERB,1
cieniować,VERB,1
ciężyć,VERB,1
ciskać,VERB,1
cykać,VERB,1
czkać,VERB,1
czołgać,VERB,1
dąsać,VERB,1
deformować,VERB,1
degenerować,VERB,1
deklamować,VERB,1
dekontaminować,VERB,1
detoksykować,VERB,1
detonować,VERB,1
dezaktywować,VERB,1
dławić,VERB,1
dobrnąć,VERB,1
dobudować,VERB,1
dobudzić,VERB,1
dobyć,VERB,1
dochowywać,VERB,1
dociąć,VERB,1
dociągać,VERB,1
docinać,VERB,1
doczepiać,VERB,1
doczepić,VERB,1
dogadzać,VERB,1
dogodzić,VERB,1
dogryzać,VERB,1
dogrzać,VERB,1
dogrzewać,VERB,1
doić,VERB,1
dojadać,VERB,1
dokleić,VERB,1
dokręcać,VERB,1
dokupować,VERB,1
dokupywać,VERB,1
dolatywać,VERB,1
domniemywać,VERB,1
dopatrzeć,VERB,1
dopchać,VERB,1
dopędzić,VERB,1
dopiec,VERB,1
dopierać,VERB,1
dopieszczać,VERB,1
dopilnowywać,VERB,1
dopomóc,VERB,1
dopowiadać,VERB,1
dopuść,VERB,1
dorównywać,VERB,1
dorzucać,VERB,1
dosiadać,VERB,1
doskoczyć,VERB,1
dosłać,VERB,1
dosłodzić,VERB,1
dosłuchać,VERB,1
dostawiać,VERB,1
dosuszyć,VERB,1
doszyć,VERB,1
doścignąć,VERB,1
douczyć,VERB,1
dowalać,VERB,1
dowartościowywać,VERB,1
dowieźć,VERB,1
dowlec,VERB,1
drapać,VERB,1
drylować,VERB,1
dyskredytować,VERB,1
dziczeć,VERB,1
dziwaczyć,VERB,1
dźgać,VERB,1
ejakulować,VERB,1
forsować,VERB,1
garbić,VERB,1
gaworzyć,VERB,1
gdakać,VERB,1
głużyć,VERB,1
gmatwać,VERB,1
gnieć,VERB,1
goń,VERB,1
grac,VERB,1
grupować,VERB,1
gwizdać,VERB,1
gzić,VERB,1
hałasować,VERB,1
hańbić,VERB,1
harcować,VERB,1
hierarchizować,VERB,1
hołdować,VERB,1
huknąć,VERB,1
implikować,VERB,1
infantylizować,VERB,1
infekować,VERB,1
inhalować,VERB,1
inkasować,VERB,1
intensyfikować,VERB,1
intubować,VERB,1
inwitować,VERB,1
iskać,VERB,1
jałowieć,VERB,1
jaśnieć,VERB,1
jełczeć,VERB,1
jonizować,VERB,1
kalcynować,VERB,1
kamienować,VERB,1
kierunkować,VERB,1
klasnąć,VERB,1
kląć,VERB,1
klęknąć,VERB,1
kluczyć,VERB,1
knuć,VERB,1
koić,VERB,1
kolidować,VERB,1
kolonizować,VERB,1
kompensować,VERB,1
kompostować,VERB,1
koncelebrować,VERB,1
konfekcjonować,VERB,1
kopulować,VERB,1
korelować,VERB,1
krajać,VERB,1
krakać,VERB,1
kraśnieć,VERB,1
kruszeć,VERB,1
krygować,VERB,1
krystalizować,VERB,1
krzewić,VERB,1
kucnąć,VERB,1
kuśtykać,VERB,1
kwapić,VERB,1
kwitować,VERB,1
leasingować,VERB,1
legitymizować,VERB,1
lenić,VERB,1
leń,VERB,1
litować,VERB,1
lizać,VERB,1
liznąć,VERB,1
lobbować,VERB,1
lunąć,VERB,1
lustrować,VERB,1
łagodnieć,VERB,1
łasować,VERB,1
maglować,VERB,1
majtać,VERB,1
maltretować,VERB,1
masturbować,VERB,1
mataczyć,VERB,1
matkować,VERB,1
matowieć,VERB,1
mądrzeć,VERB,1
mdleć,VERB,1
meandrować,VERB,1
mechacić,VERB,1
mechać,VERB,1
metkować,VERB,1
miąć,VERB,1
mielić,VERB,1
mierzić,VERB,1
mięć,VERB,1
mięknąć,VERB,1
mignąć,VERB,1
mód,VERB,1
mruczeć,VERB,1
multiplikować,VERB,1
naczytać,VERB,1
nadbiec,VERB,1
nadbiegać,VERB,1
nadbudowywać,VERB,1
nadciągnąć,VERB,1
nadgonić,VERB,1
nadlecieć,VERB,1
nadsyłać,VERB,1
nadymać,VERB,1
nagadać,VERB,1
naganiać,VERB,1
nagimnastykować,VERB,1
naglić,VERB,1
nagłowić,VERB,1
najmować,VERB,1
najść,VERB,1
nakierowywać,VERB,1
naklejać,VERB,1
nakraść,VERB,1
nakruszyć,VERB,1
nakrzyczeć,VERB,1
nałowić,VERB,1
namęczyć,VERB,1
namyślić,VERB,1
naoglądać,VERB,1
naostrzyć,VERB,1
naparzać,VERB,1
napatrzeć,VERB,1
napłynąć,VERB,1
napocić,VERB,1
napowietrzyć,VERB,1
naprowadzać,VERB,1
naprowadzić,VERB,1
naprzeć,VERB,1
napuszyć,VERB,1
naradzić,VERB,1
nareperować,VERB,1
narwać,VERB,1
narzuć,VERB,1
nasiać,VERB,1
nasiąkać,VERB,1
nastraszyć,VERB,1
nasyć,VERB,1
naśmiać,VERB,1
natchnąć,VERB,1
natężać,VERB,1
natłuszczać,VERB,1
natłuścić,VERB,1
natracić,VERB,1
nawalić,VERB,1
nawarstwić,VERB,1
nawarzyć,VERB,1
nawiercić,VERB,1
nawiewać,VERB,1
nawieźć,VERB,1
nawigować,VERB,1
nawinąć,VERB,1
nawyknąć,VERB,1
nazbierać,VERB,1
nazjeżdżać,VERB,1
nazmyślać,VERB,1
nęcić,VERB,1
niecierpliwić,VERB,1
notyfikować,VERB,1
nucić,VERB,1
nudź,VERB,1
nurzać,VERB,1
obdzierać,VERB,1
objeżdżać,VERB,1
oblać,VERB,1
oblatywać,VERB,1
oblecieć,VERB,1
obligować,VERB,1
oblizać,VERB,1
obłapiać,VERB,1
obłożyć,VERB,1
obmacać,VERB,1
obmyślać,VERB,1
obnosić,VERB,1
obozować,VERB,1
obrabować,VERB,1
obróć,VERB,1
obruszyć,VERB,1
obrywać,VERB,1
obrzydzić,VERB,1
obsuszać,VERB,1
obwąchać,VERB,1
obwąchiwać,VERB,1
obwiązać,VERB,1
obwijać,VERB,1
ochładzać,VERB,1
ochrzcić,VERB,1
ociec,VERB,1
ocieplić,VERB,1
ocucić,VERB,1
oczarowywać,VERB,1
oczernić,VERB,1
odbarwiać,VERB,1
odbezpieczyć,VERB,1
odbębnić,VERB,1
odcedzać,VERB,1
odcierpieć,VERB,1
odczarować,VERB,1
odczłowieczać,VERB,1
oddłużyć,VERB,1
oddziałać,VERB,1
oddziel,VERB,1
odgarniać,VERB,1
odgonić,VERB,1
odgrzać,VERB,1
odgwizdać,VERB,1
odklejać,VERB,1
odkręć,VERB,1
odkształcić,VERB,1
odkuć,VERB,1
odlać,VERB,1
odleć,VERB,1
odlewać,VERB,1
odmłodnieć,VERB,1
odmóżdżać,VERB,1
odmrozić,VERB,1
odpinać,VERB,1
odpukać,VERB,1
odradzić,VERB,1
odrąbywać,VERB,1
odreagować,VERB,1
odremontować,VERB,1
odrysować,VERB,1
odrysowywać,VERB,1
odsiadywać,VERB,1
odskoczyć,VERB,1
odsłuchiwać,VERB,1
odstresować,VERB,1
odsypać,VERB,1
odszczekać,VERB,1
odszukiwać,VERB,1
oduczać,VERB,1
oduczyć,VERB,1
odwalić,VERB,1
odwidzieć,VERB,1
odwinąć,VERB,1
odwojować,VERB,1
odzierać,VERB,1
odzwyczaić,VERB,1
odżałować,VERB,1
odżegnywać,VERB,1
ogławiać,VERB,1
ogłupiać,VERB,1
ogrywać,VERB,1
oklejać,VERB,1
okładać,VERB,1
okłamać,VERB,1
okręcić,VERB,1
okroić,VERB,1
omamić,VERB,1
omotać,VERB,1
onieśmielić,VERB,1
opędzać,VERB,1
opędzić,VERB,1
opluwać,VERB,1
oponować,VERB,1
opromieniać,VERB,1
oprzytomnieć,VERB,1
optować,VERB,1
orać,VERB,1
orbitować,VERB,1
ordynować,VERB,1
osączać,VERB,1
osączyć,VERB,1
osiedlać,VERB,1
oskubać,VERB,1
osładzać,VERB,1
osłodzić,VERB,1
ostawać,VERB,1
ostrzelać,VERB,1
oswobodzić,VERB,1
oślepnąć,VERB,1
oświecać,VERB,1
otępiać,VERB,1
otrzeć,VERB,1
otrzepać,VERB,1
otrzeźwić,VERB,1
owdowieć,VERB,1
owiewać,VERB,1
oziębnąć,VERB,1
ozłocić,VERB,1
palcować,VERB,1
palnąć,VERB,1
pałać,VERB,1
paradować,VERB,1
pasać,VERB,1
pastwić,VERB,1
patroszyć,VERB,1
pączkować,VERB,1
pełznąć,VERB,1
peszyć,VERB,1
pętać,VERB,1
piąć,VERB,1
pielić,VERB,1
pierniczyć,VERB,1
piętnować,VERB,1
piknikować,VERB,1
pilić,VERB,1
pilotować,VERB,1
pobłażać,VERB,1
pobolewać,VERB,1
pobyczyć,VERB,1
pochlebiać,VERB,1
poczerwienieć,VERB,1
podbiec,VERB,1
podchwycić,VERB,1
poddusić,VERB,1
podgotować,VERB,1
podgryzać,VERB,1
podklejać,VERB,1
podkopać,VERB,1
podkręć,VERB,1
podkusić,VERB,1
podlatywać,VERB,1
podliczać,VERB,1
podładować,VERB,1
podłamać,VERB,1
podpasywać,VERB,1
podpiąć,VERB,1
podpinać,VERB,1
podpłynąć,VERB,1
podpływać,VERB,1
podprowadzać,VERB,1
podrasować,VERB,1
podrożyć,VERB,1
podsadzać,VERB,1
podsłuchać,VERB,1
podsmażyć,VERB,1
podstemplować,VERB,1
podsuwać,VERB,1
podsycić,VERB,1
podsypać,VERB,1
podsypywać,VERB,1
podszywać,VERB,1
podścielać,VERB,1
poduczyć,VERB,1
podupaść,VERB,1
podwiać,VERB,1
podwiązywać,VERB,1
podwiewać,VERB,1
podźwignąć,VERB,1
pofatygować,VERB,1
pofrunąć,VERB,1
pogrywać,VERB,1
pogwizdywać,VERB,1
pohamować,VERB,1
pojadać,VERB,1
pojeść,VERB,1
pokarmić,VERB,1
poklepać,VERB,1
pokłaść,VERB,1
pokłonić,VERB,1
pokolorować,VERB,1
pokpić,VERB,1
pokreślić,VERB,1
pokropić,VERB,1
pokrzykiwać,VERB,1
polegnąć,VERB,1
poleniuchować,VERB,1
poleźć,VERB,1
poluźnić,VERB,1
połaszczyć,VERB,1
pomaszerować,VERB,1
pomieszkać,VERB,1
pomotać,VERB,1
pomówić,VERB,1
pomrugać,VERB,1
pomstować,VERB,1
pomykać,VERB,1
ponabijać,VERB,1
ponarzekać,VERB,1
poniewierać,VERB,1
ponudzić,VERB,1
poobsadzać,VERB,1
pooddychać,VERB,1
poodkurzać,VERB,1
poopalać,VERB,1
pootwierać,VERB,1
popchać,VERB,1
popędzać,VERB,1
poplamić,VERB,1
poplotkować,VERB,1
popluskać,VERB,1
poprzekładać,VERB,1
poprzestawiać,VERB,1
poprzesuwać,VERB,1
porastać,VERB,1
poręczać,VERB,1
porobić,VERB,1
porozwieszać,VERB,1
porysować,VERB,1
porzuć,VERB,1
posadowić,VERB,1
poskramiać,VERB,1
posłyszeć,VERB,1
posolić,VERB,1
pospłacać,VERB,1
posprawdzać,VERB,1
postarzeć,VERB,1
postawiać,VERB,1
postponować,VERB,1
postraszyć,VERB,1
postukiwać,VERB,1
poszaleć,VERB,1
poszybować,VERB,1
pościć,VERB,1
pośpiewać,VERB,1
potaknąć,VERB,1
potaniać,VERB,1
potrąć,VERB,1
potroić,VERB,1
potrzeć,VERB,1
pouciekać,VERB,1
poumierać,VERB,1
poważnieć,VERB,1
powiewać,VERB,1
powinąć,VERB,1
powlec,VERB,1
powodzić,VERB,1
powróżyć,VERB,1
powspominać,VERB,1
powstydzić,VERB,1
powychodzić,VERB,1
powyrzucać,VERB,1
powziąć,VERB,1
pozabierać,VERB,1
pozakopywać,VERB,1
pozamieniać,VERB,1
pozaznaczać,VERB,1
pozdzierać,VERB,1
pozłościć,VERB,1
pozmiatać,VERB,1
pozorować,VERB,1
pożera,VERB,1
pożytkować,VERB,1
problematyzować,VERB,1
profesjonalizować,VERB,1
prolongować,VERB,1
promienieć,VERB,1
próchnieć,VERB,1
prószyć,VERB,1
pruć,VERB,1
przebarwiać,VERB,1
przebłagać,VERB,1
przebrzmieć,VERB,1
przebudowywać,VERB,1
przebudzać,VERB,1
przechorować,VERB,1
przechylić,VERB,1
przeciec,VERB,1
przecierpieć,VERB,1
przeciskać,VERB,1
przeczuć,VERB,1
przeczyścić,VERB,1
przeć,VERB,1
przedawniać,VERB,1
przedziurawić,VERB,1
przeformułować,VERB,1
przeforsować,VERB,1
przeganiać,VERB,1
przeginać,VERB,1
przeglądnąć,VERB,1
przegradzać,VERB,1
przegryźć,VERB,1
przejaskrawiać,VERB,1
przejaśnić,VERB,1
przejednać,VERB,1
przejeździć,VERB,1
przejęzyczać,VERB,1
przekłuć,VERB,1
przekłuwać,VERB,1
przekopiować,VERB,1
przekreślać,VERB,1
przekwalifikowywać,VERB,1
przelecieć,VERB,1
przemalować,VERB,1
przemeblować,VERB,1
przemilczać,VERB,1
przemóc,VERB,1
przemycać,VERB,1
przemycić,VERB,1
przemykać,VERB,1
przeobrazić,VERB,1
przeobrażać,VERB,1
przeoczać,VERB,1
przepakować,VERB,1
przepłukać,VERB,1
przepłukiwać,VERB,1
przeprawiać,VERB,1
przeprawić,VERB,1
przeprogramować,VERB,1
przepytywać,VERB,1
przeredagować,VERB,1
przerosić,VERB,1
przerzuć,VERB,1
przesączać,VERB,1
przesiać,VERB,1
przesiadać,VERB,1
przesiąść,VERB,1
przesłyszeć,VERB,1
przesolić,VERB,1
przespacerować,VERB,1
przestępować,VERB,1
przestraszać,VERB,1
przestygnąć,VERB,1
przesypywać,VERB,1
przeszlifować,VERB,1
prześwietlać,VERB,1
przetransformować,VERB,1
przetrząsnąć,VERB,1
przewalać,VERB,1
przezimować,VERB,1
przyblaknąć,VERB,1
przychylić,VERB,1
przycupnąć,VERB,1
przyfruwać,VERB,1
przygasnąć,VERB,1
przyglądnąć,VERB,1
przygnać,VERB,1
przygryźć,VERB,1
przyklękać,VERB,1
przyklęknąć,VERB,1
przykręcać,VERB,1
przykucnąć,VERB,1
przylać,VERB,1
przylatywać,VERB,1
przyleźć,VERB,1
przyłapywać,VERB,1
przynależeć,VERB,1
przyozdabiać,VERB,1
przyozdób,VERB,1
przypasać,VERB,1
przypinać,VERB,1
przypodobać,VERB,1
przyporządkowywać,VERB,1
przyprzeć,VERB,1
przyrównywać,VERB,1
przyrumienić,VERB,1
przysłuchać,VERB,1
przystanąć,VERB,1
przystawiać,VERB,1
przystojnieć,VERB,1
przystopować,VERB,1
przystrajać,VERB,1
przyszykować,VERB,1
przyświadczać,VERB,1
przytaknąć,VERB,1
przytargać,VERB,1
przywdziać,VERB,1
przywdziewać,VERB,1
przywędrować,VERB,1
przywiesić,VERB,1
psioczyć,VERB,1
psocić,VERB,1
puknąć,VERB,1
pustoszeć,VERB,1
pyskować,VERB,1
reglamentować,VERB,1
renegocjować,VERB,1
reorganizować,VERB,1
reperować,VERB,1
retuszować,VERB,1
rewolucjonizować,VERB,1
ręczyć,VERB,1
rościć,VERB,1
rozbeczeć,VERB,1
rozbiec,VERB,1
rozbłyskiwać,VERB,1
rozboleć,VERB,1
rozbrajać,VERB,1
rozbujać,VERB,1
rozchmurzyć,VERB,1
rozcierać,VERB,1
rozczulać,VERB,1
rozczulić,VERB,1
rozdeptać,VERB,1
rozdwajać,VERB,1
rozdysponować,VERB,1
rozdziel,VERB,1
rozdzwonić,VERB,1
rozesłać,VERB,1
rozgałęziać,VERB,1
rozgłaszać,VERB,1
rozgonić,VERB,1
rozgościć,VERB,1
rozgotować,VERB,1
rozgraniczać,VERB,1
rozgraniczyć,VERB,1
rozgryzać,VERB,1
rozgrzebywać,VERB,1
rozgrzeszać,VERB,1
rozjeżdżać,VERB,1
rozkleić,VERB,1
rozkruszyć,VERB,1
rozkulbaczy,VERB,1
rozkurczać,VERB,1
rozkwitać,VERB,1
rozlegać,VERB,1
rozlegnąć,VERB,1
rozleniwiać,VERB,1
rozmarzać,VERB,1
rozmasowywać,VERB,1
rozmieniać,VERB,1
rozmieść,VERB,1
rozmoknąć,VERB,1
rozmontowywać,VERB,1
rozmrozić,VERB,1
rozmyć,VERB,1
rozniecać,VERB,1
rozochocić,VERB,1
rozpętywać,VERB,1
rozpleć,VERB,1
rozpłaszczyć,VERB,1
rozpowiadać,VERB,1
rozpracowywać,VERB,1
rozpuść,VERB,1
rozpytywać,VERB,1
rozregulować,VERB,1
rozregulowywać,VERB,1
rozrysować,VERB,1
rozrzedzić,VERB,1
rozsadzać,VERB,1
rozsądzić,VERB,1
rozsławić,VERB,1
rozsmarowywać,VERB,1
rozstąpić,VERB,1
rozstępować,VERB,1
rozśmieszyć,VERB,1
roztopić,VERB,1
roztrącać,VERB,1
roztrzaskiwać,VERB,1
rozumować,VERB,1
rozwierać,VERB,1
rozwieszać,VERB,1
rozwścieczyć,VERB,1
rugować,VERB,1
sadowić,VERB,1
sadzać,VERB,1
salwować,VERB,1
sapnąć,VERB,1
scalić,VERB,1
schwycić,VERB,1
schylać,VERB,1
schylić,VERB,1
segmentować,VERB,1
sekwencjonować,VERB,1
sfalsyfikować,VERB,1
sfaulować,VERB,1
siepać,VERB,1
siodłać,VERB,1
skaleczyć,VERB,1
skapitulować,VERB,1
skierowywać,VERB,1
sklecić,VERB,1
sklejać,VERB,1
sklonować,VERB,1
skonkretyzować,VERB,1
skopać,VERB,1
skrada,VERB,1
skradać,VERB,1
skrapiać,VERB,1
skremować,VERB,1
skrobać,VERB,1
skropić,VERB,1
skrzywić,VERB,1
skserować,VERB,1
skuć,VERB,1
słaniać,VERB,1
smęcić,VERB,1
smuć,VERB,1
socjalizować,VERB,1
spacyfikować,VERB,1
spamiętać,VERB,1
spartaczyć,VERB,1
spełznąć,VERB,1
spenetrować,VERB,1
spęcznieć,VERB,1
spieprzyć,VERB,1
spleśniać,VERB,1
splunąć,VERB,1
spłonić,VERB,1
spoglądnąć,VERB,1
spoić,VERB,1
spoliczkować,VERB,1
spoważnieć,VERB,1
spsocić,VERB,1
spudłować,VERB,1
spychać,VERB,1
stacjonować,VERB,1
staczać,VERB,1
staranować,VERB,1
stepować,VERB,1
stępić,VERB,1
strącać,VERB,1
strofować,VERB,1
strzel,VERB,1
stygmatyzować,VERB,1
suwać,VERB,1
sympatyzować,VERB,1
synchronizować,VERB,1
sypnąć,VERB,1
szafować,VERB,1
szargać,VERB,1
szarzeć,VERB,1
szastać,VERB,1
szczytować,VERB,1
szeleścić,VERB,1
szepnąć,VERB,1
szermować,VERB,1
szlajać,VERB,1
szlochać,VERB,1
szmuglować,VERB,1
szpanować,VERB,1
szpiegować,VERB,1
szpikować,VERB,1
szprycować,VERB,1
szturchnąć,VERB,1
szumieć,VERB,1
szydełkować,VERB,1
ściekać,VERB,1
ścielić,VERB,1
ścierpnąć,VERB,1
ślepnąć,VERB,1
ślimaczyć,VERB,1
śmigać,VERB,1
świerzbić,VERB,1
świrować,VERB,1
świtać,VERB,1
tagować,VERB,1
tańcować,VERB,1
teleportować,VERB,1
temperować,VERB,1
tleć,VERB,1
tłamsić,VERB,1
tonizować,VERB,1
transcendować,VERB,1
transformować,VERB,1
trącać,VERB,1
trącić,VERB,1
truchtać,VERB,1
trymować,VERB,1
tryumfować,VERB,1
trzebi,VERB,1
trzeć,VERB,1
trzeszczeć,VERB,1
trzeźwieć,VERB,1
tułać,VERB,1
tumanić,VERB,1
tupać,VERB,1
tuszować,VERB,1
twardnieć,VERB,1
tyrać,VERB,1
uatrakcyjnić,VERB,1
ubarwiać,VERB,1
ubić,VERB,1
ubiec,VERB,1
ubodnąć,VERB,1
ubogać,VERB,1
ubożeć,VERB,1
ubóstwiać,VERB,1
ubruttowić,VERB,1
ucałować,VERB,1
ucapić,VERB,1
uchwalać,VERB,1
ucieleśnić,VERB,1
uciszać,VERB,1
uciułać,VERB,1
uczepić,VERB,1
uczłowieczać,VERB,1
udaremniać,VERB,1
ufarbować,VERB,1
ugięć,VERB,1
ugnieść,VERB,1
ugodzić,VERB,1
ujadać,VERB,1
ujarzmiać,VERB,1
ujarzmić,VERB,1
ukisić,VERB,1
uklęknąć,VERB,1
ukłonić,VERB,1
ukoić,VERB,1
ukorzyć,VERB,1
ukroić,VERB,1
ukrócić,VERB,1
ukucnąć,VERB,1
uląc,VERB,1
ulecieć,VERB,1
ułaskawić,VERB,1
umiejscawiać,VERB,1
umoczyć,VERB,1
unerwiać,VERB,1
unieszkodliwiać,VERB,1
unieśmiertelnić,VERB,1
uniezależnić,VERB,1
upamiętnić,VERB,1
upchnąć,VERB,1
upiększyć,VERB,1
upodabniać,VERB,1
uprać,VERB,1
uprasować,VERB,1
uprość,VERB,1
uprzątnąć,VERB,1
uprzyjemniać,VERB,1
uprzyjemnić,VERB,1
uprzykrzyć,VERB,1
uprzytomnić,VERB,1
upuść,VERB,1
uraczyć,VERB,1
uradzić,VERB,1
urastać,VERB,1
urealnić,VERB,1
urobić,VERB,1
urozmaić,VERB,1
uróżować,VERB,1
urżnąć,VERB,1
usankcjonować,VERB,1
uskładać,VERB,1
usłuchać,VERB,1
ustosunkowywać,VERB,1
ususzyć,VERB,1
usychać,VERB,1
usypać,VERB,1
uszczypnąć,VERB,1
uśmiercić,VERB,1
uświęcać,VERB,1
utkać,VERB,1
utorować,VERB,1
utrafić,VERB,1
utyskiwać,VERB,1
uwiarygadniać,VERB,1
uwiarygodniać,VERB,1
uwierzytelni,VERB,1
uwijać,VERB,1
uwinąć,VERB,1
uwłaczać,VERB,1
uwsteczniać,VERB,1
uwypuklić,VERB,1
uzdalniać,VERB,1
uzewnętrzniać,VERB,1
uzmysławiać,VERB,1
użerać,VERB,1
użyźnić,VERB,1
wabić,VERB,1
wadzić,VERB,1
wałęsać,VERB,1
wałować,VERB,1
watro,VERB,1
wbiegać,VERB,1
wczuwać,VERB,1
wczytywać,VERB,1
wdeptać,VERB,1
wdzierać,VERB,1
wegetować,VERB,1
wertować,VERB,1
wessać,VERB,1
wgłębić,VERB,1
wgrać,VERB,1
wgryzać,VERB,1
więzić,VERB,1
wilgotnieć,VERB,1
wklepać,VERB,1
wklepywać,VERB,1
wkrocz,VERB,1
wlatywać,VERB,1
wlecieć,VERB,1
włazić,VERB,1
wnerwić,VERB,1
wpędzić,VERB,1
wpiąć,VERB,1
wpierać,VERB,1
wplatać,VERB,1
wpoić,VERB,1
wprosić,VERB,1
wrabiać,VERB,1
wrastać,VERB,1
wrzasnąć,VERB,1
wskórać,VERB,1
wsmarowywać,VERB,1
współprowadzić,VERB,1
współzawodniczyć,VERB,1
wstrzelić,VERB,1
wsypywać,VERB,1
wsysać,VERB,1
wściubić,VERB,1
wtajemniczać,VERB,1
wybałuszać,VERB,1
wybarwiać,VERB,1
wyblaknąć,VERB,1
wybraniać,VERB,1
wybrzydzać,VERB,1
wybujać,VERB,1
wyceń,VERB,1
wychładzać,VERB,1
wyczarowywać,VERB,1
wyczołgać,VERB,1
wydeptać,VERB,1
wydłubać,VERB,1
wydmuchać,VERB,1
wydrążyć,VERB,1
wydzierać,VERB,1
wydziwiać,VERB,1
wydzwaniać,VERB,1
wyewoluować,VERB,1
wygonić,VERB,1
wygrzebać,VERB,1
wygrzewać,VERB,1
wykiełkować,VERB,1
wyklarować,VERB,1
wyklaskiwać,VERB,1
wykluć,VERB,1
wykluwać,VERB,1
wykosztować,VERB,1
wykpić,VERB,1
wykraść,VERB,1
wykroczyć,VERB,1
wykroić,VERB,1
wykruszać,VERB,1
wykruszyć,VERB,1
wykrzesać,VERB,1
wykrztusić,VERB,1
wykrzyczeć,VERB,1
wykrzywiać,VERB,1
wyleasingować,VERB,1
wyleżeć,VERB,1
wylęgnąć,VERB,1
wyłudzać,VERB,1
wyłuskać,VERB,1
wymeldować,VERB,1
wymiatać,VERB,1
wymiąć,VERB,1
wymierzać,VERB,1
wymieść,VERB,1
wymiękać,VERB,1
wyminąć,VERB,1
wymoczyć,VERB,1
wymodzić,VERB,1
wymontowywać,VERB,1
wymordować,VERB,1
wymóc,VERB,1
wymsknąć,VERB,1
wynajdować,VERB,1
wyniuchać,VERB,1
wynudzić,VERB,1
wyolbrzymiać,VERB,1
wypacać,VERB,1
wypakowywać,VERB,1
wyparowywać,VERB,1
wypastować,VERB,1
wypełzać,VERB,1
wypędzać,VERB,1
wypiąć,VERB,1
wypiękniać,VERB,1
wypompowywać,VERB,1
wyprężać,VERB,1
wypromieniować,VERB,1
wypróżnić,VERB,1
wypruć,VERB,1
wyprzątnąć,VERB,1
wypuść,VERB,1
wypychać,VERB,1
wypytać,VERB,1
wyreżyserować,VERB,1
wyręczyć,VERB,1
wyrosić,VERB,1
wyryć,VERB,1
wysiać,VERB,1
wysiedzieć,VERB,1
wysiorbać,VERB,1
wyskalować,VERB,1
wysławiać,VERB,1
wysnuć,VERB,1
wysondować,VERB,1
wyspowiadać,VERB,1
wysprzedać,VERB,1
wystać,VERB,1
wystrzelać,VERB,1
wystudzić,VERB,1
wyswobodzić,VERB,1
wyszaleć,VERB,1
wyszczególniać,VERB,1
wyszczotkować,VERB,1
wyszczuplić,VERB,1
wyszydełkować,VERB,1
wyściełać,VERB,1
wyświadczać,VERB,1
wytargować,VERB,1
wytłaczać,VERB,1
wytracać,VERB,1
wytracić,VERB,1
wytrawić,VERB,1
wytrącać,VERB,1
wytrącić,VERB,1
wytresować,VERB,1
wytyczać,VERB,1
wywalić,VERB,1
wywąchać,VERB,1
wywiać,VERB,1
wywiedzieć,VERB,1
wywietrzyć,VERB,1
wywijać,VERB,1
wywinąć,VERB,1
wywnioskować,VERB,1
wyzionąć,VERB,1
wyżerać,VERB,1
wzdrygnąć,VERB,1
wzniecać,VERB,1
wzniecić,VERB,1
wżynać,VERB,1
zaadresować,VERB,1
zaanektować,VERB,1
zabarykadować,VERB,1
zabetonować,VERB,1
zabliźnić,VERB,1
zabrnąć,VERB,1
zabrzęczeć,VERB,1
zachichotać,VERB,1
zacieśnić,VERB,1
zacinać,VERB,1
zaczaić,VERB,1
zaczarować,VERB,1
zaczerwienić,VERB,1
zadedykować,VERB,1
zadekretować,VERB,1
zadenuncjować,VERB,1
zadokumentować,VERB,1
zadołować,VERB,1
zadrapać,VERB,1
zadręczać,VERB,1
zadudnić,VERB,1
zadysponować,VERB,1
zadziać,VERB,1
zagapić,VERB,1
zagarniać,VERB,1
zagasnąć,VERB,1
zagęgać,VERB,1
zagiąć,VERB,1
zagniatać,VERB,1
zagnieść,VERB,1
zagnieździć,VERB,1
zagnieżdżać,VERB,1
zagospodarowywać,VERB,1
zagracać,VERB,1
zagracić,VERB,1
zagradzać,VERB,1
zagrzać,VERB,1
zagrzebywać,VERB,1
zagrzewać,VERB,1
zahandlować,VERB,1
zainkasować,VERB,1
zainscenizować,VERB,1
zainterweniować,VERB,1
zaiwaniać,VERB,1
zakasłać,VERB,1
zakatrupić,VERB,1
zakażać,VERB,1
zakiełkować,VERB,1
zakląć,VERB,1
zakombinować,VERB,1
zakorzeniać,VERB,1
zakosztować,VERB,1
zakrawać,VERB,1
zakręć,VERB,1
zakrzewić,VERB,1
zakupywać,VERB,1
zakurzyć,VERB,1
zalec,VERB,1
zalesiać,VERB,1
zaludniać,VERB,1
zamajaczyć,VERB,1
zamęczyć,VERB,1
zamoczyć,VERB,1
zamortyzować,VERB,1
zamrugać,VERB,1
zamydlić,VERB,1
zanalizować,VERB,1
zaniemówić,VERB,1
zanocować,VERB,1
zanurkować,VERB,1
zaogniać,VERB,1
zaordynować,VERB,1
zapachnieć,VERB,1
zapaskudzić,VERB,1
zapętlać,VERB,1
zapiać,VERB,1
zapijać,VERB,1
zapłonąć,VERB,1
zapobiegnąć,VERB,1
zapodać,VERB,1
zaprenumerować,VERB,1
zaprzestawać,VERB,1
zapunktować,VERB,1
zapuszkować,VERB,1
zapuść,VERB,1
zarastać,VERB,1
zarchiwizować,VERB,1
zardzewieć,VERB,1
zareklamować,VERB,1
zaręczać,VERB,1
zaroić,VERB,1
zarysowywać,VERB,1
zarżnąć,VERB,1
zaschnąć,VERB,1
zasiedzieć,VERB,1
zasięgać,VERB,1
zaskarbić,VERB,1
zasklepić,VERB,1
zassać,VERB,1
zastąp,VERB,1
zastopować,VERB,1
zastrzeż,VERB,1
zastygać,VERB,1
zasuwać,VERB,1
zasymilować,VERB,1
zaszaleć,VERB,1
zaszczebiotać,VERB,1
zaszeleścić,VERB,1
zaszyć,VERB,1
zaśmierdzieć,VERB,1
zaświadczyć,VERB,1
zatankować,VERB,1
zatoczyć,VERB,1
zatrać,VERB,1
zatrząść,VERB,1
zatwardzić,VERB,1
zatykać,VERB,1
zatytułować,VERB,1
zawadzać,VERB,1
zawalczyć,VERB,1
zawężać,VERB,1
zawiadywać,VERB,1
zawierzać,VERB,1
zawnioskować,VERB,1
zawozić,VERB,1
zawtórować,VERB,1
zazgrzytać,VERB,1
zażartować,VERB,1
zbijać,VERB,1
zdegenerować,VERB,1
zdetronizować,VERB,1
zdewaluować,VERB,1
zdezerterować,VERB,1
zdmuchnąć,VERB,1
zdrabniać,VERB,1
zdrowieć,VERB,1
zdychać,VERB,1
zdyskwalifikować,VERB,1
zelżeć,VERB,1
zeskoczyć,VERB,1
zeszywać,VERB,1
ześlizgnąć,VERB,1
zetrzeć,VERB,1
zezłomować,VERB,1
zezłościć,VERB,1
zeznać,VERB,1
zganiać,VERB,1
zganić,VERB,1
zgarniać,VERB,1
zgłębić,VERB,1
zgniatać,VERB,1
zgolić,VERB,1
zgrabić,VERB,1
zgrzeszyć,VERB,1
zgrzytać,VERB,1
zielenieć,VERB,1
ziewać,VERB,1
zipać,VERB,1
zjednać,VERB,1
zjeżyć,VERB,1
zlec,VERB,1
zlinczować,VERB,1
zlizywać,VERB,1
zlustrować,VERB,1
złazić,VERB,1
złupić,VERB,1
zmarnieć,VERB,1
zmatowieć,VERB,1
zmądrzeć,VERB,1
zmieć,VERB,1
zmiękczyć,VERB,1
zmilczeć,VERB,1
zmonopolizować,VERB,1
zmrużyć,VERB,1
zmykać,VERB,1
znamionować,VERB,1
zniechęć,VERB,1
znieczulić,VERB,1
zniżać,VERB,1
zradykalizować,VERB,1
zreferować,VERB,1
zrekultywować,VERB,1
zrestartować,VERB,1
zrewanżować,VERB,1
zrolować,VERB,1
zrosnąć,VERB,1
zrucić,VERB,1
zrządzić,VERB,1
zrzekać,VERB,1
zsiąść,VERB,1
zstąpić,VERB,1
zsyłać,VERB,1
zubażać,VERB,1
zutylizować,VERB,1
zwabiać,VERB,1
zwerbować,VERB,1
zwiać,VERB,1
zwidzieć,VERB,1
zwierać,VERB,1
zwieźć,VERB,1
zwiędnąć,VERB,1
zwyknąć,VERB,1
żalić,VERB,1
żreć,VERB,1
