bardzo,ADV,3493
tak,ADV,2386
jak,ADV,2229
dobrze,ADV,1278
zawsze,ADV,1059
często,ADV,881
teraz,ADV,836
kiedy,ADV,829
tam,ADV,754
tu,ADV,713
gdy,ADV,701
dlatego,ADV,665
dlaczego,ADV,664
wtedy,ADV,617
szybko,ADV,574
gdzie,ADV,522
nigdy,ADV,522
tutaj,ADV,506
dziś,ADV,490
coraz,ADV,366
późno,ADV,348
zbyt,ADV,337
wcześnie,ADV,324
dzisiaj,ADV,307
pewno,ADV,303
długo,ADV,293
obecnie,ADV,293
daleko,ADV,287
trudno,ADV,285
łatwo,ADV,282
nadal,ADV,282
trochę,ADV,274
potem,ADV,270
zupełnie,ADV,259
mało,ADV,243
zdrowie,ADV,238
następnie,ADV,231
inaczej,ADV,224
wciąż,ADV,216
znacznie,ADV,206
razem,ADV,204
źle,ADV,198
nieco,ADV,194
kiedyś,ADV,192
podobnie,ADV,186
zazwyczaj,ADV,181
zwykle,ADV,177
wówczas,ADV,167
całkowicie,ADV,164
jednocześnie,ADV,161
dużo,ADV,156
niezwykle,ADV,155
blisko,ADV,149
dodatkowo,ADV,149
wcale,ADV,146
mocno,ADV,144
wyłącznie,ADV,143
dokładnie,ADV,141
skąd,ADV,141
najpierw,ADV,138
ponownie,ADV,131
rano,ADV,131
rzeczywiście,ADV,130
samo,ADV,129
codziennie,ADV,122
nagle,ADV,121
tym,ADV,118
ciężko,ADV,116
ciągle,ADV,115
chętnie,ADV,112
wkrótce,ADV,108
wszędzie,ADV,108
całkiem,ADV,107
natychmiast,ADV,107
wraz,ADV,107
rzadko,ADV,105
ostatnio,ADV,102
na_przykład,ADV,99
doskonale,ADV,95
świetnie,ADV,95
równie,ADV,93
wiele,ADV,93
powoli,ADV,91
zgodnie,ADV,88
poniżej,ADV,87
wysoko,ADV,86
odpowiednio,ADV,85
stąd,ADV,81
dawno,ADV,80
gdzieś,ADV,79
zewnątrz,ADV,78
jakoś,ADV,77
wolno,ADV,77
wspólnie,ADV,77
jutro,ADV,76
zaraz,ADV,73
ostatecznie,ADV,72
bezpośrednio,ADV,71
regularnie,ADV,70
szczerze,ADV,69
spokojnie,ADV,68
samodzielnie,ADV,67
tyle,ADV,67
wyraźnie,ADV,67
osobiście,ADV,66
skutecznie,ADV,64
tak_zwany,ADV,64
poważnie,ADV,63
aktualnie,ADV,59
stopniowo,ADV,59
stale,ADV,57
ogólnie,ADV,55
stosunkowo,ADV,53
absolutnie,ADV,52
faktycznie,ADV,52
niezależnie,ADV,52
nigdzie,ADV,52
wyjątkowo,ADV,52
niedługo,ADV,50
początkowo,ADV,50
koniecznie,ADV,49
niedawno,ADV,49
pozytywnie,ADV,49
wczoraj,ADV,48
wielokrotnie,ADV,48
nowo,ADV,47
między_innymi,ADV,46
niekiedy,ADV,45
niekoniecznie,ADV,45
czemu,ADV,44
dotychczas,ADV,44
darmo,ADV,43
bezpiecznie,ADV,42
kompletnie,ADV,42
miło,ADV,42
niewątpliwie,ADV,42
dotąd,ADV,41
lekko,ADV,40
specjalnie,ADV,39
głęboko,ADV,38
indywidualnie,ADV,38
kiedykolwiek,ADV,38
pięknie,ADV,38
wewnątrz,ADV,38
wystarczająco,ADV,38
automatycznie,ADV,37
dziennie,ADV,37
idealnie,ADV,37
krótko,ADV,37
odrobina,ADV,37
dosłownie,ADV,36
nawzajem,ADV,36
super,ADV,36
zimno,ADV,36
fajnie,ADV,35
nieustannie,ADV,35
powszechnie,ADV,35
prawidłowo,ADV,35
prosto,ADV,34
szeroko,ADV,33
normalnie,ADV,32
bieżąco,ADV,31
niewiele,ADV,31
przyjemnie,ADV,31
szczegółowo,ADV,31
wprost,ADV,31
indziej,ADV,30
ładnie,ADV,30
mimo,ADV,30
oficjalnie,ADV,30
ściśle,ADV,30
serdecznie,ADV,29
nisko,ADV,28
prawdopodobnie,ADV,28
stamtąd,ADV,28
wygodnie,ADV,28
żywo,ADV,28
niebawem,ADV,27
niezbyt,ADV,27
odwrotnie,ADV,27
przeważnie,ADV,27
równocześnie,ADV,27
słabo,ADV,27
swobodnie,ADV,27
częściowo,ADV,26
jasno,ADV,26
niejednokrotnie,ADV,26
powyżej,ADV,26
aktywnie,ADV,25
ile,ADV,25
niezmiernie,ADV,25
czysto,ADV,24
delikatnie,ADV,24
gorąco,ADV,24
naturalnie,ADV,24
niesamowicie,ADV,24
starannie,ADV,24
uważnie,ADV,24
właśnie,ADV,24
sprawnie,ADV,23
systematycznie,ADV,23
znacząco,ADV,23
fizycznie,ADV,22
i_tym_podobne,ADV,22
maksymalnie,ADV,22
niegdyś,ADV,22
prędko,ADV,22
strasznie,ADV,22
ciemno,ADV,21
dookoła,ADV,21
generalnie,ADV,21
słusznie,ADV,21
średnio,ADV,21
tanio,ADV,21
wspaniale,ADV,21
ciekawie,ADV,20
prawdziwie,ADV,20
śmiało,ADV,20
tradycyjnie,ADV,20
zwyczajnie,ADV,20
i_tak_dalej,ADV,19
nieraz,ADV,19
nierzadko,ADV,19
nieźle,ADV,19
obok,ADV,19
odkąd,ADV,19
osobno,ADV,19
wzajemnie,ADV,19
dokąd,ADV,18
głośno,ADV,18
korzystnie,ADV,18
ogromnie,ADV,18
różnie,ADV,18
bezpłatnie,ADV,17
intensywnie,ADV,17
jakże,ADV,17
wokół,ADV,17
zasadniczo,ADV,17
dziwnie,ADV,16
komfortowo,ADV,16
pomyślnie,ADV,16
prywatnie,ADV,16
publicznie,ADV,16
troszkę,ADV,16
wiecznie,ADV,16
błyskawicznie,ADV,15
cicho,ADV,15
finansowo,ADV,15
jednoznacznie,ADV,15
łącznie,ADV,15
negatywnie,ADV,15
niespodziewanie,ADV,15
ostrożnie,ADV,15
silnie,ADV,15
szczęśliwie,ADV,15
świadomie,ADV,15
efektywnie,ADV,14
istotnie,ADV,14
przykro,ADV,14
społecznie,ADV,14
znakomicie,ADV,14
cholernie,ADV,13
kilkukrotnie,ADV,13
możliwie,ADV,13
oddzielnie,ADV,13
precyzyjnie,ADV,13
profesjonalnie,ADV,13
przykładowo,ADV,13
przypadkowo,ADV,13
technicznie,ADV,13
gdziekolwiek,ADV,12
gwałtownie,ADV,12
naraz,ADV,12
pierwotnie,ADV,12
ręcznie,ADV,12
równo,ADV,12
świeżo,ADV,12
trzykrotnie,ADV,12
wysoce,ADV,12
celowo,ADV,11
dwukrotnie,ADV,11
et_cetera,ADV,11
ewentualnie,ADV,11
ledwo,ADV,11
mądrze,ADV,11
poprawnie,ADV,11
potencjalnie,ADV,11
serio,ADV,11
stanowczo,ADV,11
własnoręcznie,ADV,11
współcześnie,ADV,11
bezpowrotnie,ADV,10
chłodno,ADV,10
cierpliwie,ADV,10
czarno,ADV,10
nadzwyczaj,ADV,10
niebezpiecznie,ADV,10
nieznacznie,ADV,10
ostro,ADV,10
pieszo,ADV,10
pilnie,ADV,10
pozornie,ADV,10
psychicznie,ADV,10
realnie,ADV,10
samotnie,ADV,10
spontanicznie,ADV,10
surowo,ADV,10
totalnie,ADV,10
typowo,ADV,10
wesoło,ADV,10
wolnie,ADV,10
zależnie,ADV,10
atrakcyjnie,ADV,9
bezwzględnie,ADV,9
genetycznie,ADV,9
kilkakrotnie,ADV,9
konsekwentnie,ADV,9
młodo,ADV,9
nadmiernie,ADV,9
nareszcie,ADV,9
niełatwo,ADV,9
niemalże,ADV,9
niezwłocznie,ADV,9
odtąd,ADV,9
politycznie,ADV,9
rocznie,ADV,9
równolegle,ADV,9
seksualnie,ADV,9
standardowo,ADV,9
sztucznie,ADV,9
zaskakująco,ADV,9
błędnie,ADV,8
brutalnie,ADV,8
ciasno,ADV,8
cudownie,ADV,8
dowolnie,ADV,8
dynamicznie,ADV,8
każdorazowo,ADV,8
niepotrzebnie,ADV,8
obowiązkowo,ADV,8
pojedynczo,ADV,8
smutno,ADV,8
sucho,ADV,8
wstępnie,ADV,8
zawodowo,ADV,8
zdrowo,ADV,8
bacznie,ADV,7
chemicznie,ADV,7
ciężeo,ADV,7
ekonomicznie,ADV,7
harmonijnie,ADV,7
jakościowo,ADV,7
jednogłośnie,ADV,7
kiepsko,ADV,7
kompleksowo,ADV,7
ledwie,ADV,7
lewo,ADV,7
licznie,ADV,7
lokalnie,ADV,7
owszem,ADV,7
pełno,ADV,7
porządnie,ADV,7
przepięknie,ADV,7
słodko,ADV,7
telefonicznie,ADV,7
twardo,ADV,7
tymczasowo,ADV,7
wewnętrznie,ADV,7
wstecz,ADV,7
zbytnio,ADV,7
bezinteresownie,ADV,6
chwilowo,ADV,6
czegóż,ADV,6
dramatycznie,ADV,6
elegancko,ADV,6
ewidentnie,ADV,6
historycznie,ADV,6
instynktownie,ADV,6
interesująco,ADV,6
iście,ADV,6
jednakowo,ADV,6
masowo,ADV,6
miesięcznie,ADV,6
niechętnie,ADV,6
niejako,ADV,6
nielegalnie,ADV,6
nieprawidłowo,ADV,6
nieświadomie,ADV,6
optycznie,ADV,6
płynnie,ADV,6
podwójnie,ADV,6
pokrótce,ADV,6
poprzednio,ADV,6
pośrodku,ADV,6
prawnie,ADV,6
racjonalnie,ADV,6
równomiernie,ADV,6
ślepo,ADV,6
to_znaczy,ADV,6
umiejętnie,ADV,6
widocznie,ADV,6
wizualnie,ADV,6
wybitnie,ADV,6
biało,ADV,5
boso,ADV,5
byle,ADV,5
dobitnie,ADV,5
dobrowolnie,ADV,5
docelowo,ADV,5
dożywotnio,ADV,5
duchowo,ADV,5
dyskretnie,ADV,5
dzielnie,ADV,5
ekstremalnie,ADV,5
fantastycznie,ADV,5
formalnie,ADV,5
globalnie,ADV,5
godnie,ADV,5
identycznie,ADV,5
intuicyjnie,ADV,5
kolorowo,ADV,5
mężnie,ADV,5
nadto,ADV,5
naukowo,ADV,5
niebiesko,ADV,5
niedaleko,ADV,5
niedobrze,ADV,5
niesłychanie,ADV,5
nieśmiało,ADV,5
niezmiennie,ADV,5
obiecująco,ADV,5
obojętnie,ADV,5
okresowo,ADV,5
okropnie,ADV,5
paradoksalnie,ADV,5
perfekcyjnie,ADV,5
pochopnie,ADV,5
potocznie,ADV,5
potwornie,ADV,5
powtórnie,ADV,5
próżno,ADV,5
przedtem,ADV,5
przedwcześnie,ADV,5
przyzwoicie,ADV,5
punktualnie,ADV,5
radykalnie,ADV,5
relatywnie,ADV,5
rozsądnie,ADV,5
rzetelnie,ADV,5
solidnie,ADV,5
szczelnie,ADV,5
tędy,ADV,5
tragicznie,ADV,5
troszeczkę,ADV,5
wyżej_wymieniony,ADV,5
zabawnie,ADV,5
zdalnie,ADV,5
agresywnie,ADV,4
analogicznie,ADV,4
autentycznie,ADV,4
bezkarnie,ADV,4
bezproblemowo,ADV,4
chdocznie,ADV,4
chud,ADV,4
czasowo,ADV,4
drastycznie,ADV,4
dziesięciokrotnie,ADV,4
emocjonalnie,ADV,4
fachowo,ADV,4
fatalnie,ADV,4
gładko,ADV,4
gorzko,ADV,4
gruntownie,ADV,4
jakkolwiek,ADV,4
kategorycznie,ADV,4
logicznie,ADV,4
łagodnie,ADV,4
nader,ADV,4
natychmiastowo,ADV,4
nazajutrz,ADV,4
nerwowo,ADV,4
nieczęsto,ADV,4
nieoczekiwanie,ADV,4
nieodpłatnie,ADV,4
niesłusznie,ADV,4
niespiesznie,ADV,4
nieuchronnie,ADV,4
nieumyślnie,ADV,4
niewinnie,ADV,4
obiektywnie,ADV,4
odgórnie,ADV,4
odważnie,ADV,4
podświadomie,ADV,4
pośrednio,ADV,4
prężnie,ADV,4
proporcjonalnie,ADV,4
przesadnie,ADV,4
radośnie,ADV,4
rewelacyjnie,ADV,4
rodzinnie,ADV,4
sensownie,ADV,4
skrupulatnie,ADV,4
skutecznia,ADV,4
spoko,ADV,4
sprawiedliwie,ADV,4
stabilnie,ADV,4
sumiennie,ADV,4
ślicznie,ADV,4
śmiertelnie,ADV,4
tez,ADV,4
trafnie,ADV,4
trzeźwo,ADV,4
tymczasem,ADV,4
uczciwie,ADV,4
uparcie,ADV,4
włącznie,ADV,4
wpierw,ADV,4
wzdłuż,ADV,4
względnie,ADV,4
złośliwie,ADV,4
alfabetycznie,ADV,3
anonimowo,ADV,3
beocko,ADV,3
bezbłędnie,ADV,3
beznadziejnie,ADV,3
bezobjawowo,ADV,3
bezsprzecznie,ADV,3
bezstresowo,ADV,3
boleśnie,ADV,3
brzydko,ADV,3
chudnie,ADV,3
częstokroć,ADV,3
diametralnie,ADV,3
dostatecznie,ADV,3
doszczętnie,ADV,3
drogo,ADV,3
elektrycznie,ADV,3
etapowo,ADV,3
gęsto,ADV,3
głownie,ADV,3
groźnie,ADV,3
grzecznie,ADV,3
gustownie,ADV,3
kolejno,ADV,3
krwawo,ADV,3
krytycznie,ADV,3
legalnie,ADV,3
mailowo,ADV,3
matematycznie,ADV,3
mokro,ADV,3
momentalnie,ADV,3
nadzwyczajnie,ADV,3
nałogowo,ADV,3
nazbyt,ADV,3
niekorzystnie,ADV,3
nieoficjalnie,ADV,3
nieprzerwanie,ADV,3
nieskończenie,ADV,3
nieswojo,ADV,3
nietrudno,ADV,3
nieubłaganie,ADV,3
niewiarygodnie,ADV,3
niezaprzeczalnie,ADV,3
niezawodnie,ADV,3
obrzydliwie,ADV,3
odmiennie,ADV,3
odpowiedzialnie,ADV,3
okrągło,ADV,3
opcjonalnie,ADV,3
optymistycznie,ADV,3
oryginalnie,ADV,3
owocnie,ADV,3
ówdzie,ADV,3
pesymistycznie,ADV,3
pewnie,ADV,3
pod_tytułem,ADV,3
pomimo,ADV,3
potajemnie,ADV,3
priorytetowo,ADV,3
prochnie,ADV,3
przeciętnie,ADV,3
przekonująco,ADV,3
przewlekle,ADV,3
przewrotnie,ADV,3
pusto,ADV,3
realistycznie,ADV,3
rekordowo,ADV,3
rokrocznie,ADV,3
samoczynnie,ADV,3
sceptycznie,ADV,3
seksownie,ADV,3
siak,ADV,3
siedząco,ADV,3
skrajnie,ADV,3
słono,ADV,3
służbowo,ADV,3
smacznie,ADV,3
solidarnie,ADV,3
sporadycznie,ADV,3
sportowo,ADV,3
statystycznie,ADV,3
stojąco,ADV,3
strategicznie,ADV,3
stylowo,ADV,3
szalenie,ADV,3
śmiesznie,ADV,3
tajemniczo,ADV,3
taktycznie,ADV,3
tamtędy,ADV,3
technologicznie,ADV,3
terminowo,ADV,3
to_jest,ADV,3
to_znacmyj,ADV,3
umiarkowanie,ADV,3
warunkowo,ADV,3
wiarygodnie,ADV,3
wiernie,ADV,3
wpół,ADV,3
wszerz,ADV,3
wtem,ADV,3
zachęcająco,ADV,3
zadziwiająco,ADV,3
zajebiście,ADV,3
zanadto,ADV,3
zewnętrznie,ADV,3
zewsząd,ADV,3
znikąd,ADV,3
zwycięsko,ADV,3
abstrakcyjnie,ADV,2
absurdalnie,ADV,2
aczkolwiek,ADV,2
adekwatnie,ADV,2
alternatywnie,ADV,2
analitycznie,ADV,2
bajecznie,ADV,2
banalnie,ADV,2
barwnie,ADV,2
bezczynnie,ADV,2
bezgranicznie,ADV,2
bezkrytycznie,ADV,2
bezlitośnie,ADV,2
bezskutecznie,ADV,2
bezszelestnie,ADV,2
bezustannie,ADV,2
bezwarunkowo,ADV,2
biednie,ADV,2
blado,ADV,2
bogato,ADV,2
bujnie,ADV,2
cało,ADV,2
całościowo,ADV,2
celnie,ADV,2
cenowo,ADV,2
chirurgicznie,ADV,2
chłodnie,ADV,2
cienko,ADV,2
ciut,ADV,2
corocznie,ADV,2
cudnie,ADV,2
cyklicznie,ADV,2
cześnie,ADV,2
czo,ADV,2
czujnie,ADV,2
dermatologicznie,ADV,2
desperacko,ADV,2
długofalowo,ADV,2
długoterminowo,ADV,2
dobek,ADV,2
dokoła,ADV,2
domyślnie,ADV,2
donrze,ADV,2
dożylnie,ADV,2
drobno,ADV,2
dyscyplinarnie,ADV,2
efektownie,ADV,2
elastycznie,ADV,2
elektronicznie,ADV,2
empirycznie,ADV,2
energicznie,ADV,2
estetycznie,ADV,2
finalnie,ADV,2
funkcjonalnie,ADV,2
genialnie,ADV,2
geograficznie,ADV,2
głupio,ADV,2
gorączkowo,ADV,2
grubo,ADV,2
hipotetycznie,ADV,2
hojnie,ADV,2
ilekroć,ADV,2
ilościowo,ADV,2
imponująco,ADV,2
instrumentalnie,ADV,2
jappiecznie,ADV,2
jaśnie,ADV,2
klimatycznie,ADV,2
klinicznie,ADV,2
kojąco,ADV,2
komputerowo,ADV,2
kosmicznie,ADV,2
kreatywnie,ADV,2
którędy,ADV,2
kulturalnie,ADV,2
kusząco,ADV,2
lekceważąco,ADV,2
leżąco,ADV,2
losowo,ADV,2
madno,ADV,2
magicznie,ADV,2
mądro,ADV,2
mechanicznie,ADV,2
mentalnie,ADV,2
merytorycznie,ADV,2
miejscowo,ADV,2
miledo,ADV,2
minimalnie,ADV,2
mistrzowsko,ADV,2
modnie,ADV,2
momentami,ADV,2
moralnie,ADV,2
mozolnie,ADV,2
móko,ADV,2
mylnie,ADV,2
naiwnie,ADV,2
należycie,ADV,2
naprzeciwko,ADV,2
naprzemiennie,ADV,2
następująco,ADV,2
niebywale,ADV,2
nieładnie,ADV,2
niemile,ADV,2
niepokojąco,ADV,2
niepostrzeżenie,ADV,2
nieprzyjemnie,ADV,2
nieprzypadkowo,ADV,2
nierozerwalnie,ADV,2
nierówno,ADV,2
niespecjalnie,ADV,2
nieszczególnie,ADV,2
niewłaściwie,ADV,2
niezauważalnie,ADV,2
nowocześnie,ADV,2
nudno,ADV,2
ochoczo,ADV,2
odpłatnie,ADV,2
omal,ADV,2
operacyjnie,ADV,2
opornie,ADV,2
optymalnie,ADV,2
organicznie,ADV,2
ostentacyjnie,ADV,2
owak,ADV,2
permanentnie,ADV,2
piekielnie,ADV,2
pięciokrotnie,ADV,2
pobieżnie,ADV,2
podejrzanie,ADV,2
pogodnie,ADV,2
pojutrze,ADV,2
polubownie,ADV,2
pomału,ADV,2
poniekąd,ADV,2
popularnie,ADV,2
posłusznie,ADV,2
pospiesznie,ADV,2
pośpiesznie,ADV,2
potężnie,ADV,2
powierzchownie,ADV,2
pożytecznie,ADV,2
przerażająco,ADV,2
raptem,ADV,2
różnorako,ADV,2
różowo,ADV,2
rychło,ADV,2
samoistnie,ADV,2
schludnie,ADV,2
skromnie,ADV,2
słonecznie,ADV,2
sowicie,ADV,2
sprytnie,ADV,2
staro,ADV,2
statycznie,ADV,2
stosownie,ADV,2
straszliwie,ADV,2
stromo,ADV,2
sukcesywnie,ADV,2
swojsko,ADV,2
symbolicznie,ADV,2
szaro,ADV,2
ślisko,ADV,2
tako,ADV,2
takoż,ADV,2
tłoczno,ADV,2
troskliwie,ADV,2
twórczo,ADV,2
tygodniowo,ADV,2
ubogo,ADV,2
umysłowo,ADV,2
umyślnie,ADV,2
uporczywie,ADV,2
uprzejmie,ADV,2
usilnie,ADV,2
wnikliwie,ADV,2
wrogo,ADV,2
wstanie,ADV,2
wszechstronnie,ADV,2
wulkanicznie,ADV,2
wybiórczo,ADV,2
wydajnie,ADV,2
wyśmienicie,ADV,2
wzorowo,ADV,2
zachowawczo,ADV,2
zamiennie,ADV,2
zapobiegawczo,ADV,2
znajomo,ADV,2
zwięźle,ADV,2
akurat,ADV,1
ambulatoryjnie,ADV,1
anatomicznie,ADV,1
apetycznie,ADV,1
arogancko,ADV,1
astronomicznie,ADV,1
atletycznie,ADV,1
b.,ADV,1
baaardzo,ADV,1
babo,ADV,1
badzo,ADV,1
bakteriobójczo,ADV,1
bezapelacyjnie,ADV,1
bezboleśnie,ADV,1
bezczelnie,ADV,1
bezdyskusyjnie,ADV,1
bezgotówkowo,ADV,1
bezmyślnie,ADV,1
bezosobowo,ADV,1
bezpotomnie,ADV,1
bezprawnie,ADV,1
bezprzewodowo,ADV,1
bezradnie,ADV,1
bezrefleksyjnie,ADV,1
bezsensownie,ADV,1
bezsłownie,ADV,1
beztrosko,ADV,1
bezwiednie,ADV,1
bezzasadnie,ADV,1
bezzwłocznie,ADV,1
biologicznie,ADV,1
błogo,ADV,1
bojowo,ADV,1
brudno,ADV,1
burzliwie,ADV,1
bynajmniej,ADV,1
celująco,ADV,1
chaotycznie,ADV,1
chcznie,ADV,1
chężnie,ADV,1
chociażby,ADV,1
chronologicznie,ADV,1
cichutko,ADV,1
cieplutko,ADV,1
ciężej,ADV,1
cis,ADV,1
cyfrowo,ADV,1
cynicznie,ADV,1
czczęśłie,ADV,1
czerwono,ADV,1
czinnie,ADV,1
czołowo,ADV,1
czterokrotnie,ADV,1
czule,ADV,1
czymże,ADV,1
czynnie,ADV,1
czytelnie,ADV,1
dalejże,ADV,1
daremnie,ADV,1
decydująco,ADV,1
defensywnie,ADV,1
definitywnie,ADV,1
demokratycznie,ADV,1
deszczowo,ADV,1
dła,ADV,1
długotrwale,ADV,1
dobroczynnie,ADV,1
dogłębnie,ADV,1
dogodnie,ADV,1
domowo,ADV,1
doń,ADV,1
doprawdy,ADV,1
dostatnio,ADV,1
dostępnie,ADV,1
doświadczalnie,ADV,1
dot,ADV,1
dotkliwie,ADV,1
dowodnie,ADV,1
dożo,ADV,1
drapieżnie,ADV,1
drażniąco,ADV,1
drwiąco,ADV,1
dumnie,ADV,1
dwojako,ADV,1
dwustronnie,ADV,1
dyplomatycznie,ADV,1
dziecinnie,ADV,1
dziewięciokrotnie,ADV,1
dziwno,ADV,1
dżentelmeńsko,ADV,1
egoistycznie,ADV,1
egzotycznie,ADV,1
emocjonująco,ADV,1
entuzjastycznie,ADV,1
fajno,ADV,1
farmakologicznie,ADV,1
fenomenalnie,ADV,1
filozoficznie,ADV,1
frustrująco,ADV,1
futurystycznie,ADV,1
galowo,ADV,1
gdzieśmy,ADV,1
goręce,ADV,1
gorliwie,ADV,1
gospodarczo,ADV,1
graficznie,ADV,1
grawitacyjnie,ADV,1
grupowo,ADV,1
haniebnie,ADV,1
hierarchicznie,ADV,1
higienicznie,ADV,1
hm,ADV,1
hmmm,ADV,1
hobbystycznie,ADV,1
honorowo,ADV,1
hucznie,ADV,1
hurtowo,ADV,1
hydraulicznie,ADV,1
idiotycznie,ADV,1
ileż,ADV,1
impulsywnie,ADV,1
incydentalnie,ADV,1
intelektualnie,ADV,1
inteligentnie,ADV,1
intencjonalnie,ADV,1
intrygująco,ADV,1
ironicznie,ADV,1
jaleś,ADV,1
jawnie,ADV,1
jednako,ADV,1
jednie,ADV,1
jednolicie,ADV,1
jednomyślnie,ADV,1
jednostkowo,ADV,1
jednostronnie,ADV,1
jednosylabowo,ADV,1
jedwabiście,ADV,1
jeszcy,ADV,1
karygodnie,ADV,1
katorżniczo,ADV,1
każ,ADV,1
klasycznie,ADV,1
kobieco,ADV,1
komercyjnie,ADV,1
komisyjnie,ADV,1
koncepcyjnie,ADV,1
koncertowo,ADV,1
konno,ADV,1
konsumpcyjnie,ADV,1
kontekstowo,ADV,1
konwencjonalnie,ADV,1
króciutko,ADV,1
krótkoterminowo,ADV,1
krystalicznie,ADV,1
krzywo,ADV,1
kulturowo,ADV,1
kurczowo,ADV,1
kwitnąco,ADV,1
lękliwie,ADV,1
li,ADV,1
literalnie,ADV,1
lodowato,ADV,1
ładno,ADV,1
łagodząco,ADV,1
łapczywie,ADV,1
łaskawie,ADV,1
majestatycznie,ADV,1
makabrycznie,ADV,1
malowniczo,ADV,1
maszynowo,ADV,1
materialnie,ADV,1
medialnie,ADV,1
metodycznie,ADV,1
mębo,ADV,1
międzynarodowo,ADV,1
milcząco,ADV,1
mimowolnie,ADV,1
minimalistycznie,ADV,1
mistycznie,ADV,1
moczopędnie,ADV,1
motywująco,ADV,1
mrocznie,ADV,1
muzycznie,ADV,1
n,ADV,1
nadaremno,ADV,1
nagannie,ADV,1
nagminnie,ADV,1
najpewniej,ADV,1
najprzód,ADV,1
namacalnie,ADV,1
nastrojowo,ADV,1
natryskowo,ADV,1
nauczycielko,ADV,1
nawykowo,ADV,1
nędznie,ADV,1
niebanalnie,ADV,1
niebotycznie,ADV,1
niecałkowicie,ADV,1
niechlujnie,ADV,1
nieciekawie,ADV,1
niecierpliwie,ADV,1
niedemokratycznie,ADV,1
niedokładnie,ADV,1
niedorzecznie,ADV,1
niedostatecznie,ADV,1
niefortunnie,ADV,1
niegodnie,ADV,1
niegroźnie,ADV,1
niejedno,ADV,1
niekomfortowo,ADV,1
niekonwencjonalnie,ADV,1
niemało,ADV,1
niemniej,ADV,1
niemoralnie,ADV,1
nienagannie,ADV,1
nienaturalnie,ADV,1
nieodłącznie,ADV,1
nieodpowiednio,ADV,1
nieodwołalnie,ADV,1
nieodwracalnie,ADV,1
nieomal,ADV,1
nieopodal,ADV,1
nieostrożnie,ADV,1
niepewnie,ADV,1
niepodzielnie,ADV,1
nieporównywalnie,ADV,1
niepozornie,ADV,1
nieprzeciętnie,ADV,1
nieracjonalnie,ADV,1
nieskazitelnie,ADV,1
niespokojnie,ADV,1
niesprawiedliwie,ADV,1
niestandardowo,ADV,1
nieszablonowo,ADV,1
nieśpiesznie,ADV,1
nieufnie,ADV,1
nieuleczalnie,ADV,1
nieumiejętnie,ADV,1
niewerbalnie,ADV,1
niewygodnie,ADV,1
niewyobrażalnie,ADV,1
niewystarczająco,ADV,1
niezdarnie,ADV,1
niezgodnie,ADV,1
nieznośnie,ADV,1
niezręcznie,ADV,1
nostalgicznie,ADV,1
notorycznie,ADV,1
nowatorsko,ADV,1
obcesowo,ADV,1
obco,ADV,1
obficie,ADV,1
objawowo,ADV,1
objętościowo,ADV,1
obligatoryjnie,ADV,1
obłędnie,ADV,1
obsesyjnie,ADV,1
obszarowo,ADV,1
obszernie,ADV,1
obyczajowo,ADV,1
ochotniczo,ADV,1
oczywiści,ADV,1
odczuwalnie,ADV,1
oddolnie,ADV,1
odkażająco,ADV,1
odświeżająco,ADV,1
ofensywnie,ADV,1
ojoje,ADV,1
okazale,ADV,1
około,ADV,1
okrutnie,ADV,1
omyłkowo,ADV,1
oni,ADV,1
organizacyjnie,ADV,1
orientacyjnie,ADV,1
oszałamiająco,ADV,1
owocowo,ADV,1
ówcześnie,ADV,1
paralelnie,ADV,1
paskudnie,ADV,1
patriotycznie,ADV,1
perfidnie,ADV,1
personalnie,ADV,1
perspektywicznie,ADV,1
pewię,ADV,1
pięko,ADV,1
pionowo,ADV,1
płasko,ADV,1
płyno,ADV,1
pobłażliwie,ADV,1
pobudzająco,ADV,1
pociągająco,ADV,1
podejrzliwie,ADV,1
podłużnie,ADV,1
pokojowo,ADV,1
pokornie,ADV,1
pomyłkowo,ADV,1
ponuro,ADV,1
pospolicie,ADV,1
potrójnie,ADV,1
potrzebnie,ADV,1
potwierdzająco,ADV,1
powolutku,ADV,1
pozajelitowo,ADV,1
poziomo,ADV,1
pozypemnie,ADV,1
pólno,ADV,1
półno,ADV,1
pragmatycznie,ADV,1
prektywnie,ADV,1
prensownie,ADV,1
prestiżowo,ADV,1
prewencyjnie,ADV,1
prężno,ADV,1
prnmicznie,ADV,1
procentowo,ADV,1
profilaktycznie,ADV,1
protokolarnie,ADV,1
pruzoastyczna,ADV,1
przedpremierowo,ADV,1
przedwczoraj,ADV,1
przenigdy,ADV,1
przeto,ADV,1
przezeń,ADV,1
przychylnie,ADV,1
przyjaźnie,ADV,1
przykładnie,ADV,1
przymusowo,ADV,1
przyrodniczo,ADV,1
przysłowiowo,ADV,1
przystępnie,ADV,1
przyszłościowo,ADV,1
przytulnie,ADV,1
pytająco,ADV,1
raptownie,ADV,1
raźno,ADV,1
refleksyjnie,ADV,1
regulująco,ADV,1
restrykcyjnie,ADV,1
romantycznie,ADV,1
rozkurczowo,ADV,1
rozpaczliwie,ADV,1
roztropnie,ADV,1
rozważnie,ADV,1
równiutko,ADV,1
równoważnie,ADV,1
rutynowo,ADV,1
ryczałtowo,ADV,1
rygorystycznie,ADV,1
rzeczowo,ADV,1
rzekomo,ADV,1
samowolnie,ADV,1
scenicznie,ADV,1
schematycznie,ADV,1
sejsmicznie,ADV,1
sekwencyjnie,ADV,1
sennie,ADV,1
sezonowo,ADV,1
siłowo,ADV,1
skakikatnie,ADV,1
skądinąd,ADV,1
skądś,ADV,1
skibno,ADV,1
składnie,ADV,1
skokowo,ADV,1
skoporznie,ADV,1
skronnie,ADV,1
skrzystno,ADV,1
sktzechnie,ADV,1
smakowicie,ADV,1
soczyście,ADV,1
sprawiedliwo,ADV,1
starze,ADV,1
stromie,ADV,1
strukturalnie,ADV,1
stylistycznie,ADV,1
stymulująco,ADV,1
subiektywnie,ADV,1
subtelnie,ADV,1
surrealistycznie,ADV,1
symultanicznie,ADV,1
syntetycznie,ADV,1
szczątkowo,ADV,1
szcze,ADV,1
szczuple,ADV,1
szeregowo,ADV,1
szkodliwie,ADV,1
szno,ADV,1
sztywno,ADV,1
szybciutko,ADV,1
szybo,ADV,1
szykownie,ADV,1
ścisło,ADV,1
śpiesznie,ADV,1
środowiskowo,ADV,1
światopoglądowo,ADV,1
świątecznie,ADV,1
tamże,ADV,1
taż,ADV,1
telegraficznie,ADV,1
telepatycznie,ADV,1
tematycznie,ADV,1
teoretycznie,ADV,1
terminalnie,ADV,1
tłumnie,ADV,1
trójbocznie,ADV,1
trwale,ADV,1
trwożnie,ADV,1
turystycznie,ADV,1
twierdząco,ADV,1
tyko,ADV,1
ukośnie,ADV,1
umiarkowano,ADV,1
uniwersalnie,ADV,1
uprzednio,ADV,1
uroczo,ADV,1
uroczyście,ADV,1
ustnie,ADV,1
uznaniowo,ADV,1
wartko,ADV,1
wartownie,ADV,1
ważnie,ADV,1
wąsko,ADV,1
wątpliwie,ADV,1
wdzięcznie,ADV,1
wiekowo,ADV,1
wielce,ADV,1
wielokierunkowo,ADV,1
wielokroć,ADV,1
wietrznie,ADV,1
wirtualnie,ADV,1
wizerunkowo,ADV,1
wnet,ADV,1
wokoło,ADV,1
wszelako,ADV,1
wściekle,ADV,1
wtenczas,ADV,1
wtórnie,ADV,1
wybornie,ADV,1
wymijająco,ADV,1
wystrzałowo,ADV,1
wytrwale,ADV,1
zaiste,ADV,1
zajefajnie,ADV,1
zarobkowo,ADV,1
zastępczo,ADV,1
zauważalnie,ADV,1
zawczasu,ADV,1
zawszę,ADV,1
zawzięcie,ADV,1
zbędnie,ADV,1
zbiorowo,ADV,1
zbrojnie,ADV,1
zdrobniale,ADV,1
zdrowotnie,ADV,1
zdumiewająco,ADV,1
zespołowo,ADV,1
zielono,ADV,1
znaczni,ADV,1
zob,ADV,1
zręcznie,ADV,1
żałośnie,ADV,1
